population,timepoint,n_synf,n_ctrlf,p_value,cohens_d,d_ci_lower,d_ci_upper,p_fdr
Eosinophils,V1,43,41,0.04271817396108117,0.4241363139156643,-0.008588711012107175,0.8568613388434358,0.5766953484745958
Eosinophils,V3,40,42,0.3204450336574497,0.17069450170993994,-0.26313292566496904,0.6045219290848489,0.707085098945143
Eosinophils,V5,41,41,0.21867788646791578,-0.3069674308827075,-0.7424643428444357,0.12852948107902074,0.843471847804818
Neutrophils,V1,43,41,0.9361546025248264,0.05917809501841312,-0.3687461145950085,0.4871023046318348,0.9361546025248264
Neutrophils,V3,40,42,0.11405840874185175,-0.28271564537283533,-0.7179463212395003,0.15251503049382958,0.7015410249080571
Neutrophils,V5,41,41,0.09895895084733092,0.4444893014607508,0.0061529062146746805,0.8828256967068269,0.6679729182194837
B.cells,V1,43,41,0.12419939666604261,-0.36072140665371494,-0.7920972010065566,0.07065438769912674,0.620957416865446
B.cells,V3,40,42,0.5210953780379135,-0.03414613879519012,-0.46719886230276203,0.3989065847123818,0.7116091982793058
B.cells,V5,41,41,0.9999999999999993,-0.02909088890799635,-0.4620059396161424,0.40382416180014974,0.9999999999999993
NK,V1,43,41,0.01592806884855386,0.4934884614895922,0.059044382466261314,0.9279325405129231,0.4300578589109542
NK,V3,40,42,0.0998185719708333,0.36291794644857833,-0.07373868091614183,0.7995745738132984,0.7015410249080571
NK,V5,41,41,0.7678587197017994,0.00760123867672536,-0.4252919458629644,0.44049442321641513,0.976659841537096
CD56bright.CD16neg.NK,V1,43,41,0.9008337872927444,0.051917979562847806,-0.375984153821816,0.47982011294751165,0.9354812406501578
CD56bright.CD16neg.NK,V3,40,42,0.19562504671648875,0.2220811957980985,-0.21230439471785387,0.6564667863140509,0.7015410249080571
CD56bright.CD16neg.NK,V5,41,41,0.8464168650825652,0.019920013992738104,-0.4129825723777621,0.45282260036323835,0.976659841537096
CD56dim.CD16pos.NK,V1,43,41,0.21809942276110877,0.14692353483997886,-0.28149535718865903,0.5753424268686167,0.6401521233386631
CD56dim.CD16pos.NK,V3,40,42,0.3877150570753363,0.13292913862384587,-0.3005808694609875,0.5664391467086792,0.707085098945143
CD56dim.CD16pos.NK,V5,41,41,0.34605879698534053,-0.2605930770011811,-0.6953638339311752,0.17417767992881295,0.976659841537096
CD123pos,V1,43,41,0.4174311959579412,-0.10818210547424752,-0.5363307246676751,0.31996651371918006,0.6711554852066887
CD123pos,V3,40,42,0.23461134176391835,-0.22963617776038237,-0.6641160743881569,0.2048437188673921,0.7015410249080571
CD123pos,V5,41,41,0.6512063796148355,-0.13343158272103456,-0.5668166259395457,0.29995346049747657,0.976659841537096
Basophils,V1,43,41,0.44886616978083654,-0.1070653735211565,-0.5352074171340261,0.32107667009171303,0.6732992546712548
Basophils,V3,40,42,0.7713200835785734,0.026078455571634143,-0.40696079845483996,0.4591177095981082,0.8677350940258951
Basophils,V5,41,41,0.4771990070299759,-0.2724240399503896,-0.70736888781138485,0.1625208079106057,0.976659841537096
pDCs,V1,43,41,0.6970094053808145,0.05950048254967601,-0.3684247742440841,0.4874257393434361,0.8182284324035649
pDCs,V3,40,42,0.285813010147727,-0.18302910739065992,-0.6169772533284683,0.25091903854714853,0.7015410249080571
pDCs,V5,41,41,0.6197493430025978,0.1941157299602285,-0.23981956563027487,0.6280510255507319,0.976659841537096
mDCs,V1,43,41,0.49277373398981816,0.3089428896984343,-0.12149044241733375,0.7393762218142024,0.67775235813773
mDCs,V3,40,42,0.6678277419020192,0.17025065124036579,-0.26357258850302967,0.6040738909837613,0.7839716970154139
mDCs,V5,41,41,0.8681420813663075,0.03807006528897267,-0.39486170804422216,0.4710018386221675,0.976659841537096
Classical.monocytes,V1,43,41,0.5155521472364053,-0.32532046907257367,-0.756036360234879,0.10539542208973163,0.67775235813773
Classical.monocytes,V3,40,42,0.5639753848455666,0.047559387809233834,-0.38552371596470847,0.4806424915831762,0.7251112090871572
Classical.monocytes,V5,41,41,0.6183019731515813,0.09736565569214539,-0.3357887491725971,0.5305200605568878,0.976659841537096
Intermediate.monocytes,V1,43,41,0.25349001047333825,-0.37325245990508005,-0.8048779005097523,0.05837298069959218,0.6401521233386631
Intermediate.monocytes,V3,40,42,0.8644745623089005,-0.1265838763761276,-0.5600482813364958,0.3068805285842405,0.9336325272936126
Intermediate.monocytes,V5,41,41,0.8176312985484684,-0.23208671115330246,-0.6664694944096021,0.2022960721029972,0.976659841537096
Nonclassical.monocytes,V1,43,41,0.7351506820474988,-0.07014937435375194,-0.49811241686400054,0.3578136681564966,0.8270445173034361
Nonclassical.monocytes,V3,40,42,0.46285462783662457,0.192833736418489,-0.24121634699676903,0.626883819833747,0.7116091982793058
Nonclassical.monocytes,V5,41,41,0.6984123660728777,0.23418844612696477,-0.2002214200969588,0.6685983123508883,0.976659841537096
T.cells,V1,43,41,0.4174311959579412,-0.1801861530212333,-0.6089023956602573,0.24853008961779066,0.6711554852066887
T.cells,V3,40,42,0.9448368459743919,-0.06602969569489815,-0.4991709525188115,0.3671115611290152,0.9448368459743919
T.cells,V5,41,41,0.033974207947603294,-0.4560568102384618,-0.894678411814716,-0.017435208662207546,0.30576787152842966
CD4T,V1,43,41,0.12200807163421246,-0.35532703517420633,-0.7865979432711707,0.075943872922758,0.620957416865446
CD4T,V3,40,42,0.2420130063595591,-0.25863925130499077,-0.6935102642558018,0.17623176164582022,0.7015410249080571
CD4T,V5,41,41,0.030909859262107927,-0.44804874577761117,-0.8864721412690411,-0.009625350286181222,0.30576787152842966
CD4T.TCM,V1,43,41,0.3179774125208588,-0.2038782574186266,-0.6328430136849658,0.22508649884771256,0.6604146260048607
CD4T.TCM,V3,40,42,0.3928250549695239,-0.15485203331832786,-0.5885367184428277,0.278832651806172,0.707085098945143
CD4T.TCM,V5,41,41,0.3228522353484282,-0.3266461616968683,-0.7624866532613856,0.10919432986764915,0.976659841537096
CD4T.Naive,V1,43,41,0.07940157421947393,-0.3574437925544649,-0.7887556727780107,0.07386808766908087,0.620957416865446
CD4T.Naive,V3,40,42,0.26122296517149723,-0.2664798799594584,-0.701464538787891,0.1685047788689742,0.7015410249080571
CD4T.Naive,V5,41,41,0.02946778701695241,-0.39025651005218537,-0.8273512919930941,0.046838271888723415,0.30576787152842966
CD4T.TEMRA,V1,43,41,0.42257937957458175,0.22132848931328716,-0.20783880915129974,0.6504957877778741,0.6711554852066887
CD4T.TEMRA,V3,40,42,0.4973604839100454,0.23158259817172372,-0.20292210256957732,0.6660872989130248,0.7116091982793058
CD4T.TEMRA,V5,41,41,0.4012994224501486,-0.33652498405624703,-0.7725458918110539,0.09949592369855986,0.976659841537096
CD4T.TEM,V1,43,41,0.8720338723008032,0.10878134163366052,-0.3193708340902197,0.5369335173575407,0.9354812406501578
CD4T.TEM,V3,40,42,0.9008814563365863,0.1108032634178674,-0.32255737872296625,0.5441639055587011,0.9355307431187628
CD4T.TEM,V5,41,41,0.45813271046599485,-0.26273514072772824,-0.6975368499572556,0.1720665685017992,0.976659841537096
Tregs,V1,43,41,0.13799053708121023,-0.4075202182752067,-0.8398710575897285,0.024830621039315104,0.620957416865446
Tregs,V3,40,42,0.5271179246513376,-0.142466221649827,-0.5760489572567444,0.2911165139570904,0.7116091982793058
Tregs,V5,41,41,0.12827326907391762,-0.40495611931145126,-0.8423718355945223,0.03245959697161982,0.6926756529991552
CD8T,V1,43,41,0.372766886625933,0.21352448509486682,-0.21555019044628343,0.6425991606360171,0.6711554852066887
CD8T,V3,40,42,0.20326881028040156,0.18156815846070662,-0.25236525145910105,0.6155015683805143,0.7015410249080571
CD8T,V5,41,41,0.38531536163498215,-0.24108629394127196,-0.6755867491818424,0.1934141612992984,0.976659841537096
CD8T.TCM,V1,43,41,0.2845120548171836,0.13409754995189993,-0.29422279374701715,0.5624178936508171,0.6401521233386631
CD8T.TCM,V3,40,42,0.3826453342075433,0.15854478254400164,-0.2751719369687162,0.5922615020567195,0.707085098945143
CD8T.TCM,V5,41,41,0.5609728094113208,-0.20071663231230574,-0.6347240248974637,0.23329076027285217,0.976659841537096
CD8T.Naive,V1,43,41,0.5271407229960122,0.1673704574529633,-0.2612240831780609,0.5959649980839875,0.67775235813773
CD8T.Naive,V3,40,42,0.474207599604057,0.18478343956412605,-0.24918255701251082,0.6187494361407629,0.7116091982793058
CD8T.Naive,V5,41,41,0.6915923099423628,-0.07757623235892556,-0.5106346762851305,0.3554822115672793,0.976659841537096
CD8T.TEMRA,V1,43,41,0.28050109872596896,0.24711899169519402,-0.1823778904186253,0.6766158738090133,0.6401521233386631
CD8T.TEMRA,V3,40,42,0.27323660464615374,0.20537339101908111,-0.22881477782329104,0.6395615598614532,0.7015410249080571
CD8T.TEMRA,V5,41,41,0.9630150927032557,-0.24063788259285848,-0.675132369542987,0.19385660435727012,0.9999999999999993
CD8T.TEM,V1,43,41,0.18241767170560208,0.04402819140327257,-0.38385322161873,0.47190960442527513,0.6401521233386631
CD8T.TEM,V3,40,42,0.2656144556554315,0.1597164036786615,-0.27401063683237215,0.5934434441896951,0.7015410249080571
CD8T.TEM,V5,41,41,0.9926413687507629,-0.18917530673759383,-0.6230582113840993,0.2447075979089117,0.9999999999999993
HLADRpos.T,V1,43,41,0.2686970266081843,0.05836600428431869,-0.36955559269762367,0.4862876012662611,0.6401521233386631
HLADRpos.T,V3,40,42,0.05391808205078434,0.2652324130766022,-0.1697339393458704,0.7001987654990749,0.7015410249080571
HLADRpos.T,V5,41,41,0.8464168650825652,-0.09174619877544134,-0.5248711494358982,0.34137875188501554,0.976659841537096
TCRgd.cells,V1,43,41,0.662644424002323,-0.20812821094366046,-0.6371407730224137,0.2208843511350927,0.8132454294573964
TCRgd.cells,V3,40,42,0.6214575297733076,-0.04094660777179823,-0.4740134876245826,0.3921202720809861,0.7626978774490594
TCRgd.cells,V5,41,41,0.15668459590645664,-0.3751010248824567,-0.8118771089940264,0.06167505922911304,0.7050806815790549
