protein,lrt_chisq,lrt_df,p_value,p_fdr
IL2,1.4125107863443418,2,0.49348866292335253,0.8614718688319216
IL10RA,3.7066872775380943,2,0.15671229999908207,0.7760494874942448
PAPPA,3.038103518232333,2,0.21891937686486507,0.8043673008352368
IL20RA,3.792870064711792,2,0.1501027780745306,0.7760494874942448
EIF5A,0.8920877110545575,2,0.6401556970803941,0.9202227663260678
JUN,4.633541591170456,2,0.09859144403956914,0.7760494874942448
RAB37,0.6863621468775136,2,0.7095097265619296,0.9294716053278546
IL4,2.307250338977724,2,0.3154909855088221,0.8555327144056164
IL1B,1.637975752051716,2,0.4408776516066017,0.8555327144056164
IL33,3.769384225576914,2,0.15187581285219068,0.7760494874942448
LILRB4,2.027368990630009,2,0.3628794856425678,0.8555327144056164
IL13,0.7812005708887,2,0.6766505690732234,0.9294716053278546
IL10,1.741069400776837,2,0.4187275955709225,0.8555327144056164
ARNT,2.4910371584369386,2,0.2877916266701435,0.8439922155429567
TNFAIP8,2.3751362243967833,2,0.3049619963716437,0.8439922155429567
LTO1,1.5016718310963597,2,0.471971859183362,0.8614718688319216
ACTN4,4.995256695778835,2,0.08227990671987209,0.7760494874942448
LAP3,0.7737471788358334,2,0.6791769446532767,0.9294716053278546
AMBN,0.12277613545214194,2,0.9404582074739238,0.9835764529340022
LRRN1,1.5805218924522109,2,0.453726381646257,0.8555327144056164
PREB,1.0600815844434237,2,0.5885809596636457,0.890732950059675
IL24,0.2204527744621032,2,0.8956313528417023,0.9835764529340022
CEP164,2.3953979444139577,2,0.3018880661477018,0.8439922155429567
NBN,0.5095814007177069,2,0.7750787046803347,0.9307852054633672
FCRL3,5.13175661925743,2,0.07685165224425462,0.7760494874942448
PRKAB1,1.2449481843885906,2,0.5366151585182082,0.8614718688319216
PNPT1,0.9712675670313047,2,0.6153071016613233,0.9027866491588268
ARTN,2.773429894944684,2,0.24989487552039755,0.8283552355213178
RABGAP1L,0.27775879005594106,2,0.8703329886145142,0.9779421326186479
NCLN,3.290871209913462,2,0.1929285038742676,0.7760494874942448
IL22RA1,2.698317080606671,2,0.2594584926808321,0.8439922155429567
IL2RB,3.938245893615317,2,0.13957922094833441,0.7760494874942448
MYO9B,2.392930337929215,2,0.3022607664947171,0.8439922155429567
AOC1,2.003901711755475,2,0.3671624609912262,0.8555327144056164
IL20,0.33070311211002945,2,0.8475956743123905,0.9694544773285488
RGS8,1.3128341211445331,2,0.5187065030099043,0.8614718688319216
IL11,4.300095746326178,2,0.11647858144189394,0.7760494874942448
IL17F,1.9646672929297893,2,0.374436276592282,0.8555327144056164
SCGN,10.119292590309954,2,0.006347804365037345,0.3230798306188107
CXCL14,0.60260814070772994,2,0.7398527712463374,0.9294716053278546
MVK,0.6985109922735546,2,0.7052129280717242,0.9294716053278546
WNT9A,0.1544135803176232,2,0.9256984084917911,0.9835764529340022
IL3RA,2.0392983743856803,2,0.36072146368802516,0.8555327144056164
SIT1,2.9436000943417184,2,0.2295119807430091,0.8216528910599726
FXYD5,1.8755254311531644,2,0.3915027592918176,0.8555327144056164
CXCL12,3.0062248171097394,2,0.22243676754940905,0.8043673008352368
NRTN,3.393372983802351,2,0.18328985136968698,0.7760494874942448
DGKZ,3.1405490486973804,2,0.20798807672763728,0.7862023558020971
PADI2,2.850080487202945,2,0.24049878447635287,0.822669382578568
PRKCQ,1.9727584454598173,2,0.3729245260917737,0.8555327144056164
IL17A,1.3950584005140172,2,0.4978137836713025,0.8614718688319216
NFATC3,4.236327497944103,2,0.12025223919900987,0.7760494874942448
GALNT3,2.571773885580484,2,0.276405319175254,0.8439922155429567
IL5,2.4099319285398906,2,0.29970219992282954,0.8439922155429567
TNF,3.4083307257054116,2,0.18192416349190413,0.7760494874942448
TANK,1.21824288895084,2,0.5438284427390829,0.8676097962022123
SPRY2,2.5979098884629366,2,0.27281675282993567,0.8439922155429567
TPT1,1.6134037158732326,2,0.44632769351098944,0.8555327144056164
IL17C,1.041307033757903,2,0.5941321456847605,0.890732950059675
YTHDF3,2.261793609207757,2,0.322743688572985,0.8555327144056164
WAS,3.013150882708487,2,0.22166779398643294,0.8043673008352368
TNFRSF13C,1.6267816401348796,2,0.44335218709026136,0.8555327144056164
IL17D,3.628892378136584,2,0.16292811478029684,0.7760494874942448
MILR1,1.3757483180032182,2,0.5026434742023035,0.8614718688319216
PRDX3,0.39986701927284685,2,0.8187851925932569,0.9505368552016172
ICA1,2.0112192080832756,2,0.3658215605156211,0.8555327144056164
IRAK1,0.5000139813395208,2,0.7787953387513511,0.9307852054633672
IL12RB1,6.773059345127706,2,0.03382586026056463,0.7123328219577728
IL1RL2,5.607519927218021,2,0.06058184831030667,0.7760494874942448
IL1A,0.10130823989265991,2,0.9506074098188959,0.9835764529340022
GBP2,0.8737747356635737,2,0.6460441926711004,0.9202227663260678
FGF5,4.696616049620104,2,0.09553066105939498,0.7760494874942448
CSF3,1.920518126117713,2,0.38279370542042057,0.8555327144056164
AMN,1.4142292256186124,2,0.4930648298823757,0.8614718688319216
ITGB6,4.543191583702935,2,0.10314744682292185,0.7760494874942448
JCHAIN,4.038540265456618,2,0.13275232130428904,0.7760494874942448
IFNG,3.5996960790163257,2,0.16532400903057773,0.7760494874942448
SLAMF1,3.1343943287155867,2,0.20862911676312632,0.7862023558020971
ENAH,0.5008811864494191,2,0.7784577243032192,0.9307852054633672
IL15RA,6.435387820514563,2,0.04004730453388992,0.7145530989526866
PARP1,0.1013287520764834,2,0.9505976603519245,0.9835764529340022
FABP9,2.4477698945357815,2,0.29408543833848366,0.8439922155429567
SRPK2,1.4871471758631287,2,0.4754119498637634,0.8614718688319216
FGF2,0.003932697066943547,2,0.998035583463272,0.998035583463272
ITM2A,0.1403268712745671,2,0.9322414459797966,0.9835764529340022
BACH1,0.07716306452289245,2,0.9621532550110302,0.9898013370515771
IFNLR1,3.370268837662138,2,0.18541950640746818,0.7760494874942448
TRAF2,1.1666143517686578,2,0.5580497427368242,0.876235999560452
SULT2A1,2.8518236156699004,2,0.24028926565542663,0.822669382578568
SPINK4,2.2205967302713248,2,0.32946064683855875,0.8555327144056164
NUB1,0.4051617521594153,2,0.8166204348679248,0.9505368552016172
PSPN,9.665333035245112,2,0.007965253434382504,0.3230798306188107
ALDH3A1,0.9501025327676871,2,0.621853175484227,0.9066927447980352
SH2D1A,0.7405294761080086,2,0.690551491178177,0.9294716053278546
FOXO1,0.5260231819218006,2,0.7687329869055264,0.9307852054633672
VASH1,3.017156363122581,2,0.2212242952374354,0.8043673008352368
METAP1D,0.6294363429229861,2,0.7299945785862226,0.9294716053278546
HLA.DRA,1.5175781144087068,2,0.4682330873278324,0.8614718688319216
TBC1D5,0.5364966209504018,2,0.764717870067679,0.9307852054633672
EPO,9.228478390147416,2,0.009909719903422742,0.3230798306188107
CCL7,7.115534803237324,2,0.028502388117581694,0.6802569964062831
DAPP1,1.2040223921420647,2,0.5477089774907821,0.8676097962022123
EDAR,4.609912967605965,2,0.09976314187169809,0.7760494874942448
TRIM5,0.6481761885402193,2,0.723186530983979,0.9294716053278546
DPP10,1.4189432443056944,2,0.49190404000506144,0.8614718688319216
ITGA6,5.60018856997749,2,0.06080432941942963,0.7760494874942448
FCRL6,2.7760038125152278,2,0.24957347797201124,0.8283552355213178
LSP1,1.2771831844681856,2,0.5280355900054853,0.8614718688319216
STX8,1.1312366604546469,2,0.5680088211276162,0.8787256461973959
HLA.E,1.7462197144739093,2,0.4176506935264712,0.8555327144056164
TRIM21,0.05053643622420623,2,0.9750483513242402,0.9954627357671685
PSIP1,0.5656977894009287,2,0.7536336572958888,0.9307852054633672
IL7,0.7208435500019732,2,0.6973821256854594,0.9294716053278546
SAMD9L,0.47659810046297935,2,0.7879670141379185,0.9309973302355605
SIGLEC10,3.315737806235518,2,0.1905446167611987,0.7760494874942448
ISM1,1.9245560936331856,2,0.38202163081192714,0.8555327144056164
SLC39A5,0.10173588640961384,2,0.950404169574516,0.9835764529340022
BTN3A2,1.7872522449894177,2,0.409169361237247,0.8555327144056164
MLN,0.3349789604249054,2,0.84578551472597,0.9694544773285488
SCRN1,3.843604545417975,2,0.14634297436398527,0.7760494874942448
PROK1,0.023202254097157038,2,0.9884659065536302,0.9954627357671685
IKBKG,0.2251058017750438,2,0.8935500762661123,0.9835764529340022
NFATC1,0.12726499213829356,2,0.9383497834060512,0.9835764529340022
CCL26,1.8470347010024852,2,0.39711977223770806,0.8555327144056164
CLEC4C,1.6446528689160687,2,0.4394082100783374,0.8555327144056164
CEACAM21,3.4670722793455298,2,0.17665861463636695,0.7760494874942448
PSMG3,0.09230298014517757,2,0.9548972937727283,0.9851678131718636
COL9A1,0.7602430554661055,2,0.6837783061353385,0.9294716053278546
GOPC,1.1181677285987917,2,0.571732608647138,0.8787256461973959
MAP2K6,0.173691559079316,2,0.9168184768984875,0.9835764529340022
NT5C3A,1.3168475901712782,2,0.5176666404809754,0.8614718688319216
ARHGEF12,3.4196757091846166,2,0.1808951215525153,0.7760494874942448
CASP2,2.3759438884920883,2,0.30483886780749614,0.8439922155429567
CNTNAP2,0.3003585410814935,2,0.8605536906705575,0.9749310799368975
MAPK9,1.1522252854873614,2,0.5620791274956628,0.8787088543381978
BCR,0.823235787562453,2,0.6625774026343872,0.9263233276536772
CLIP2,0.8961464467599853,2,0.6388579029842124,0.9202227663260678
SELPLG,1.6342718598397923,2,0.44169488976363774,0.8555327144056164
CXADR,0.7021882161160988,2,0.7039175064289045,0.9294716053278546
IL15,0.6070512205295984,2,0.7382109831109507,0.9294716053278546
IL6,1.2605277937774417,2,0.5324512702312861,0.8614718688319216
FCAR,0.4969545077121893,2,0.7799876023436038,0.9307852054633672
CD83,4.505562478724016,2,0.10510649135903893,0.7760494874942448
NCR1,4.301991700931723,2,0.11636821471127093,0.7760494874942448
NCF2,0.7280816047233429,2,0.6948628421194913,0.9294716053278546
NPPC,0.5269396501915935,2,0.7683808079066873,0.9307852054633672
CCL28,0.5953603923949231,2,0.7425387685021408,0.9294716053278546
PTX3,1.4713937868152698,2,0.4791714111929775,0.8614718688319216
PTH1R,1.5078273416183663,2,0.4705214784141399,0.8614718688319216
EGLN1,0.3012107337259522,2,0.8601870900170236,0.9749310799368975
CLEC4A,1.5790797210423193,2,0.4540536752432042,0.8555327144056164
OSM,3.52998250657447,2,0.17118828381313983,0.7760494874942448
HSD11B1,2.134133434371847,2,0.3440161354998586,0.8555327144056164
IL4R,0.17451390110284137,2,0.9164415852065174,0.9835764529340022
IRAK4,0.6136930255672723,2,0.7357635225359945,0.9294716053278546
ICAM4,4.102862232379323,2,0.12855080075080216,0.7760494874942448
DECR1,0.2784117326693831,2,0.870048896242966,0.9779421326186479
LY75,1.770873313603488,2,0.4125339981683178,0.8555327144056164
ITGA11,1.8384149588204934,2,0.3988350008157409,0.8555327144056164
AXIN1,1.2567010964503424,2,0.5334710104057409,0.8614718688319216
ANXA11,0.5693136132466634,2,0.7522723849224483,0.9307852054633672
CD4,0.6195791616971746,2,0.7336013037486923,0.9294716053278546
IL17RB,0.020299688814134242,2,0.9899014914332738,0.9954627357671685
PIK3AP1,0.13614406177907767,2,0.934193180387864,0.9835764529340022
MGMT,0.40760936900380784,2,0.8156216591817004,0.9505368552016172
HEXIM1,0.18148574659221595,2,0.9132525023181426,0.9835764529340022
CLEC4G,2.803122495382837,2,0.24621226538395105,0.8283552355213178
NTF3,1.7985673221107845,2,0.4068610057603589,0.8555327144056164
TNFSF11,4.331683113065424,2,0.11465340666274401,0.7760494874942448
MICB_MICA,2.5135420959306884,2,0.2845714120456726,0.8439922155429567
BANK1,0.03602450581456651,2,0.9821489981039614,0.9954627357671685
CD200R1,1.6937069402985117,2,0.4287619238545362,0.8555327144056164
KRT19,2.261703994450386,2,0.32275815019564863,0.8555327144056164
PLXNA4,2.5073586411272117,2,0.2854525907583155,0.8439922155429567
CD70,9.410414183460489,2,0.00904804024955721,0.3230798306188107
TGFA,0.9736535181805834,2,0.6145734929937555,0.9027866491588268
IL5RA,6.5401220498863495,2,0.038004107805889135,0.7145530989526866
SLAMF7,3.5350863498930494,2,0.1707519816650889,0.7760494874942448
CD200,3.241466241122609,2,0.1977536686471543,0.7862023558020971
GZMB,2.6679970467013163,2,0.2634218542358636,0.8439922155429567
IL32,5.074921356189236,2,0.0790669214540386,0.7760494874942448
LIFR,3.3022185622302516,2,0.19183698939942828,0.7760494874942448
CD84,5.74408909880421,2,0.05658312124860908,0.7760494874942448
CLEC4D,3.295978042260913,2,0.1924365055176993,0.7760494874942448
CCL3,5.897487630819114,2,0.05240549559383117,0.7760494874942448
TNFSF10,9.425036666133138,2,0.008982129083495237,0.3230798306188107
TLR3,4.339250772446462,2,0.11422039743171587,0.7760494874942448
CXCL6,1.3426205857524565,2,0.5110385287584635,0.8614718688319216
PCDH1,3.4966314202283257,2,0.17406687576804064,0.7760494874942448
HPCAL1,1.8163575731801984,2,0.40325797450354384,0.8555327144056164
CKAP4,3.3883112871205583,2,0.18375431768491438,0.7760494874942448
FKBP1B,3.685765690488779,2,0.15836023936129204,0.7760494874942448
DFFA,0.13533518591520988,2,0.9345710799590763,0.9835764529340022
TGFB1,4.592494587660326,2,0.10063579255094497,0.7760494874942448
CXCL17,2.3036635569192185,2,0.31605729186463094,0.8555327144056164
NUDC,1.051626089672368,2,0.5910745988009639,0.890732950059675
TNFSF12,4.4305109198976425,2,0.10912563345866466,0.7760494874942448
EIF4G1,0.2695169589072748,2,0.8739269575173172,0.9779421326186479
BSG,2.8856049214302857,2,0.23626470746753392,0.822669382578568
DNAJA2,0.6858746286472979,2,0.7096826971057536,0.9294716053278546
CD244,4.366391097713404,2,0.11268087745578965,0.7760494874942448
KLRB1,10.715064370794835,2,0.004712521398618491,0.3230798306188107
SERPINB8,0.6382089647100884,2,0.7267996076044757,0.9294716053278546
CXCL8,4.986164978443298,2,0.08265479098688865,0.7760494874942448
KLRD1,3.1896928405359404,2,0.2029396935330753,0.7862023558020971
IL16,2.535871938849027,2,0.2814118654466328,0.8439922155429567
NFASC,3.9948789129473568,2,0.1356822591538809,0.7760494874942448
CD79B,4.541172055368776,2,0.10325165402214291,0.7760494874942448
CD22,1.331785886543372,2,0.5138145155866515,0.8614718688319216
LAMP3,9.266198703951062,2,0.009724572474105506,0.3230798306188107
FCRL2,9.050964338581991,2,0.010829491529122146,0.3230798306188107
LAT,1.6937679196862518,2,0.42874885123402584,0.8555327144056164
GMPR,0.1798872620305474,2,0.9139827040962699,0.9835764529340022
TPSAB1,4.915513185647029,2,0.08562683150205241,0.7760494874942448
PPP1R9B,0.5665697125762108,2,0.7533051735784986,0.9307852054633672
PRDX5,1.4618359045149418,2,0.48146682361975723,0.8614718688319216
ADA,1.8490078726116508,2,0.3967281727127289,0.8555327144056164
TNFRSF11A,7.700856610587806,2,0.021270624166164265,0.543920246534772
CD160,9.446456916704108,2,0.008886442677036166,0.3230798306188107
HCLS1,0.8739650997871422,2,0.6459827037792043,0.9202227663260678
CD6,11.849288265880034,2,0.0026727586627459774,0.3230798306188107
VEGFA,1.6590725654538119,2,0.4362515367974185,0.8555327144056164
ADAM23,6.820718410433109,2,0.03302933393572189,0.7123328219577728
IL18R1,1.1907794429061767,2,0.5513476519841862,0.869526252908981
TNFRSF4,3.685295870556601,2,0.15839744412946455,0.7760494874942448
C1QA,1.6297652267416298,2,0.44269129034975524,0.8555327144056164
CCL13,0.5231521968054267,2,0.7698372898071298,0.9307852054633672
MERTK,3.5884459140309275,2,0.16625659068474002,0.7760494874942448
AGRP,0.19554968221996205,2,0.9068530667984268,0.9835764529340022
CTSO,9.824164380308844,2,0.007357153379434226,0.3230798306188107
FLT3LG,2.8435470350440255,2,0.2412857127674571,0.822669382578568
VEGFD,2.036721126794262,2,0.36118659757669025,0.8555327144056164
GZMA,4.486619787016025,2,0.10610672057136701,0.7760494874942448
CLSTN2,1.0235315324654266,2,0.599436179597247,0.890732950059675
FASLG,8.472975672634448,2,0.014458282629001487,0.3981588600909641
IL12B,3.1410348065055302,2,0.20793756694562956,0.7862023558020971
CDSN,2.0676624784279056,2,0.3556417983036287,0.8555327144056164
CCL11,1.8991548919078696,2,0.38690447697028135,0.8555327144056164
KYNU,0.626331357420554,2,0.7311287700621216,0.9294716053278546
LY9,6.344217033623835,2,0.04191512591621905,0.7145530989526866
CCL20,0.25523021694050385,2,0.8801920924374541,0.9779421326186479
MMP1,1.8311205271076005,2,0.4002922940709245,0.8555327144056164
PGF,5.528064467668003,2,0.06303707498655162,0.7760494874942448
CCL25,0.6737893723397406,2,0.7139840283361352,0.9294716053278546
CXCL9,1.05616643034125,2,0.5897342807321139,0.890732950059675
SMPDL3A,2.606802700707476,2,0.27160639162275835,0.8439922155429567
EPHA1,1.9617515806853731,2,0.37498254890695654,0.8555327144056164
IFNGR1,0.31431686097221245,2,0.8545686583642327,0.9743171327846983
CTSC,0.7672799093258504,2,0.6813767095275713,0.9294716053278546
CD276,0.45578701223686835,2,0.796209046712654,0.9345666843381316
DBNL,1.117554166437344,2,0.5719080323016571,0.8787256461973959
PKLR,0.8378253297604488,2,0.6577616384508547,0.9263233276536772
NCK2,2.07739331613368,2,0.3539156546044838,0.8555327144056164
TIMP3,1.289947679127181,2,0.5246762676871949,0.8614718688319216
PLA2G4A,1.2799148116921515,2,0.5273148840960513,0.8614718688319216
CCL21,0.4789345924807549,2,0.7870470123173791,0.9309973302355605
MMP10,9.052442465034915,2,0.0108214908070556,0.3230798306188107
SCGB1A1,1.7379500444671407,2,0.41938118541697583,0.8555327144056164
ENPP7,0.01219317930952002,2,0.9939219568386887,0.9967060519558839
SIGLEC1,4.350287813863645,2,0.11359180584624982,0.7760494874942448
F2R,1.6693731687965396,2,0.4340104857764928,0.8555327144056164
CD48,4.319506908281198,2,0.11535355747443814,0.7760494874942448
CCL23,0.6185176799116903,2,0.7339907593004122,0.9294716053278546
IL18,0.8230462421720404,2,0.6626401998563017,0.9263233276536772
CCL4,3.6704185210439846,2,0.15958010445791215,0.7760494874942448
IL10RB,0.26026801045526327,2,0.8779777694262623,0.9779421326186479
CXCL10,2.1926516944585046,2,0.3340963524464684,0.8555327144056164
EGF,2.6078329043690474,2,0.2714665226996422,0.8439922155429567
CRLF1,0.5535836986658893,2,0.7582123030828856,0.9307852054633672
IL1RN,0.9171266113248748,2,0.6321912589712677,0.9162934036911491
CRIM1,2.5211586654310665,2,0.2834897440340246,0.8439922155429567
TNFRSF13B,3.453068582557677,2,0.17789989202033826,0.7760494874942448
ANGPTL4,2.480435879854781,2,0.2893211564356644,0.8439922155429567
CST7,3.9843876084953536,2,0.1363958711424354,0.7760494874942448
ERBB3,2.4089418280965784,2,0.29985060429410976,0.8439922155429567
NELL2,1.5838666565394917,2,0.45296821194427156,0.8555327144056164
MANF,1.355156581286451,2,0.5078453582485478,0.8614718688319216
LY6D,1.7044286878303012,2,0.42646953539776983,0.8555327144056164
CCN2,0.3958401055338072,2,0.8204354420594965,0.9505368552016172
GLOD4,0.11212486877468564,2,0.9454801035765806,0.9835764529340022
DNER,0.982498924141602,2,0.61186141874473,0.9027866491588268
BTN2A1,2.194522979005889,2,0.33378390396842916,0.8555327144056164
SHMT1,0.028627931570667897,2,0.9857879919699187,0.9954627357671685
FGF19,2.529623537544694,2,0.28229242739005106,0.8439922155429567
CD58,0.7157963782095749,2,0.6991442518853405,0.9294716053278546
PTPN6,2.03891213084205,2,0.36079113358339465,0.8555327144056164
HSPA1A,1.417519477625774,2,0.49225434296862813,0.8614718688319216
CSF1,1.453109697582164,2,0.4835721026221093,0.8614718688319216
SPINT2,0.9463061931945731,2,0.6230346793863594,0.9066927447980352
CKMT1A_CKMT1B,1.2716411885921843,2,0.5295008046524184,0.8614718688319216
FIS1,3.5078294192433077,2,0.17309499872481796,0.7760494874942448
SCGB3A2,5.3583498877248985,2,0.06861974594791583,0.7760494874942448
CD40,0.178673464887936,2,0.9145375672493806,0.9835764529340022
OMD,0.25037088595502155,2,0.8823332649045343,0.9779421326186479
ANGPTL2,2.685798417758207,2,0.2610876226906841,0.8439922155429567
GAL,4.290651595474628,2,0.11702990275491547,0.7760494874942448
SCG3,1.6754720140849884,2,0.4326890202508072,0.8555327144056164
PDLIM7,1.125110184015739,2,0.5697514351157255,0.8787256461973959
SMOC2,1.3308074495775486,2,0.5140659446413206,0.8614718688319216
TREM2,1.3614134660181207,2,0.5062590759047201,0.8614718688319216
MZB1,2.3652210873283366,2,0.3064776201692301,0.8439922155429567
TNFSF13,1.464000077177218,2,0.48094611672673604,0.8614718688319216
ROBO1,0.48770700743727957,2,0.7836024206954612,0.9309973302355605
TNFRSF11B,2.1609363454315087,2,0.3394365734968727,0.8555327144056164
ENPP5,1.47448331037819,2,0.4784317769366459,0.8614718688319216
LAIR1,1.5882741395519702,2,0.45197108620183896,0.8555327144056164
COLEC12,0.8159776817059594,2,0.6649862994608801,0.9263233276536772
SIRPB1,3.545617774271534,2,0.16985521400620354,0.7760494874942448
ANGPT1,1.2763720819476703,2,0.528249778933832,0.8614718688319216
PDGFB,1.5340839332835685,2,0.46438470408462235,0.8614718688319216
CRKL,0.6827157145702358,2,0.7108044961202844,0.9294716053278546
EPCAM,2.873199358193631,2,0.2377347603472705,0.822669382578568
DNPH1,0.20279468095452557,2,0.9035739350499409,0.9835764529340022
CCL17,0.8684867996557841,2,0.6477545729446064,0.9202227663260678
MEGF10,0.5996724461415965,2,0.7409395595509802,0.9294716053278546
CRHBP,0.029679688139882643,2,0.9852697237566583,0.9954627357671685
LGALS4,4.828148620158913,2,0.0894501036679544,0.7760494874942448
LHPP,0.2671939422206151,2,0.8749426207063823,0.9779421326186479
TPP1,0.7259793616170782,2,0.6955936114257151,0.9294716053278546
CRELD2,0.37617506181402405,2,0.8285421810099823,0.9568325832308828
CTRC,0.8441687140744989,2,0.655678725945727,0.9263233276536772
MEPE,1.9790454256427665,2,0.37175408214242944,0.8555327144056164
CDON,5.329632560103846,2,0.06961214149755245,0.7760494874942448
ADGRE2,1.5982219183534596,2,0.4497286135354001,0.8555327144056164
AGER,1.2508153218478526,2,0.5350432678213153,0.8614718688319216
IL1R2,0.03921080790075848,2,0.9805855321525522,0.9954627357671685
ESM1,0.8000761694251253,2,0.6702945175754862,0.9294716053278546
SPON1,0.1337722330493989,2,0.9353017106811011,0.9835764529340022
ATP5IF1,1.206899878230729,2,0.5469215316110733,0.8676097962022123
SKAP2,1.9924116306501674,2,0.36927789502778785,0.8555327144056164
CXCL1,0.4990795319070003,2,0.779159296200861,0.9307852054633672
PRSS8,1.02289333739121,2,0.5996274887273231,0.890732950059675
PLAUR,6.533579206140466,2,0.038128638861173,0.7145530989526866
CCL22,0.1611953529071002,2,0.9225647863261627,0.9835764529340022
PRELP,1.5998718877918918,2,0.44935774730196093,0.8555327144056164
MATN2,0.21446525856636356,2,0.8983166739176722,0.9835764529340022
LTBR,0.04431379666033308,2,0.9780867628319111,0.9954627357671685
LAMA4,0.6075191836413012,2,0.7380382755625541,0.9294716053278546
FST,2.055844118953587,2,0.35774957108261435,0.8555327144056164
CHRDL1,0.4684472079124049,2,0.7911848840448301,0.9317243042370038
CCL24,0.12525264997924523,2,0.9392943989633271,0.9835764529340022
LGMN,3.8598067029297454,2,0.14516222752231564,0.7760494874942448
DAG1,1.0281423357649828,2,0.59805583018114306,0.890732950059675
PNLIPRP2,1.6908077512607633,2,0.4293839054909277,0.8555327144056164
OSCAR,3.183576927827687,2,0.2035612240807304,0.7862023558020971
PON3,1.6330586067847435,2,0.44196291488819606,0.8555327144056164
FABP1,0.7602886797856172,2,0.6837627078532974,0.9294716053278546
MPIG6B,2.201639986846658,2,0.3325982434775119,0.8555327144056164
B4GALT1,1.3647759425868884,2,0.5054086488500689,0.8614718688319216
LGALS9,5.464985372592764,2,0.06505692088979935,0.7760494874942448
FSTL3,0.3666431838291828,2,0.8325003872898683,0.9583123429253146
TNFRSF14,0.5053848961265999,2,0.7767067227506904,0.9307852054633672
REG4,3.8377840954821067,2,0.1467694856627516,0.7760494874942448
WFIKKN2,4.2520354385952785,2,0.11931148086066493,0.7760494874942448
AGRN,3.9348549496423857,2,0.13981607433975132,0.7760494874942448
TFF2,5.73457708949627,2,0.056852871795561824,0.7760494874942448
CXCL3,1.0834059324524787,2,0.5817566963146708,0.8900380225668894
NME3,1.7989994016479187,2,0.4067731170969005,0.8555327144056164
