protein,follow_up_timepoint,n_synf,n_ctrlf,p_value,cohens_d,d_ci_lower,d_ci_upper,p_fdr
IL2,V3,41,42,0.673493739572174,-0.05388446126086134,-0.4842715903161111,0.37650266779438846,0.8930028102475492
IL2,V5,41,41,0.3752574401399553,-0.24374792030663514,-0.6782840284143475,0.19078818780107723,0.8250624074832577
IL10RA,V3,41,42,0.5346362924293818,0.25137191322437386,-0.18067280382155326,0.683416630270301,0.8358069549769376
IL10RA,V5,41,41,0.1594317997296655,-0.16173567299603492,-0.595352076981823,0.27188073098975324,0.7046491889286451
PAPPA,V3,41,42,0.7340323528674527,0.006445694474318075,-0.42386258207849886,0.43675397102713504,0.9418766391632547
PAPPA,V5,41,41,0.17573212564211355,-0.3165762577688365,-0.7522383020234162,0.11908578648574325,0.7529758923561972
IL20RA,V3,41,42,0.2739858895438866,-0.17570701724699161,-0.6068639909348861,0.25544995644090285,0.8183649169894438
IL20RA,V5,41,41,0.07336253284757127,-0.3810587804515445,-0.8179586695210914,0.055841108618002344,0.6321136273041945
EIF5A,V3,41,42,0.7533418889042969,0.19193178056297497,-0.23938919500818226,0.6232527561341322,0.9433111059295798
EIF5A,V5,41,41,0.82480650880236,-0.011058033276307373,-0.44395300656246034,0.42183694000984556,0.9964165017853371
JUN,V3,41,42,0.01391787500925932,-0.41129096645068886,-0.8462342075990623,0.023652274697684605,0.8183649169894438
JUN,V5,41,41,0.10459770350065288,-0.39961901405412664,-0.8369168615885384,0.03767883348028511,0.6622286146940412
RAB37,V3,41,42,0.5466482575921847,-0.16871018192413792,-0.5998008803305638,0.2623805164822879,0.8415952188638756
RAB37,V5,41,41,0.8104711684233183,-0.11394629257203773,-0.547197792247431,0.3193052071033555,0.9964165017853371
IL4,V3,41,42,0.45990516513859414,-0.09208811061318728,-0.5226288450652434,0.33845262383886887,0.8239225930080196
IL4,V5,41,41,0.2478100320882864,-0.33940332657523975,-0.7754777981183106,0.09667114496783114,0.7850972698018277
IL1B,V3,41,42,0.3029501054757239,-0.24329006541603,-0.6752250556441834,0.18864492481212347,0.8183649169894438
IL1B,V5,41,41,0.7819927925997132,-0.02802165564235056,-0.4609350129319933,0.4048917016472922,0.9964165017853371
IL33,V3,41,42,0.45440654232553734,-0.03828884424345208,-0.4686363696168039,0.3920586811298997,0.8239225930080196
IL33,V5,41,41,0.0582297624810335,-0.37320347017306865,-0.8099405245697644,0.06353358422362704,0.6321136273041945
LILRB4,V3,41,42,0.8526707763765226,2.7479328974045883e-5,-0.43027965245038985,0.430334611108338,0.9865447689422203
LILRB4,V5,41,41,0.2050613746791471,-0.24562804904546862,-0.6801895758815123,0.18893347779057504,0.7568244550013883
IL13,V3,41,42,0.7546034501442722,-0.10325457770329738,-0.5338553790999512,0.3273462236933564,0.9433111059295798
IL13,V5,41,41,0.33479398317444764,-0.10689120508399001,-0.5400995310911204,0.32631712092314036,0.8143362255792861
IL10,V3,41,42,0.5959767401665277,0.23031525018868026,-0.20145102596191838,0.662081526339279,0.8422526363383754
IL10,V5,41,41,0.7678587197017994,-0.051194931553648626,-0.48415919135442304,0.3817693282471258,0.9959906581639282
ARNT,V3,41,42,0.2944765045037564,-0.2927834545213428,-0.725446148492846,0.1398792394501604,0.8183649169894438
ARNT,V5,41,41,0.9926413687507629,-0.06173887593684569,-0.49473615144715904,0.3712583995734677,0.998218005653857
TNFAIP8,V3,41,42,0.6022812148117992,-0.29734870043300027,-0.730085217812183,0.13538781694618252,0.8422526363383754
TNFAIP8,V5,41,41,0.39553449859272033,-0.30366862793799715,-0.7391100078639584,0.13177275198796412,0.8292029646505347
LTO1,V3,41,42,0.5897021890780707,-0.06997763661565079,-0.5004196767942545,0.36046440356295284,0.8422526363383754
LTO1,V5,41,41,0.46017212088183007,-0.23932322486331514,-0.6738002774797849,0.19515382775315454,0.8762852089132722
ACTN4,V3,41,42,0.3115824863706327,0.10586018711019761,-0.32475561730839175,0.536475991528787,0.8183649169894438
ACTN4,V5,41,41,0.16788951322968487,-0.3641070468280423,-0.8006597037754386,0.07244561011935408,0.7329810455637462
LAP3,V3,41,42,0.6149784304047602,-0.11220201384584962,-0.5428558943882885,0.3184518666965893,0.8533421631197835
LAP3,V5,41,41,0.5547633789274014,-0.20038577366859497,-0.6343894954207623,0.23361794808357236,0.9324192002629563
AMBN,V3,41,42,0.5897021890780707,0.07407548424970488,-0.3563828160107196,0.5045337845101293,0.8422526363383754
AMBN,V5,41,41,0.6578713961411439,0.028929447265079084,-0.4039853436931489,0.46184423822330706,0.9677179476719329
LRRN1,V3,41,42,0.35712440504483134,-0.1853879415472781,-0.6166410369608686,0.2458651538663123,0.8183649169894438
LRRN1,V5,41,41,0.6296274224174463,-0.2365286862772765,-0.6709689941168957,0.19791162156234274,0.9577680963724599
PREB,V3,41,42,0.9242224567563853,0.15441239748554414,-0.27655121467451727,0.5853760096456055,0.9874488161592604
PREB,V5,41,41,0.24028701217282497,-0.039579539827353995,-0.4725145633308469,0.3933554836761389,0.7749797329537959
IL24,V3,41,42,0.8597820332680803,-0.08362503149818912,-0.5141248110203047,0.34687474802392654,0.9865447689422203
IL24,V5,41,41,0.9741058337218456,-0.007595619865486353,-0.4404888020371871,0.4252975623062144,0.9964165017853371
CEP164,V3,41,42,0.24695364966686686,-0.27563911693169924,-0.7080346679004874,0.156756434037089,0.8183649169894438
CEP164,V5,41,41,0.43255599686262547,-0.3277299329355476,-0.7635899584424934,0.10813009257139822,0.8603058159823329
NBN,V3,41,42,0.5346362924293818,-0.10592359660982761,-0.5365397707918924,0.32469257757223713,0.8358069549769376
NBN,V5,41,41,0.43800203933913184,-0.2018514279402091,-0.635871456701884,0.23216860082146584,0.8663244755989459
FCRL3,V3,41,42,0.15402807480681022,-0.41800537893635015,-0.8531003868059343,0.017089628933233958,0.8183649169894438
FCRL3,V5,41,41,0.7538005854797287,-0.20919241708293146,-0.6432959010388346,0.22491106687297174,0.9921345941240547
PRKAB1,V3,41,42,0.29869346496934723,-0.2580080556438792,-0.6901455302626631,0.17412941897490475,0.8183649169894438
PRKAB1,V5,41,41,0.7328651667700142,-0.09760911044062871,-0.5307648308798123,0.3355466099985549,0.9863373297130268
PNPT1,V3,41,42,0.3072464425439339,-0.16038048313092798,-0.5913957798050409,0.27063481354318486,0.8183649169894438
PNPT1,V5,41,41,0.36047464851328154,-0.23839268515466358,-0.672857454725211,0.19607208441588383,0.8250624074832577
ARTN,V3,41,42,0.22881387132033235,-0.2889586277841634,-0.7215603413180862,0.14364308574975942,0.8183649169894438
ARTN,V5,41,41,0.32741136516917635,-0.30172715901368097,-0.7371361334591782,0.13368181543181618,0.8143362255792861
RABGAP1L,V3,41,42,0.5897021890780707,-0.11999158130842874,-0.5506952558766361,0.31071209325977867,0.8422526363383754
RABGAP1L,V5,41,41,0.9338465291873692,-0.0522387771282933,-0.4852060306200308,0.38072847636344426,0.9964165017853371
NCLN,V3,41,42,0.21499339936765766,-0.3724349286972901,-0.8065472247936123,0.06167736739903201,0.8183649169894438
NCLN,V5,41,41,0.15668459590645664,-0.31649234204507776,-0.7521529224135586,0.11916823832340301,0.7011635666813935
IL22RA1,V3,41,42,0.7408692513255808,-0.006438717463320966,-0.43674699153916396,0.423869556612522,0.9433111059295798
IL22RA1,V5,41,41,0.2050613746791471,-0.3080399670782168,-0.7435550618212737,0.12747512766484015,0.7568244550013883
IL2RB,V3,41,42,0.9747073320329979,-0.10438466337000579,-0.5349919259169031,0.3262225991768915,0.9874488161592604
IL2RB,V5,41,41,0.06207731732293713,-0.4133115762953512,-0.8509148957916782,0.024291743200975824,0.6321136273041945
MYO9B,V3,41,42,0.29029920129367126,-0.3155706878623395,-0.748613112098637,0.11747173637395802,0.8183649169894438
MYO9B,V5,41,41,0.48873697485721673,-0.16100412234771072,-0.5946139896621027,0.2726057449666812,0.9065691036211585
AOC1,V3,41,42,0.39639348049278,-0.25551812429198206,-0.6876205146123969,0.1765842660284328,0.8183649169894438
AOC1,V5,41,41,0.6847969076513309,-0.2601309127177607,-0.6948950244314231,0.17463319899590185,0.9747639644069522
IL20,V3,41,42,0.7822993194060897,0.04848142949948336,-0.38189046224462664,0.47885332124359337,0.9591203984499318
IL20,V5,41,41,0.8826815127850661,-0.07142100582049193,-0.5044540253496707,0.3616120137086868,0.9964165017853371
RGS8,V3,41,42,0.2359538527112615,-0.21106370925012122,-0.6425965789037581,0.22046916040351563,0.8183649169894438
RGS8,V5,41,41,0.8681420813663075,-0.20304398488480643,-0.637077369378404,0.23098939960879114,0.9964165017853371
IL11,V3,41,42,0.12305269923369358,0.3402830549984087,-0.09320291218738125,0.7737690221841986,0.8183649169894438
IL11,V5,41,41,0.7328651667700142,-0.1035413951983404,-0.5367301864336349,0.3296473960369541,0.9863373297130268
IL17F,V3,41,42,0.505194238656606,0.29513982041049247,-0.13756083669086666,0.7278404775118517,0.8358069549769376
IL17F,V5,41,41,0.5063189318722715,0.10013425454169642,-0.3330353047238316,0.5333038138072244,0.9248070286238428
SCGN,V3,41,42,0.0056049772010929,-0.6090918084583098,-1.0495027482796673,-0.1686808686369523,0.8183649169894438
SCGN,V5,41,41,0.002520295052459124,-0.6294354474192104,-1.0731781875516795,-0.18569270728674142,0.2817196226223935
CXCL14,V3,41,42,0.21839139951683872,-0.148887879250407,-0.5798053897065197,0.2820296312057057,0.8183649169894438
CXCL14,V5,41,41,0.5063189318722715,-0.02524504066983821,-0.45815429653557094,0.40766421519589446,0.9248070286238428
MVK,V3,41,42,0.7204214301842432,-0.07732014848165802,-0.50779197919484,0.353151682231524,0.9277369496617233
MVK,V5,41,41,0.8464168650825652,0.10834172606084612,-0.3248752514931918,0.541558703614884,0.9964165017853371
WNT9A,V3,41,42,0.9314208334018014,-0.05427351045397008,-0.4846617987411257,0.3761147778331856,0.9874488161592604
WNT9A,V5,41,41,0.8681420813663075,-0.1000581849388853,-0.5332273221550328,0.3331109522772622,0.9964165017853371
IL3RA,V3,41,42,0.2506979540509149,-0.2743984957175611,-0.7067753343978486,0.1579783429627264,0.8183649169894438
IL3RA,V5,41,41,0.26179368083389265,-0.24194453275540595,-0.6764564417856584,0.1925673762748465,0.7866725032597293
SIT1,V3,41,42,0.12757532844672814,-0.32114381992204877,-0.7542833917537309,0.1119957519096334,0.8183649169894438
SIT1,V5,41,41,0.4007042259344762,-0.24233081491184844,-0.6768478923276828,0.19218626250398596,0.8292029646505347
FXYD5,V3,41,42,0.22881387132033235,-0.3041518315976155,-0.7370004558385516,0.12869679264332057,0.8183649169894438
FXYD5,V5,41,41,0.19206531086481055,-0.2627921116594659,-0.6975946475340508,0.17201042421511892,0.7568244550013883
CXCL12,V3,41,42,0.12529828674921437,-0.4034070558804427,-0.8381751671123376,0.03136105535145228,0.8183649169894438
CXCL12,V5,41,41,0.5925088996377996,-0.18778497140088146,-0.621653374577226,0.2460834317754631,0.9512026281180819
NRTN,V3,41,42,0.9026664325927538,-0.18460542274801564,-0.6158505578946877,0.24663971239865637,0.9874488161592604
NRTN,V5,41,41,0.1434786816658607,-0.4320917329023028,-0.8701303925652328,0.005946926760627302,0.6856239268034848
DGKZ,V3,41,42,0.24324826428436572,-0.31169391769047877,-0.7446697547017931,0.1212819193208356,0.8183649169894438
DGKZ,V5,41,41,0.07488303588244347,-0.39113250054712156,-0.8282460818840223,0.04598108078977908,0.6321136273041945
PADI2,V3,41,42,0.12083832057793988,-0.27758636599642666,-0.7100114558953878,0.1548387239025345,0.8183649169894438
PADI2,V5,41,41,0.11098803598224154,-0.34213239357117414,-0.7782580661593681,0.09399327901701987,0.6622286146940412
PRKCQ,V3,41,42,0.6342391092504543,-0.20832655849534126,-0.639827886369633,0.22317476937895042,0.8699524946806998
PRKCQ,V5,41,41,0.7121244810609514,0.024467340936405117,-0.40844084281191256,0.4573755246847228,0.9843265027792301
IL17A,V3,41,42,0.8954960480996333,-0.03850907680960014,-0.46885706817509076,0.3918389145558905,0.9874488161592604
IL17A,V5,41,41,0.3508231904715748,0.16864684604879016,-0.26503276907875906,0.6023264611763394,0.8208804064629005
NFATC3,V3,41,42,0.058494752779112015,-0.3727443445997455,-0.8068629381542529,0.061374248954761956,0.8183649169894438
NFATC3,V5,41,41,0.3802661933931215,-0.33012976949915285,-0.7660332768960263,0.10577373789772065,0.8250624074832577
GALNT3,V3,41,42,0.21839139951683872,-0.3012662920592936,-0.7340670601733743,0.13153447605478702,0.8183649169894438
GALNT3,V5,41,41,0.27541680487437475,-0.27647595947435727,-0.7114821907961575,0.15853027184744295,0.7866725032597293
IL5,V3,41,42,0.04618263849120584,-0.40152651613542983,-0.8362533442363527,0.03320031196549306,0.8183649169894438
IL5,V5,41,41,0.5122518370410661,-0.3119743696120437,-0.7475567009873745,0.12360796176328698,0.9308942013233588
TNF,V3,41,42,0.29869346496934723,-0.25138743200389646,-0.683432363169235,0.18065749916144208,0.8183649169894438
TNF,V5,41,41,0.11098803598224154,-0.3799545514003573,-0.816831349448671,0.056922246647956476,0.6622286146940412
TANK,V3,41,42,0.42746994267325694,-0.20732339236063022,-0.6388132626955576,0.2241664779742972,0.8183649169894438
TANK,V5,41,41,0.2713507728603114,-0.23478306519984296,-0.6692006376885808,0.1996345072888949,0.7866725032597293
SPRY2,V3,41,42,0.37155715715541726,-0.2653828113092088,-0.6976261785670093,0.16686055594859167,0.8183649169894438
SPRY2,V5,41,41,0.8176312985484684,0.07666601248423648,-0.3563885394919318,0.5097205644604047,0.9964165017853371
TPT1,V3,41,42,0.5649104793631483,0.08208830571258131,-0.34840446003858366,0.5125810714637463,0.8422526363383754
TPT1,V5,41,41,0.22572191309893383,-0.20764421746431444,-0.6417298541969099,0.22644141926828099,0.7749797329537959
IL17C,V3,41,42,0.9026664325927538,0.14537548381918633,-0.28551358681192973,0.5762645544503023,0.9874488161592604
IL17C,V5,41,41,0.4007042259344762,-0.037224278558861484,-0.47015428598919673,0.3957057288714738,0.8292029646505347
YTHDF3,V3,41,42,0.29029920129367126,-0.2800617376882081,-0.7125246751477423,0.1524011997713261,0.8183649169894438
YTHDF3,V5,41,41,0.9191910411097391,-0.03321295040383816,-0.46613512283672354,0.39970922202904724,0.9964165017853371
WAS,V3,41,42,0.21499339936765766,-0.31496208569689116,-0.7479940028271725,0.11806983143339028,0.8183649169894438
WAS,V5,41,41,0.8464168650825652,-0.018139485390205157,-0.4510401925090018,0.4147612217285915,0.9964165017853371
TNFRSF13C,V3,41,42,0.3072464425439339,-0.24076472341690033,-0.6726661568605738,0.19113671002677315,0.8183649169894438
TNFRSF13C,V5,41,41,0.5242243111806397,-0.22046590282743353,-0.6547033184732884,0.2137715128184214,0.9324192002629563
IL17D,V3,41,42,0.41695841545375234,0.15512585575127827,-0.2758438322493578,0.5860955437519144,0.8183649169894438
IL17D,V5,41,41,0.2878606087347054,-0.25673551713611265,-0.6914511668437079,0.1779801325714826,0.7866725032597293
MILR1,V3,41,42,0.45440654232553734,-0.17600400522503226,-0.6071638513804001,0.2551558409303356,0.8239225930080196
MILR1,V5,41,41,0.30502724750237387,-0.24587828946778026,-0.680443214087923,0.18868663515236242,0.7912356222381592
PRDX3,V3,41,42,0.22530150443482774,-0.13834289100730313,-0.569177054063656,0.29249127204904984,0.8183649169894438
PRDX3,V5,41,41,0.27541680487437475,-0.12249745204754836,-0.5558049722057756,0.31081006811067885,0.7866725032597293
ICA1,V3,41,42,0.32932370860198124,-0.2961702642778228,-0.7288876173172048,0.1365470887615592,0.8183649169894438
ICA1,V5,41,41,0.7190155463104064,-0.0566091491113902,-0.4895895924289746,0.3763712942061942,0.9862358834449253
IRAK1,V3,41,42,0.505194238656606,-0.1637580741147855,-0.5948034867708445,0.26728733854127346,0.8358069549769376
IRAK1,V5,41,41,0.46017212088183007,-0.0688658550995455,-0.5018889370712178,0.36415722687212687,0.8762852089132722
IL12RB1,V3,41,42,0.19856825748163423,-0.2357243744240361,-0.6675598708628392,0.19611112201476694,0.8183649169894438
IL12RB1,V5,41,41,0.009961989644987701,-0.5655514265768978,-1.007224022989508,-0.12387883016428758,0.4940661859261407
IL1RL2,V3,41,42,0.0649218425114023,-0.49500989287485664,-0.9320166203907202,-0.05800316535899308,0.8183649169894438
IL1RL2,V5,41,41,0.10088905281714357,-0.397686677929235,-0.8349422280934553,0.03956887223498523,0.6622286146940412
IL1A,V3,41,42,0.7136483804017049,-0.04018681289154492,-0.4705384419095523,0.3901648161264625,0.9256743484920664
IL1A,V5,41,41,0.6248253120473525,-0.11770877496400006,-0.5509844251471845,0.31556687521918436,0.9577680963724599
GBP2,V3,41,42,0.9458336643596891,-0.013283329273293731,-0.4435953228645658,0.41702866431797836,0.9874488161592604
GBP2,V5,41,41,0.40591388546166995,0.14623168193434366,-0.28725251005366853,0.5797158739223558,0.835156155145275
FGF5,V3,41,42,0.3072464425439339,-0.3257315148977881,-0.7589523162099208,0.10748928641434458,0.8183649169894438
FGF5,V5,41,41,0.024862445205848252,-0.454576179645833,-0.893160876620869,-0.015991482670797086,0.593383692246245
CSF3,V3,41,42,0.15212826128781382,0.26695151075678925,-0.1653147626193014,0.6992177841328799,0.8183649169894438
CSF3,V5,41,41,0.7879698119095365,-0.06706334722867624,-0.5000796364686323,0.3659529420112798,0.9964165017853371
AMN,V3,41,42,0.9530469556133357,0.053032720215348536,-0.37735190005052943,0.48341734048122653,0.9874488161592604
AMN,V5,41,41,0.30942175171324665,-0.20628027870488252,-0.6403503015674787,0.22778974415771375,0.7912356222381592
ITGB6,V3,41,42,0.20177846992707546,-0.3322125310747137,-0.7655500217883737,0.10112495963894635,0.8183649169894438
ITGB6,V5,41,41,0.138439331508233,-0.43799094591129006,-0.8761702539128351,1.8836209025502315e-4,0.6856239268034848
JCHAIN,V3,41,42,0.05148167898236434,-0.3810365780925899,-0.8153258545583428,0.0532526983731631,0.8183649169894438
JCHAIN,V5,41,41,0.11309943225922155,-0.35031299010255285,-0.7865945617142358,0.08596858150913017,0.6637638811278904
IFNG,V3,41,42,0.5477421396516285,-0.03198626892968385,-0.4623215911072837,0.398349053247916,0.8415952188638756
IFNG,V5,41,41,0.043752075020464125,-0.44500027859526586,-0.8833491215896279,-0.006651435600903921,0.6321136273041945
SLAMF1,V3,41,42,0.11650219979128075,-0.3397879108224138,-0.7732646675208112,0.09368884587598375,0.8183649169894438
SLAMF1,V5,41,41,0.5424451349114037,-0.08715510411057782,-0.5202572885930413,0.3459470803718857,0.9324192002629563
ENAH,V3,41,42,0.8954960480996333,0.01919537692031917,-0.4111219074260364,0.4495126612666748,0.9874488161592604
ENAH,V5,41,41,0.5485873738299907,-0.14271542573281418,-0.5761714791614833,0.29074062769585496,0.9324192002629563
IL15RA,V3,41,42,0.24324826428436572,-0.3686078089353547,-0.8026426376093815,0.06542701973867204,0.8183649169894438
IL15RA,V5,41,41,0.04181730013466361,-0.4988781278504872,-0.93861750068379,-0.0591387550171843,0.6321136273041945
PARP1,V3,41,42,0.9314208334018014,-0.0684041372973506,-0.498840179552351,0.36203190495764975,0.9874488161592604
PARP1,V5,41,41,0.82480650880236,-0.08978475703740205,-0.5228998385417937,0.34333032446698963,0.9964165017853371
FABP9,V3,41,42,0.5959767401665277,-0.18619955376781477,-0.6174609408206884,0.24506183328505887,0.8422526363383754
FABP9,V5,41,41,0.17667590770368874,-0.34550260420511086,-0.7816920640273479,0.09068685561712625,0.7529758923561972
SRPK2,V3,41,42,0.33843235095147395,-0.2207216328669276,-0.6523690662830017,0.2109258005491465,0.8183649169894438
SRPK2,V5,41,41,0.955869869323158,-0.022340709053647836,-0.4552461323472776,0.410564714239982,0.9964165017853371
FGF2,V3,41,42,0.5834579294703031,-0.029888147633201412,-0.4602198929367213,0.40044359767031845,0.8422526363383754
FGF2,V5,41,41,0.4251203595042489,-0.0598417668651239,-0.49283264742852223,0.37314911369827447,0.8598479587713056
ITM2A,V3,41,42,0.7614997475241579,-0.04112299551624399,-0.4714767217646172,0.3892307307321292,0.9433111059295798
ITM2A,V5,41,41,0.5989113149192807,-0.13334353347669087,-0.5667279260270917,0.3000408590737099,0.9529344477382333
BACH1,V3,41,42,0.5346362924293818,-0.07629611527439364,-0.5067636131159788,0.3541713825671915,0.8358069549769376
BACH1,V5,41,41,0.8391998710920148,-0.08130015962670907,-0.514375004464535,0.3517746852111168,0.9964165017853371
IFNLR1,V3,41,42,0.16847776753800905,-0.3391205323611477,-0.7725848956465659,0.09434383092427046,0.8183649169894438
IFNLR1,V5,41,41,0.24028701217282497,-0.3525484475360146,-0.7888732516028237,0.08377635653079452,0.7749797329537959
TRAF2,V3,41,42,0.42746994267325694,0.19711305800872522,-0.23426332590582402,0.6284894419232745,0.8183649169894438
TRAF2,V5,41,41,0.5182203953128084,0.15017815773367885,-0.2833384290118076,0.5836947444791653,0.9324192002629563
SULT2A1,V3,41,42,0.09846817175049861,-0.24298791527752947,-0.6749188722275148,0.18894304167245582,0.8183649169894438
SULT2A1,V5,41,41,0.07800035711144383,-0.3080031356179739,-0.743517604915777,0.12751133367982925,0.6321136273041945
SPINK4,V3,41,42,0.4717992501861565,-0.12325859127447149,-0.5539841425089912,0.3074669599600482,0.8239225930080196
SPINK4,V5,41,41,0.22930336439993337,-0.30423938316898497,-0.7396903287664739,0.13121156242850396,0.7749797329537959
NUB1,V3,41,42,0.4489447626359347,-0.14928250427050185,-0.5802032523064006,0.2816382437653968,0.8239225930080196
NUB1,V5,41,41,0.8754065979087653,-0.07724940232355132,-0.5103064434968192,0.35580763884971656,0.9964165017853371
PSPN,V3,41,42,0.40659920976023095,0.15570215634709464,-0.27527245984014137,0.5866767725343306,0.8183649169894438
PSPN,V5,41,41,0.06077233337110178,-0.4396738741786201,-0.8778936476457944,-0.0014541007114457494,0.6321136273041945
ALDH3A1,V3,41,42,0.9819323423259685,0.034886140494052274,-0.3954545246589684,0.4652268056470729,0.9874488161592604
ALDH3A1,V5,41,41,0.5734905464127721,-0.20331862773013837,-0.6373550991021106,0.23071784364183395,0.9461272609021769
SH2D1A,V3,41,42,0.6277907626407624,-0.08406775972115467,-0.5145695840147051,0.3464340645723958,0.8644195885592036
SH2D1A,V5,41,41,0.5424451349114037,-0.2252590167241875,-0.6595554919093297,0.2090374584609547,0.9324192002629563
FOXO1,V3,41,42,0.3029501054757239,-0.1792720358414553,-0.6104638094871505,0.25191973780423993,0.8183649169894438
FOXO1,V5,41,41,0.5925088996377996,-0.14267076223204572,-0.5761264626377325,0.290784938173641,0.9512026281180819
VASH1,V3,41,42,0.06228508078829399,-0.33004391610316214,-0.7633421089290773,0.103254276722753,0.8183649169894438
VASH1,V5,41,41,0.6313778512399456,0.0036849821002845934,-0.4292069766899479,0.43657694089051713,0.9577680963724599
METAP1D,V3,41,42,0.20177846992707546,-0.19318200818857728,-0.6245162191895668,0.23815220281241228,0.8183649169894438
METAP1D,V5,41,41,0.3802661933931215,-0.16305866351859216,-0.5966869639078314,0.270569636870647,0.8250624074832577
HLA.DRA,V3,41,42,0.5772443226621816,0.027827255561695158,-0.40250121247060777,0.45815572359399814,0.8422526363383754
HLA.DRA,V5,41,41,0.6118082536231932,-0.24143728386291796,-0.6759424184238094,0.19306785069797344,0.9577680963724599
TBC1D5,V3,41,42,0.7546034501442722,-0.08360407043095211,-0.5141037534103553,0.34689561254845114,0.9433111059295798
TBC1D5,V5,41,41,0.659561953161876,0.04338114422510146,-0.3895626245701532,0.4763249130203562,0.9677179476719329
EPO,V3,41,42,0.026653981384463964,-0.4880328134123433,-0.9248534104206041,-0.05121221640408252,0.8183649169894438
EPO,V5,41,41,0.04181730013466361,-0.5112210290743727,-0.951300637775178,-0.07114142037356747,0.6321136273041945
CCL7,V3,41,42,0.1601470760397369,-0.44560268687605936,-0.881346691703198,-0.009858682048920764,0.8183649169894438
CCL7,V5,41,41,0.05699162574836401,-0.515765944884584,-0.9559728625198969,-0.07555902724927127,0.6321136273041945
DAPP1,V3,41,42,0.39639348049278,-0.16767074225991715,-0.598751823791389,0.26341033927155466,0.8183649169894438
DAPP1,V5,41,41,0.7468013438706507,0.03218723905662705,-0.4007330731857037,0.46510755129895787,0.9921345941240547
EDAR,V3,41,42,0.0911961733293656,-0.5085666320959031,-0.9459423384337935,-0.07119092575801284,0.8183649169894438
EDAR,V5,41,41,0.21867788646791578,-0.2668735641864746,-0.7017357839164603,0.16798865554351106,0.7749797329537959
TRIM5,V3,41,42,0.3667069748735292,-0.1834786680747343,-0.6147124000650164,0.24775506391554777,0.8183649169894438
TRIM5,V5,41,41,0.5424451349114037,-0.11838817432357368,-0.5516682688865362,0.31489192023938883,0.9324192002629563
DPP10,V3,41,42,0.4489447626359347,-0.10486255674759808,-0.5354725727312355,0.32574745923603937,0.8239225930080196
DPP10,V5,41,41,0.24402838950976977,-0.21592308908228436,-0.6501056945705692,0.21825951640600044,0.7800193164687284
ITGA6,V3,41,42,0.0404311182833587,-0.5029333727191615,-0.9401545839166947,-0.06571216152162829,0.8183649169894438
ITGA6,V5,41,41,0.33201161754281744,-0.2107996502061323,-0.6449218013765068,0.2233225009642422,0.8143362255792861
FCRL6,V3,41,42,0.8597820332680803,0.14031720129660835,-0.2905321022365988,0.5711665048298156,0.9865447689422203
FCRL6,V5,41,41,0.1512969000488137,-0.21201622464294267,-0.6461526001844295,0.22212015089854426,0.6856239268034848
LSP1,V3,41,42,0.3203737031139622,-0.22469765563379715,-0.6563937332852618,0.20699842201766752,0.8183649169894438
LSP1,V5,41,41,0.7608198893840034,-0.10459261133209112,-0.5377874659779529,0.3286022433137707,0.9959906581639282
STX8,V3,41,42,0.3476993718548228,-0.23279599326938855,-0.6645938172623554,0.19900183072357835,0.8183649169894438
STX8,V5,41,41,0.6915923099423628,-0.1148728839864247,-0.5481302585531167,0.31838449058026735,0.9747639644069522
HLA.E,V3,41,42,0.5959767401665277,-0.0976502660547786,-0.5282200632450222,0.332919531135465,0.8422526363383754
HLA.E,V5,41,41,0.39553449859272033,-0.25753718195934716,-0.6922642167839804,0.1771898528652861,0.8292029646505347
TRIM21,V3,41,42,0.8669045566908281,3.4985035787573655e-4,-0.4299572847731915,0.43065698548894293,0.9874488161592604
TRIM21,V5,41,41,0.8826815127850661,0.024775445516589993,-0.4081331589650715,0.4576840499982515,0.9964165017853371
PSIP1,V3,41,42,0.37644649500905375,-0.15070790088980238,-0.5816404143308694,0.28022461255126474,0.8183649169894438
PSIP1,V5,41,41,0.5485873738299907,-0.18346361094664404,-0.6172876214130807,0.25036039951979255,0.9324192002629563
IL7,V3,41,42,0.5286801055644084,-0.19022197007654887,-0.6215249833578841,0.24108104320478638,0.8358069549769376
IL7,V5,41,41,0.3904048356524618,-0.14831477543880967,-0.5818159593664534,0.28518640848883403,0.8292029646505347
SAMD9L,V3,41,42,0.4014770929028118,-0.14910845097553538,-0.5800277699912877,0.2818108680402169,0.8183649169894438
SAMD9L,V5,41,41,0.5672153170883011,-0.13997245242119005,-0.5734070296904443,0.2934621248480642,0.9444794582214501
SIGLEC10,V3,41,42,0.3430460844280935,-0.1847726643214955,-0.61601949793645006,0.24647416929345903,0.8183649169894438
SIGLEC10,V5,41,41,0.1460499564122073,-0.3689192152239703,-0.8055688645559815,0.06773043410804097,0.6856239268034848
ISM1,V3,41,42,0.2359538527112615,-0.281680065739538,-0.7141679266990946,0.15080779522001858,0.8183649169894438
ISM1,V5,41,41,0.7328651667700142,-0.022920842636666626,-0.45582699408929034,0.40998530881595713,0.9863373297130268
SLC39A5,V3,41,42,0.9170302125824953,-0.028155098718458393,-0.4584840724404301,0.4021738750035133,0.9874488161592604
SLC39A5,V5,41,41,0.9630150927032557,0.04605490326109212,-0.38689549627736075,0.479005302799545,0.9964165017853371
BTN3A2,V3,41,42,0.8597820332680803,-0.11008934302096973,-0.5407302935284515,0.32055160748651207,0.9865447689422203
BTN3A2,V5,41,41,0.21867788646791578,-0.2905531040819089,-0.7257795654939898,0.14467335733017211,0.7749797329537959
MLN,V3,41,42,0.7753481969450382,-0.08548662690170834,-0.5159950770142544,0.34502182321083774,0.9538647921179508
MLN,V5,41,41,0.6445688207286441,-0.09234210272254058,-0.5254700939171806,0.34078588847209945,0.9614818242535608
SCRN1,V3,41,42,0.09555091035524739,-0.4071422941553168,-0.8419929646849733,0.027708376374339816,0.8183649169894438
SCRN1,V5,41,41,0.34605879698534053,-0.2573122095311879,-0.6920360457802749,0.17741162671789912,0.8204572802698803
PROK1,V3,41,42,0.9098446790172188,0.06072125618922567,-0.3696874580524833,0.4911299704309347,0.9874488161592604
PROK1,V5,41,41,0.7538005854797287,0.01829204358786303,-0.41460881766077784,0.45119290483650387,0.9921345941240547
IKBKG,V3,41,42,0.4710121083671921,-0.0981029860197365,-0.5286752236097332,0.3324692515702602,0.8239225930080196
IKBKG,V5,41,41,0.9338465291873692,-0.016829587866543854,-0.449729024715607,0.41606984898251925,0.9964165017853371
NFATC1,V3,41,42,0.5834579294703031,-0.09178608740967617,-0.5223252924840168,0.33875311766466454,0.8422526363383754
NFATC1,V5,41,41,0.7468013438706507,-0.059250796108783865,-0.4922397253228418,0.3737381331052741,0.9921345941240547
CCL26,V3,41,42,0.18915951753963303,-0.3041704731688624,-0.7370194080425123,0.12867846170478742,0.8183649169894438
CCL26,V5,41,41,0.37028920347976796,-0.2213950166877019,-0.6556437820177754,0.21285374864237155,0.8250624074832577
CLEC4C,V3,41,42,0.22530150443482774,-0.25638696636098374,-0.6885015607494414,0.17572762802747388,0.8183649169894438
CLEC4C,V5,41,41,0.37829829760208955,-0.19388234527414513,-0.6278151356763844,0.24005044512809406,0.8250624074832577
CEACAM21,V3,41,42,0.27800491468365573,-0.30785653883666203,-0.7407672658792486,0.1250541882059245,0.8183649169894438
CEACAM21,V5,41,41,0.3366529647646211,-0.3733545198232968,-0.8100946739499055,0.06338563430331184,0.8143362255792861
PSMG3,V3,41,42,0.9274267473657789,0.04863254124267302,-0.3817397548007064,0.4790048372860524,0.9874488161592604
PSMG3,V5,41,41,0.8464168650825652,0.022600297937171082,-0.410305448874024,0.4555060447483662,0.9964165017853371
COL9A1,V3,41,42,0.7614997475241579,-0.07369136948507893,-0.5041481063283881,0.3567653673582303,0.9433111059295798
COL9A1,V5,41,41,0.7259292783933315,0.090290115522328,-0.342827488360652,0.5234077194053081,0.9863373297130268
GOPC,V3,41,42,0.3203737031139622,-0.21183754130550958,-0.6433794025060098,0.21970431989499062,0.8183649169894438
GOPC,V5,41,41,0.7678587197017994,-0.025895190890475244,-0.4588053687781044,0.4070149869971539,0.9959906581639282
MAP2K6,V3,41,42,0.6149784304047602,-0.09959675420641508,-0.5301771239638469,0.3309836155510167,0.8533421631197835
MAP2K6,V5,41,41,0.4490102983852025,-0.13535870093746336,-0.5687580925395584,0.2980406906646317,0.8688956044427162
NT5C3A,V3,41,42,0.39134849888156287,-0.1391589517414501,-0.5699993470097,0.29168144352679976,0.8183649169894438
NT5C3A,V5,41,41,0.5861377113741169,0.10421078134274668,-0.328981863835865,0.5374034265213583,0.9512026281180819
ARHGEF12,V3,41,42,0.0779359040765465,-0.40747818250135265,-0.8423363136269781,0.027379948624272787,0.8183649169894438
ARHGEF12,V5,41,41,0.19525674035676432,-0.2821736123291819,-0.7172676767687833,0.1529204521104195,0.7568244550013883
CASP2,V3,41,42,0.18307024030016034,-0.3241323024691406,-0.7573246591307273,0.10906005419244613,0.8183649169894438
CASP2,V5,41,41,0.9815025762500794,-0.1147395539889227,-0.5479960802742885,0.31851697229644305,0.9964165017853371
CNTNAP2,V3,41,42,0.960264053498391,-0.0548017887058917,-0.4851916644246853,0.3755880870129019,0.9874488161592604
CNTNAP2,V5,41,41,0.6053445657409853,-0.1113450739759527,-0.5445803349375272,0.3218901869856218,0.9577680963724599
MAPK9,V3,41,42,0.9314208334018014,-0.13306632693878298,-0.5638610757989213,0.2977284219213553,0.9874488161592604
MAPK9,V5,41,41,0.43255599686262547,0.0960659054716173,-0.3370815313607613,0.5292133423039959,0.8603058159823329
BCR,V3,41,42,0.5346362924293818,-0.15524707793815004,-0.5862178010472061,0.2757236451709061,0.8358069549769376
BCR,V5,41,41,0.941182908283914,-0.0027837914628704107,-0.4356755885861149,0.4301080056603741,0.9964165017853371
CLIP2,V3,41,42,0.5346362924293818,-0.11358202911411253,-0.5442444881609617,0.31708042993273666,0.8358069549769376
CLIP2,V5,41,41,0.8536466233868488,0.07136146168587044,-0.36167132214571934,0.5043942455174603,0.9964165017853371
SELPLG,V3,41,42,0.6652737012562095,-0.16109691743727542,-0.5921185498620684,0.26992471498751747,0.8930028102475492
SELPLG,V5,41,41,0.9779265821482283,0.08503335186644706,-0.34805870573821535,0.5181254094711094,0.9964165017853371
CXADR,V3,41,42,0.8526707763765226,-0.03449604333744238,-0.46483596277032363,0.39584387609543886,0.9865447689422203
CXADR,V5,41,41,0.6712819884113989,-0.1609991962690981,-0.594609019667294,0.2726106271290978,0.9690280316583904
IL15,V3,41,42,0.9098446790172188,-0.07182148431831246,-0.502270726402163,0.35862775776553807,0.9874488161592604
IL15,V5,41,41,0.38531536163498215,-0.22019206527160615,-0.6544261448776193,0.21404201433440703,0.8260053860199018
IL6,V3,41,42,0.39639348049278,-0.1742059421544881,-0.6053484713781279,0.25693658706915173,0.8183649169894438
IL6,V5,41,41,0.7961984250393853,0.06188447381751385,-0.37111330072929904,0.4948822483643267,0.9964165017853371
FCAR,V3,41,42,0.5649104793631483,-0.15686665035090883,-0.5878512802084163,0.27411797950659855,0.8422526363383754
FCAR,V5,41,41,0.7890869403337829,-0.07230786419816464,-0.5053444174923286,0.36072868909599937,0.9964165017853371
CD83,V3,41,42,0.5834579294703031,-0.09838359561593649,-0.5289573514995239,0.3321901602676509,0.8422526363383754
CD83,V5,41,41,0.07642888371659443,-0.4255782153246315,-0.8634637445854266,0.012307313936163577,0.6321136273041945
NCR1,V3,41,42,0.6472181322858683,-0.072269134628913545,-0.5027201534323333,0.35818188417450625,0.877667012720988
NCR1,V5,41,41,0.06895028789605243,-0.41912257367591277,-0.8568585764799892,0.018613429128163717,0.6321136273041945
NCF2,V3,41,42,0.5346362924293818,-0.14734761103115707,-0.5782525666016834,0.2835573445393693,0.8358069549769376
NCF2,V5,41,41,0.9632192207711497,-0.003407783564684019,-0.43629968783072726,0.4294841207013592,0.9964165017853371
NPPC,V3,41,42,0.7204214301842432,0.1310935116273424,-0.299686893665274,0.5618739169199588,0.9277369496617233
NPPC,V5,41,41,0.7879698119095365,0.10171326005513263,-0.33146513218251955,0.5348916522927848,0.9964165017853371
CCL28,V3,41,42,0.8883340984505821,-0.1451141603627163,-0.5760011421221849,0.28577282139675225,0.9874488161592604
CCL28,V5,41,41,0.9338465291873692,-0.017136481091030487,-0.450036207013131,0.41576324483107,0.9964165017853371
PTX3,V3,41,42,0.35239216406252494,-0.21039601104359498,-0.6419211486690862,0.22112912658189623,0.8183649169894438
PTX3,V5,41,41,0.8754065979087653,0.028664278476592288,-0.40425008897762155,0.46157864593080616,0.9964165017853371
PTH1R,V3,41,42,0.25300124133760826,0.21676060939977226,-0.21483922151624557,0.6483604403157901,0.8183649169894438
PTH1R,V5,41,41,0.9999999999999993,-6.038031629236513e-4,-0.4334953954868489,0.43228778916100163,0.9999999999999993
EGLN1,V3,41,42,0.6407150365975158,-0.13794507138375595,-0.568776209570286,0.2928860668027741,0.8754808515340101
EGLN1,V5,41,41,0.8033266885023767,-0.09000626973641739,-0.5231224551286401,0.3431099156558053,0.9964165017853371
CLEC4A,V3,41,42,0.1601470760397369,-0.278472954362995,-0.7109115616447688,0.15396565291877878,0.8183649169894438
CLEC4A,V5,41,41,0.43255599686262547,-0.11266624429604209,-0.5459097061861624,0.3205772175940782,0.8603058159823329
OSM,V3,41,42,0.11650219979128075,-0.38982429154487325,-0.8242984725064613,0.04464988941671477,0.8183649169894438
OSM,V5,41,41,0.18579656143548576,-0.2888336077237382,-0.7240325882723673,0.14636537282489093,0.7568244550013883
HSD11B1,V3,41,42,0.4014770929028118,-0.2945008290853293,-0.7271911617316517,0.13818950356099302,0.8183649169894438
HSD11B1,V5,41,41,0.30067389864121674,-0.24241936605017483,-0.6769376294172949,0.19209889731694524,0.7912356222381592
IL4R,V3,41,42,0.7136483804017049,0.04962152127766508,-0.38075345183440756,0.4799964943897377,0.9256743484920664
IL4R,V5,41,41,0.7121244810609514,0.11124542444244556,-0.3219892218794861,0.5444800707643772,0.9843265027792301
IRAK4,V3,41,42,0.5110143023152617,-0.13121301044860947,-0.5619942784882455,0.29956825759102645,0.8358069549769376
IRAK4,V5,41,41,0.955869869323158,0.004177847843547179,-0.4287142184173929,0.43706991410448726,0.9964165017853371
ICAM4,V3,41,42,0.08109580856389907,-0.41418182628825734,-0.8491901151255532,0.02082646254903847,0.8183649169894438
ICAM4,V5,41,41,0.30765873593537685,-0.24260780734637796,-0.6771285959090788,0.19191298121632286,0.7912356222381592
DECR1,V3,41,42,0.33385821380041214,-0.1254530308584102,-0.5561936058527348,0.30528754413591436,0.8183649169894438
DECR1,V5,41,41,0.38531536163498215,-0.1291376894259269,-0.5624915006986262,0.3042161218467723,0.8260053860199018
LY75,V3,41,42,0.5897021890780707,-0.09471095953406954,-0.5252651865370425,0.33584326746890336,0.8422526363383754
LY75,V5,41,41,0.3366529647646211,-0.24900017314905995,-0.6836077755118811,0.18560742921376125,0.8143362255792861
ITGA11,V3,41,42,0.1419116102281885,-0.3171011215877818,-0.7501700562316691,0.11596781305610554,0.8183649169894438
ITGA11,V5,41,41,0.6248253120473525,-0.14953151663195005,-0.5830427364811648,0.28397970321726473,0.9577680963724599
AXIN1,V3,41,42,0.3115824863706327,-0.2421657893789688,-0.6740857972903483,0.18975421853241078,0.8183649169894438
AXIN1,V5,41,41,0.5989113149192807,-0.08821428618444445,-0.5213216193199054,0.3448930469510165,0.9529344477382333
ANXA11,V3,41,42,0.49365855559262845,-0.1429203576132239,-0.5737899511723489,0.28794923594590105,0.8358069549769376
ANXA11,V5,41,41,0.8033266885023767,-0.10497970417788956,-0.5381768069816192,0.32821739862584004,0.9964165017853371
CD4,V3,41,42,0.9026664325927538,0.0074547483733864595,-0.4228539146622915,0.4377634114090644,0.9874488161592604
CD4,V5,41,41,0.3508231904715748,-0.13852715916469696,-0.5719505877201773,0.2948962693907834,0.8208804064629005
IL17RB,V3,41,42,0.9170302125824953,-0.003936932742046386,-0.4342444915758144,0.42637062609172166,0.9874488161592604
IL17RB,V5,41,41,0.9632192207711497,-0.02694719969982926,-0.45985891916519,0.40596451976553144,0.9964165017853371
PIK3AP1,V3,41,42,0.7753481969450382,-0.04768868041232079,-0.47805847176539473,0.3826811109407532,0.9538647921179508
PIK3AP1,V5,41,41,0.9779265821482283,9.803566306181286e-4,-0.43191125223609284,0.4338719654973291,0.9964165017853371
MGMT,V3,41,42,0.4654404249529499,-0.12718364752797703,-0.5579362574245538,0.30356896236859976,0.8239225930080196
MGMT,V5,41,41,0.8464168650825652,-0.03749021289673444,-0.4704207712913725,0.39544034549790363,0.9964165017853371
HEXIM1,V3,41,42,0.8883340984505821,0.060847857502623046,-0.3695612807209936,0.4912569957262397,0.9874488161592604
HEXIM1,V5,41,41,0.9632192207711497,0.03216048165582456,-0.4007597828411303,0.46508074615277945,0.9964165017853371
CLEC4G,V3,41,42,0.671904731194507,-0.1419963610714348,-0.5728587100504958,0.2888659879076263,0.8930028102475492
CLEC4G,V5,41,41,0.1434786816658607,-0.33915397461977875,-0.7752237881237795,0.09691583888422195,0.6856239268034848
NTF3,V3,41,42,0.3203737031139622,-0.26351031783196754,-0.6957265181523995,0.16870588248846435,0.8183649169894438
NTF3,V5,41,41,0.5547633789274014,-0.2371824214077037,-0.6716312866736006,0.19726644385819322,0.9324192002629563
TNFSF11,V3,41,42,0.4014770929028118,-0.24099164890567512,-0.6728960835271509,0.1909127857158007,0.8183649169894438
TNFSF11,V5,41,41,0.07959773693010244,-0.4344950591386512,-0.8725907938414275,0.0036006755641249666,0.6321136273041945
MICB_MICA,V3,41,42,0.07639354570735195,0.3327525987692163,-0.10059471808599235,0.766099915624425,0.8183649169894438
MICB_MICA,V5,41,41,0.47148579489506837,-0.039463349794976996,-0.4723981186323023,0.3934714190423483,0.8837273014263586
BANK1,V3,41,42,0.9458336643596891,0.01654557625071919,-0.41376909858546035,0.4468602510868987,0.9874488161592604
BANK1,V5,41,41,0.8104711684233183,-0.005833194571891319,-0.43872572040168084,0.42705933125789824,0.9964165017853371
CD200R1,V3,41,42,0.3072464425439339,-0.21599180068423174,-0.6475824915568378,0.2155988901883743,0.8183649169894438
CD200R1,V5,41,41,0.5242243111806397,-0.2503377006535051,-0.6849637511678602,0.18428834986085008,0.9324192002629563
KRT19,V3,41,42,0.12305269923369358,-0.14634271681976876,-0.5772395515732788,0.2845541179337412,0.8183649169894438
KRT19,V5,41,41,0.024862445205848252,-0.33958723960769227,-0.7756651489145701,0.09649066969918546,0.593383692246245
PLXNA4,V3,41,42,0.23958169977160865,-0.3554024609837668,-0.7891760327068374,0.0783711107393038,0.8183649169894438
PLXNA4,V5,41,41,0.5906490533385252,-0.061890333562728383,-0.4948881282184027,0.37110746109294596,0.9512026281180819
CD70,V3,41,42,0.01939947639792434,-0.4801528359020261,-0.9167662992767331,-0.0435393725273191,0.8183649169894438
CD70,V5,41,41,0.013082898683794331,-0.5974682370015797,-1.0401486303957082,-0.15478784360745118,0.4940661859261407
TGFA,V3,41,42,0.09023843618139128,-0.2121835597608932,-0.6437294521109078,0.2193623325891214,0.8183649169894438
TGFA,V5,41,41,0.10890753374589422,-0.1322039678348338,-0.5655799778639783,0.3011720421943107,0.6622286146940412
IL5RA,V3,41,42,0.39639348049278,-0.3690658095918989,-0.8031098675558157,0.06497824837201799,0.8183649169894438
IL5RA,V5,41,41,0.10088905281714357,-0.4562437375281688,-0.8948700065631048,-0.01761746849323287,0.6622286146940412
SLAMF7,V3,41,42,0.33385821380041214,-0.16783863987000386,-0.5989212707765743,0.26324399103656665,0.8183649169894438
SLAMF7,V5,41,41,0.09334308713917354,-0.3793411400097246,-0.8162051391677208,0.05752285914827154,0.6552318665847868
CD200,V3,41,42,0.14695280022436122,-0.3446166642469507,-0.7781838075295345,0.08895047903563313,0.8183649169894438
CD200,V5,41,41,0.32741136516917635,-0.3107562093877654,-0.7463176330303896,0.12480521425485874,0.8143362255792861
GZMB,V3,41,42,0.9747073320329979,-0.11453671345981348,-0.5452051683166863,0.31613174139705935,0.9874488161592604
GZMB,V5,41,41,0.06077233337110178,-0.48635362503969404,-0.9257559961255217,-0.046951253953866345,0.6321136273041945
IL32,V3,41,42,0.7962527545635376,0.023433398461973263,-0.4068888637348512,0.4537556606587978,0.9695866875297499
IL32,V5,41,41,0.07800035711144383,-0.4254847334024467,-0.8633680814809142,0.01239861467602077,0.6321136273041945
LIFR,V3,41,42,0.8411815980464762,-0.14747146548508286,-0.5783774257924985,0.28343449482233285,0.9865447689422203
LIFR,V5,41,41,0.25549451608843887,-0.34954252791623175,-0.7858092619709124,0.08672420613844889,0.7866725032597293
CD84,V3,41,42,0.04322701711688031,-0.5445079267953595,-0.9829084748630306,-0.10610737872768844,0.8183649169894438
CD84,V5,41,41,0.30502724750237387,-0.21709492487798154,-0.6512915602945519,0.2171017105385889,0.7912356222381592
CLEC4D,V3,41,42,0.07487589510978244,-0.433673913415441,-0.8691324227113423,0.0017845958804603157,0.8183649169894438
CLEC4D,V5,41,41,0.29894653485116157,-0.24475239988297554,-0.6793020641131478,0.18979726434719668,0.7912356222381592
CCL3,V3,41,42,0.015045775180035255,-0.5508669312582156,-0.9894558245714583,-0.11227803794497293,0.8183649169894438
CCL3,V5,41,41,0.05458028197314602,-0.4176651133865804,-0.8553676675477988,0.020037440774637982,0.6321136273041945
TNFSF10,V3,41,42,0.14441553379342803,-0.28340330845618833,-0.7159178649605438,0.14911124804816706,0.8183649169894438
TNFSF10,V5,41,41,0.005959339816025553,-0.6637981643650478,-1.1087415318890457,-0.21885479684104997,0.42668873082742953
TLR3,V3,41,42,0.2359538527112615,-0.3244226499669735,-0.7576201606786082,0.10877486074466108,0.8183649169894438
TLR3,V5,41,41,0.13353595634450952,-0.3656426272488739,-0.8022260988063794,0.07094084430863151,0.6856239268034848
CXCL6,V3,41,42,0.2218273900523869,-0.30190619077730013,-0.7347175325811757,0.13090515102657535,0.8183649169894438
CXCL6,V5,41,41,0.3366529647646211,-0.167700480316471,-0.601371284051391,0.26597032341844895,0.8143362255792861
PCDH1,V3,41,42,0.07060729731091026,0.2891803456059545,-0.14342488118548347,0.7217855723973925,0.8183649169894438
PCDH1,V5,41,41,0.9852833565139927,-0.059069817244681376,-0.4920581527493186,0.37391851825995587,0.9964165017853371
HPCAL1,V3,41,42,0.19856825748163423,-0.3087982173104392,-0.7417248483225997,0.12412841370172123,0.8183649169894438
HPCAL1,V5,41,41,0.6445688207286441,-0.08192590042387748,-0.5150035765347541,0.3511517756869992,0.9614818242535608
CKAP4,V3,41,42,0.9530469556133357,-0.012860637408905348,-0.44317232650585053,0.4174510516880398,0.9874488161592604
CKAP4,V5,41,41,0.19525674035676432,-0.34903313482892095,-0.7852900766573756,0.08722380699953369,0.7568244550013883
FKBP1B,V3,41,42,0.11650219979128075,-0.3655513658166629,-0.7995248917669269,0.06842216013360097,0.8183649169894438
FKBP1B,V5,41,41,0.889966227725727,-0.01511883530002,-0.4480167564515904,0.4177790858515504,0.9964165017853371
DFFA,V3,41,42,0.4221952155729392,-0.09277804406082706,-0.5233222910079357,0.33776620288628156,0.8183649169894438
DFFA,V5,41,41,0.664563418457537,-0.121776818657508,-0.5550794617288968,0.31152582441388077,0.9690280316583904
TGFB1,V3,41,42,0.0609999245409011,-0.4923294614989341,-0.9292643788647348,-0.05539454413313333,0.8183649169894438
TGFB1,V5,41,41,0.4007042259344762,-0.20031200063025004,-0.6343149047017681,0.233690903441268,0.8292029646505347
CXCL17,V3,41,42,0.43278243429198293,0.14316370999378222,-0.28770779936279345,0.574035219350358,0.8239225930080196
CXCL17,V5,41,41,0.3802661933931215,-0.20568066917328565,-0.6397438603110668,0.2283825219644955,0.8250624074832577
NUDC,V3,41,42,0.41695841545375234,-0.19897768994098694,-0.6303743734968419,0.23241899361486804,0.8183649169894438
NUDC,V5,41,41,0.8176312985484684,-0.04225121028406692,-0.4751922960652139,0.39068987549708006,0.9964165017853371
TNFSF12,V3,41,42,0.13944080142840942,-0.4039539426992313,-0.8387340951002965,0.030826209701833918,0.8183649169894438
TNFSF12,V5,41,41,0.07336253284757127,-0.384174417733473,-0.8211398139021312,0.05279097843518521,0.6321136273041945
EIF4G1,V3,41,42,0.4710121083671921,-0.12796416186580928,-0.5587222533856069,0.30279392965398827,0.8239225930080196
EIF4G1,V5,41,41,0.9118731548124229,-0.05953596798180462,-0.4925258363992297,0.3734539004356205,0.9964165017853371
BSG,V3,41,42,0.44352002490960496,-0.23826129416354375,-0.6701298050573037,0.19360721673021614,0.8239225930080196
BSG,V5,41,41,0.34605879698534053,-0.32747576217015417,-0.7633312007623344,0.10837967642202606,0.8204572802698803
DNAJA2,V3,41,42,0.4117596975259566,-0.1573959329368238,-0.5883851387659924,0.27359327289234486,0.8183649169894438
DNAJA2,V5,41,41,0.970571664204212,-0.004751179676675266,-0.437643387906341,0.42814102855299047,0.9964165017853371
CD244,V3,41,42,0.18008003603501851,-0.2615145908188759,-0.6937020461880181,0.17067286455026626,0.8183649169894438
CD244,V5,41,41,0.08454812360026198,-0.4230536750601506,-0.8608804645362,0.014773114415898791,0.6440048563594424
KLRB1,V3,41,42,0.5959767401665277,-0.09656214224737676,-0.5271261199896309,0.33400183549487733,0.8422526363383754
KLRB1,V5,41,41,0.002143879365408182,-0.710724634240604,-1.157404924138727,-0.26404434434248086,0.2817196226223935
SERPINB8,V3,41,42,0.4710121083671921,-0.09503938224499735,-0.5255953253936767,0.335516560903682,0.8239225930080196
SERPINB8,V5,41,41,0.3366529647646211,-0.23485423307455214,-0.6692727291993837,0.19956426305027944,0.8143362255792861
CXCL8,V3,41,42,0.08271388691915481,-0.4027119553323965,-0.8374647851384978,0.032040874473704684,0.8183649169894438
CXCL8,V5,41,41,0.09152835637509706,-0.4427040829594298,-0.8809970985801729,-0.0044110673386866806,0.6552318665847868
KLRD1,V3,41,42,0.8163350631741305,0.07475021283646664,-0.35571085335715497,0.5052112790300882,0.9753148513716058
KLRD1,V5,41,41,0.22930336439993337,-0.31882962190756875,-0.7545311187397863,0.11687187492464884,0.7749797329537959
IL16,V3,41,42,0.23236461447856008,-0.3276926603205311,-0.7609485323985057,0.10556321175744349,0.8183649169894438
IL16,V5,41,41,0.5424451349114037,-0.23633552577983927,-0.6707733096268732,0.19810225806719464,0.9324192002629563
NFASC,V3,41,42,0.2359538527112615,-0.221284660374085,-0.6529389296412977,0.21036960889312772,0.8183649169894438
NFASC,V5,41,41,0.08974177393004784,-0.38739936974996486,-0.8244331227420196,0.04963438324208996,0.6552318665847868
CD79B,V3,41,42,0.10227202272881465,-0.3357979183427892,-0.7692009371240798,0.0976051004385014,0.8183649169894438
CD79B,V5,41,41,0.10483813145347465,-0.43107364371450835,-0.8690882186631165,0.006940931234099779,0.6622286146940412
CD22,V3,41,42,0.3667069748735292,-0.2075225272437735,-0.6390146675980121,0.22396961311046504,0.8183649169894438
CD22,V5,41,41,0.24028701217282497,-0.1965495525899212,-0.630511151936505,0.23741204675666258,0.7749797329537959
LAMP3,V3,41,42,0.09660860244382251,-0.4027933339746285,-0.837547951513735,0.03196128356447786,0.8183649169894438
LAMP3,V5,41,41,0.018872019069449544,-0.5875468598287902,-1.0299083020502122,-0.14518541760736808,0.5630152355719114
FCRL2,V3,41,42,0.03953351590235314,-0.5852493561445451,-1.024892993054344,-0.14560571923474613,0.8183649169894438
FCRL2,V5,41,41,0.0324113769394116,-0.5397736409237829,-0.9806711001016746,-0.09887618174589113,0.6321136273041945
LAT,V3,41,42,0.27000631597505353,-0.27403615658025166,-0.7064075458744237,0.15833523271392042,0.8183649169894438
LAT,V5,41,41,0.5861377113741169,-0.12180755404876255,-0.5551104045440968,0.3114952964465717,0.9512026281180819
GMPR,V3,41,42,0.9458336643596891,0.010228239588944204,-0.42008177479972436,0.44053825397761276,0.9874488161592604
GMPR,V5,41,41,0.7121244810609514,0.06329527135898239,-0.3697073995417489,0.4962979422597137,0.9843265027792301
TPSAB1,V3,41,42,0.11934584852252214,-0.3842312377474823,-0.8185872552122577,0.05012477971729318,0.8183649169894438
TPSAB1,V5,41,41,0.20175460059839928,-0.41432819187691167,-0.851954593095738,0.023298209341914622,0.7568244550013883
PPP1R9B,V3,41,42,0.4879434571374631,-0.12214044045975019,-0.552858438275999,0.30857755735649867,0.8358069549769376
PPP1R9B,V5,41,41,0.970571664204212,0.012865010959538155,-0.42003116113080535,0.4457611830498817,0.9964165017853371
PRDX5,V3,41,42,0.3618960319164869,-0.2185760422260295,-0.6501975841686787,0.21304549971661962,0.8183649169894438
PRDX5,V5,41,41,0.8826815127850661,0.012849166467916727,-0.42004699432370357,0.445745327259537,0.9964165017853371
ADA,V3,41,42,0.6867833919433709,-0.15704518012954408,-0.588031351768882,0.2739409915097938,0.9039281408666425
ADA,V5,41,41,0.30067389864121674,-0.28971714979742047,-0.724930230893072,0.14549593129823102,0.7912356222381592
TNFRSF11A,V3,41,42,0.14695280022436122,-0.41753615180216086,-0.8526204755328775,0.017548171928555678,0.8183649169894438
TNFRSF11A,V5,41,41,0.05699162574836401,-0.5372316547842984,-0.9780545631629161,-0.0964087464056807,0.6321136273041945
CD160,V3,41,42,0.1656658700217253,-0.28148649034490625,-0.7139713626086145,0.150998381918802,0.8183649169894438
CD160,V5,41,41,0.0031477052806971337,-0.6781470025507663,-1.1236095950929867,-0.23268441000854584,0.2817196226223935
HCLS1,V3,41,42,0.37644649500905375,-0.19868741220045585,-0.6300809230991705,0.23270609869825884,0.8183649169894438
HCLS1,V5,41,41,0.6712819884113989,-0.0893563160083459,-0.5224692701274598,0.34375663811076795,0.9690280316583904
CD6,V3,41,42,0.019889478379282288,-0.5511115040351879,-0.9897076833138598,-0.1125153247565161,0.8183649169894438
CD6,V5,41,41,0.002602387380072635,-0.6746505848686247,-1.1199856894418685,-0.22931548029538096,0.2817196226223935
VEGFA,V3,41,42,0.18812457194191554,-0.2264459305836878,-0.6581636704398789,0.20527180927250324,0.8183649169894438
VEGFA,V5,41,41,0.12412915868976838,-0.2546753884926813,-0.6893619420354014,0.18001116505003883,0.6836652124759551
ADAM23,V3,41,42,0.022502875233350716,-0.4954601246746212,-0.932478951218915,-0.05844129813032739,0.8183649169894438
ADAM23,V5,41,41,0.03995463875966785,-0.4902011994546645,-0.9297062143362946,-0.05069618457303432,0.6321136273041945
IL18R1,V3,41,42,0.9242224567563853,-0.08316832555891461,-0.5136660070559927,0.3473293559381635,0.9874488161592604
IL18R1,V5,41,41,0.2050613746791471,-0.20756330860138253,-0.6416480162637829,0.2265213990610178,0.7568244550013883
TNFRSF4,V3,41,42,0.4014770929028118,-0.16571240913722068,-0.5967755331043332,0.2653507148298918,0.8183649169894438
TNFRSF4,V5,41,41,0.19525674035676432,-0.37067569074934564,-0.8073610548056611,0.06600967330696977,0.7568244550013883
C1QA,V3,41,42,0.938624762914225,0.0013588981998229428,-0.4289482844405277,0.43166608084017355,0.9874488161592604
C1QA,V5,41,41,0.2673255973681962,-0.2416392556983468,-0.6761470859660939,0.19286857456940024,0.7866725032597293
CCL13,V3,41,42,0.5834579294703031,-0.2174961211700287,-0.6491047264902625,0.21411248415020512,0.8422526363383754
CCL13,V5,41,41,0.2795237534557595,-0.10696676069675273,-0.5401755344762705,0.326242013082765,0.7866725032597293
MERTK,V3,41,42,0.2743962644550657,-0.3290864316027328,-0.7623673544432622,0.10419449123779656,0.8183649169894438
MERTK,V5,41,41,0.33946211541608934,-0.3061669128500212,-0.7416502944130647,0.12931646871302244,0.8156203846910065
AGRP,V3,41,42,0.9458336643596891,0.025377495573159287,-0.4049473812324505,0.45570237237876904,0.9874488161592604
AGRP,V5,41,41,0.889966227725727,0.08324573670833388,-0.3498379823507749,0.5163294557674426,0.9964165017853371
CTSO,V3,41,42,0.05373769361154601,-0.49369799419765514,-0.9306695280246375,-0.05672646037067269,0.8183649169894438
CTSO,V5,41,41,0.013800731450450859,-0.6337390191213699,-1.0776288046168565,-0.18984923362588335,0.4940661859261407
FLT3LG,V3,41,42,0.29699516065862896,-0.2985558284869469,-0.7313120548269572,0.13420039785306337,0.8183649169894438
FLT3LG,V5,41,41,0.18891197878965366,-0.32436438057081807,-0.7601639538920038,0.11143519275036762,0.7568244550013883
VEGFD,V3,41,42,0.22881387132033235,-0.2589257984551203,-0.6910762895860709,0.1732246926758303,0.8183649169894438
VEGFD,V5,41,41,0.4490102983852025,-0.22586763381930597,-0.6601716985311974,0.20843643089258546,0.8688956044427162
GZMA,V3,41,42,0.9819323423259685,-0.058239568044232914,-0.4886401494623785,0.37216101337391266,0.9874488161592604
GZMA,V5,41,41,0.01142931083497511,-0.49261483276087814,-0.9321846379203076,-0.05304502760144869,0.4940661859261407
CLSTN2,V3,41,42,0.3029501054757239,-0.19747391930735422,-0.6288542169608359,0.23390637834612746,0.8183649169894438
CLSTN2,V5,41,41,0.8464168650825652,-0.08607687638264838,-0.5191738834504103,0.34702013068511356,0.9964165017853371
FASLG,V3,41,42,0.5649104793631483,-0.03787235671091127,-0.4682190081393626,0.3924742947175401,0.8422526363383754
FASLG,V5,41,41,0.011346794722537813,-0.6158195016398428,-1.0591032957201185,-0.17253570755956715,0.4940661859261407
IL12B,V3,41,42,0.23236461447856008,-0.2204616246590423,-0.6521059070951958,0.21118265777711126,0.8183649169894438
IL12B,V5,41,41,0.12643149692329783,-0.388000177289323,-0.8250467270920099,0.0490463725133638,0.6856239268034848
CDSN,V3,41,42,0.4123610405590516,0.13274307178779587,-0.29804931216728114,0.5635354557428729,0.8183649169894438
CDSN,V5,41,41,0.2795237534557595,-0.19276764116004028,-0.6266885075266349,0.24115322520655427,0.7866725032597293
CCL11,V3,41,42,0.3618960319164869,-0.17583073804000202,-0.60698890776812,0.255327431688116,0.8183649169894438
CCL11,V5,41,41,0.19525674035676432,-0.26869004287428516,-0.7035791184257018,0.16619903267713143,0.7568244550013883
KYNU,V3,41,42,0.7614997475241579,0.09181314094291972,-0.3387262009198,0.5223524828056394,0.9433111059295798
KYNU,V5,41,41,0.6915923099423628,-0.07229422761517248,-0.505330726243277,0.360742271012932,0.9747639644069522
LY9,V3,41,42,0.22881387132033235,-0.17010703452176157,-0.6012107498403254,0.26099668079680227,0.8183649169894438
LY9,V5,41,41,0.01659071681766886,-0.5163532042550744,-0.9565766512846511,-0.07612975722549764,0.5399524200659502
CCL20,V3,41,42,0.9674843739256045,-0.002768842480373235,-0.4330761854832215,0.42753850052247505,0.9874488161592604
CCL20,V5,41,41,0.6780266416376619,-0.07248893536030006,-0.5055262155056348,0.36054834478503467,0.9747639644069522
MMP1,V3,41,42,0.2116332514227689,-0.2589069066705923,-0.6910571293940002,0.17324331605281562,0.8183649169894438
MMP1,V5,41,41,0.30502724750237387,-0.07841483572669372,-0.5114769060066632,0.35464723455327574,0.7912356222381592
PGF,V3,41,42,0.40659920976023095,-0.27999983718285143,-0.7124618241498999,0.1524621497841971,0.8183649169894438
PGF,V5,41,41,0.03995463875966785,-0.46296764884953223,-0.9017630480902361,-0.024172249608828356,0.6321136273041945
CCL25,V3,41,42,0.6022812148117992,-0.1820290992287843,-0.6132482633107224,0.24919006485315381,0.8422526363383754
CCL25,V5,41,41,0.5734905464127721,-0.10337934912322655,-0.5365672111183675,0.3298085128719143,0.9461272609021769
CXCL9,V3,41,42,0.8669045566908281,-0.02031487109639443,-0.4506333741778565,0.4100036319850677,0.9874488161592604
CXCL9,V5,41,41,0.36047464851328154,-0.20358458479848068,-0.6376240493798397,0.23045487978287837,0.8250624074832577
SMPDL3A,V3,41,42,0.8740377851351513,0.011776282578359021,-0.4185346704094771,0.4420872355661951,0.9874488161592604
SMPDL3A,V5,41,41,0.2795237534557595,-0.28242495698082687,-0.7175229369136205,0.15267302295196677,0.7866725032597293
EPHA1,V3,41,42,0.17132493589637962,-0.30522267469871484,-0.7380891733715802,0.12764382397415053,0.8183649169894438
EPHA1,V5,41,41,0.9408572046883275,0.007108969693901971,-0.4257840140277063,0.44000195341551024,0.9964165017853371
IFNGR1,V3,41,42,0.6213704030163435,-0.09925665680513919,-0.5298351642601674,0.331321850649889,0.8588826420071466
IFNGR1,V5,41,41,0.8391998710920148,0.030529048378689163,-0.40238838002830546,0.46344647678568374,0.9964165017853371
CTSC,V3,41,42,0.8032540131111602,-0.1667567546312721,-0.5978294288984685,0.2643159196359242,0.9715031645060653
CTSC,V5,41,41,0.7121244810609514,-0.13550083765572216,-0.5689012956666929,0.29789962035524864,0.9843265027792301
CD276,V3,41,42,0.7546034501442722,0.14100430449039184,-0.2898503184588349,0.5718589274396186,0.9433111059295798
CD276,V5,41,41,0.7190155463104064,0.09202180785427083,-0.3411045466270158,0.5251481623355574,0.9862358834449253
DBNL,V3,41,42,0.45440654232553734,-0.1901445819764219,-0.6214467860471773,0.24115762209433347,0.8239225930080196
DBNL,V5,41,41,0.955869869323158,0.007906671127837918,-0.4249866447678152,0.4407999870234911,0.9964165017853371
PKLR,V3,41,42,0.5110143023152617,0.19495147003302454,-0.23640161940473603,0.6263045594707851,0.8358069549769376
PKLR,V5,41,41,0.8681420813663075,0.022554384779067804,-0.41035130453994373,0.4554600740980793,0.9964165017853371
NCK2,V3,41,42,0.2218273900523869,-0.25375227659069705,-0.6858299897870277,0.17832543660563366,0.8183649169894438
NCK2,V5,41,41,0.8972601420408413,0.01706685220819302,-0.41583280767000214,0.4499665120863882,0.9964165017853371
TIMP3,V3,41,42,0.27000631597505353,-0.24296428769495404,-0.6748949294597479,0.18896635406983991,0.8183649169894438
TIMP3,V5,41,41,0.6512063796148355,-0.08033571802728658,-0.5134062415585914,0.35273480550401826,0.9633548921574839
PLA2G4A,V3,41,42,0.4654404249529499,-0.17136986214880612,-0.6024854374702182,0.2597457131726059,0.8239225930080196
PLA2G4A,V5,41,41,0.9999999999999993,0.05435535725641968,-0.37861815187891706,0.4873288663917564,0.9999999999999993
CCL21,V3,41,42,0.938624762914225,-0.15301415495052592,-0.5839659406068585,0.2779376307058067,0.9874488161592604
CCL21,V5,41,41,0.2878606087347054,-0.1724636163081024,-0.6061792698911967,0.2612520372749919,0.7866725032597293
MMP10,V3,41,42,0.10035589145046253,0.4453034833579841,0.009566731870069844,0.8810402348458983,0.8183649169894438
MMP10,V5,41,41,0.3802661933931215,-0.2553518595278103,-0.6900479415539595,0.17934422249833887,0.8250624074832577
SCGB1A1,V3,41,42,0.3029501054757239,-0.23350913945454407,-0.6653160947104844,0.19829781580139624,0.8183649169894438
SCGB1A1,V5,41,41,0.1512969000488137,-0.3026257587220962,-0.7380497063535154,0.13279818890932304,0.6856239268034848
ENPP7,V3,41,42,0.522757517712014,0.01577326024056479,-0.4145407268432728,0.4460872473244024,0.8358069549769376
ENPP7,V5,41,41,0.9852015837410426,0.007095661277543587,-0.42579731720157055,0.4399886397566577,0.9964165017853371
SIGLEC1,V3,41,42,0.7408692513255808,-0.03792111060640821,-0.46826786384469854,0.39242564263188207,0.9433111059295798
SIGLEC1,V5,41,41,0.07488303588244347,-0.40603548348856994,-0.8434752234891798,0.03140425651203993,0.6321136273041945
F2R,V3,41,42,0.40659920976023095,-0.29638128867881175,-0.7291020679750541,0.13633949061743056,0.8183649169894438
F2R,V5,41,41,0.7538005854797287,-0.07281529775997973,-0.5058538925688078,0.3602232970488483,0.9921345941240547
CD48,V3,41,42,0.5710617233118633,-0.14079730120232342,-0.5716503188453181,0.29005571644067135,0.8422526363383754
CD48,V5,41,41,0.055775223109858836,-0.4316883912238323,-0.8697175024832425,0.006340720035577951,0.6321136273041945
CCL23,V3,41,42,0.45990516513859414,-0.19926308445320995,-0.6306628917866175,0.23213672288019765,0.8239225930080196
CCL23,V5,41,41,0.6915923099423628,-0.11097419103870229,-0.5442071671725268,0.3222587850951222,0.9747639644069522
IL18,V3,41,42,0.9674843739256045,-0.1504276255991174,-0.5813578168068952,0.2805025656086605,0.9874488161592604
IL18,V5,41,41,0.9632192207711497,0.03179796225184694,-0.40112165928545923,0.4647175837891531,0.9964165017853371
CCL4,V3,41,42,0.028623834469931556,-0.4749816797639501,-0.9114609936804026,-0.03850236584749772,0.8183649169894438
CCL4,V5,41,41,0.25549451608843887,-0.2695895688436699,-0.704492010308051,0.16531287262071115,0.7866725032597293
IL10RB,V3,41,42,0.6472181322858683,-0.09886035288660013,-0.5294366982902724,0.3317159925170722,0.877667012720988
IL10RB,V5,41,41,0.6183019731515813,-0.08082756279086162,-0.5139002836587658,0.35224515807704254,0.9577680963724599
CXCL10,V3,41,42,0.9674843739256045,0.015335702809377013,-0.4149779092129849,0.4456493148317389,0.9874488161592604
CXCL10,V5,41,41,0.046793944829853606,-0.30702104918300577,-0.742518868651554,0.12847677028554255,0.6321136273041945
EGF,V3,41,42,0.2218273900523869,-0.2827342361684728,-0.7152384086265084,0.1497699362895628,0.8183649169894438
EGF,V5,41,41,0.9191910411097391,-0.01085057934288504,-0.4437454265867626,0.42204426790099253,0.9964165017853371
CRLF1,V3,41,42,0.8102709231223275,0.05469036231659966,-0.3756991772961664,0.4850799019293658,0.9734127197241383
CRLF1,V5,41,41,0.4490102983852025,0.14150083207951883,-0.2919456603824401,0.5749473245414778,0.8688956044427162
IL1RN,V3,41,42,0.40659920976023095,-0.17688316666812165,-0.6080515443949324,0.2542852110586891,0.8183649169894438
IL1RN,V5,41,41,0.36536157744130826,-0.2074272916607814,-0.6415104382627317,0.22665585494116886,0.8250624074832577
CRIM1,V3,41,42,0.33385821380041214,-0.22986912097841242,-0.6616297592756666,0.20189151731884172,0.8183649169894438
CRIM1,V5,41,41,0.1512969000488137,-0.29758666748754525,-0.732927218460526,0.13775388348543544,0.6856239268034848
TNFRSF13B,V3,41,42,0.21839139951683872,-0.19607464266990698,-0.6274398041407659,0.23529051880095198,0.8183649169894438
TNFRSF13B,V5,41,41,0.13353595634450952,-0.37420939149159355,-0.810967111888427,0.06254832890523987,0.6856239268034848
ANGPTL4,V3,41,42,0.9818331669061582,-0.037957053819497454,-0.468303882199706,0.3923897745607111,0.9874488161592604
ANGPTL4,V5,41,41,0.0703964390527883,-0.34174016656556316,-0.7778584555758914,0.09437812244476507,0.6321136273041945
CST7,V3,41,42,0.11228792791413918,-0.35433602418476295,-0.7880889065086425,0.07941685813911664,0.8183649169894438
CST7,V5,41,41,0.08122130406701941,-0.36837054497871885,-0.8050090722774372,0.06826798231999959,0.6321136273041945
ERBB3,V3,41,42,0.4117596975259566,-0.17131125068596878,-0.6024262736165937,0.2598037722446561,0.8183649169894438
ERBB3,V5,41,41,0.2795237534557595,-0.3059292346634155,-0.741408605698494,0.12955013637166302,0.7866725032597293
NELL2,V3,41,42,0.38137489765481636,-0.09694727267502952,-0.5275133027054291,0.33361875735537005,0.8183649169894438
NELL2,V5,41,41,0.2365857921541449,-0.2133946952382728,-0.6475472864169034,0.22075789594035772,0.7749797329537959
MANF,V3,41,42,0.3430460844280935,-0.21927262868713013,-0.6509025489869503,0.2123572916126901,0.8183649169894438
MANF,V5,41,41,0.9632192207711497,-0.008660102621880517,-0.44155376466632695,0.42423355942256596,0.9964165017853371
LY6D,V3,41,42,0.499408901725506,-0.10395431477844523,-0.5345591085706252,0.3266504790137347,0.8358069549769376
LY6D,V5,41,41,0.09895895084733092,-0.28831435482965106,-0.7235050684434776,0.14687635878417554,0.6622286146940412
CCN2,V3,41,42,0.5959767401665277,-0.16114731990248973,-0.5921693991186551,0.26987475931367566,0.8422526363383754
CCN2,V5,41,41,0.6712819884113989,-0.058488674108108436,-0.49147511542058614,0.3744977672043693,0.9690280316583904
GLOD4,V3,41,42,0.8384842947095064,0.019817493522585276,-0.41050045956438713,0.4501354466095577,0.9865447689422203
GLOD4,V5,41,41,0.9779265821482283,0.03725643117847025,-0.39567364265745064,0.4701865050143912,0.9964165017853371
DNER,V3,41,42,0.9747073320329979,0.007771110590612678,-0.4225376851702655,0.4380799063514909,0.9874488161592604
DNER,V5,41,41,0.4217810190867536,-0.16750481998665698,-0.6011738081367402,0.26616416816342625,0.85794093655146475
BTN2A1,V3,41,42,0.33385821380041214,-0.14792304770144052,-0.5788326784818797,0.2829865830789986,0.8183649169894438
BTN2A1,V5,41,41,0.17967871899869536,-0.3074710946296321,-0.7429765374345938,0.1280343481753295,0.7567644870768582
SHMT1,V3,41,42,0.8102709231223275,-7.929086319832672e-4,-0.43110005771400994,0.4295142404500434,0.9734127197241383
SHMT1,V5,41,41,0.9118731548124229,0.02266142285033188,-0.4102444006825409,0.4555672463832047,0.9964165017853371
FGF19,V3,41,42,0.28616152635116593,0.24962572325746404,-0.18239498458973571,0.6816464311046638,0.8183649169894438
FGF19,V5,41,41,0.1434786816658607,0.32316638219048344,-0.11261182122290359,0.7589445856038705,0.6856239268034848
CD58,V3,41,42,0.40659920976023095,-0.17788408169908232,-0.6090622240615597,0.2532940606633951,0.8183649169894438
CD58,V5,41,41,0.5925088996377996,-0.1111027911451518,-0.5443365586590972,0.3221309763687937,0.9512026281180819
PTPN6,V3,41,42,0.35712440504483134,-0.22956966778272822,-0.661326527900406,0.2021871923349496,0.8183649169894438
PTPN6,V5,41,41,0.7678587197017994,0.01605139450982655,-0.41684733274871966,0.4489501217683728,0.9959906581639282
HSPA1A,V3,41,42,0.5346362924293818,-0.16827336160426143,-0.599360011343807,0.26281328813528415,0.8358069549769376
HSPA1A,V5,41,41,0.5063189318722715,0.06877381709712008,-0.36424891366840595,0.5017965478626462,0.9248070286238428
CSF1,V3,41,42,0.9600462251184123,-0.0025112513376054665,-0.4328185568637869,0.4277960541885759,0.9874488161592604
CSF1,V5,41,41,0.2593975445304347,-0.2272765152451113,-0.6615982269318866,0.20704519644166405,0.7866725032597293
SPINT2,V3,41,42,0.499408901725506,-0.2537448251419989,-0.6858224345664696,0.17833278428247173,0.8358069549769376
SPINT2,V5,41,41,0.7121244810609514,-0.08410806268495405,-0.5171957820697092,0.348979656699801,0.9843265027792301
CKMT1A_CKMT1B,V3,41,42,0.9891588188175907,-0.022884750029883615,-0.4532063120317091,0.40743681197194187,0.9891588188175907
CKMT1A_CKMT1B,V5,41,41,0.1460499564122073,-0.17976570798874292,-0.6135525475110661,0.25402113153358036,0.6856239268034848
FIS1,V3,41,42,0.05038340532216815,-0.44047686781286677,-0.876097268419388,-0.004856467206345638,0.8183649169894438
FIS1,V5,41,41,0.3802661933931215,-0.17107012383130013,-0.6047725267477654,0.26263227908516507,0.8250624074832577
SCGB3A2,V3,41,42,0.19539513844872133,-0.34021392104846887,-0.7736986014364742,0.09327075933953649,0.8183649169894438
SCGB3A2,V5,41,41,0.02425770950082766,-0.4615191938097984,-0.900277955706354,-0.022760431913242785,0.593383692246245
CD40,V3,41,42,0.9026664325927538,-0.118792903936177,-0.5494886989629998,0.31190289109064573,0.9874488161592604
CD40,V5,41,41,0.6118082536231932,-0.07099141427055726,-0.5040227377226046,0.36203990918149015,0.9577680963724599
OMD,V3,41,42,0.5772443226621816,0.10528127568889775,-0.32533116311412014,0.5358937144919156,0.8422526363383754
OMD,V5,41,41,0.46581008833325355,0.1257753272992061,-0.3075547392049801,0.5591053938033923,0.8776842717016041
ANGPTL2,V3,41,42,0.8526707763765226,-0.08677681082693718,-0.517291382006032,0.34373776035215764,0.9865447689422203
ANGPTL2,V5,41,41,0.11741597842987728,-0.3401461276873351,-0.7762344951788767,0.09594223980420652,0.6779825851273559
GAL,V3,41,42,0.05405412228540127,-0.39656817021019575,-0.8311870549707778,0.03805071455038639,0.8183649169894438
GAL,V5,41,41,0.05000971730281169,-0.3644580806072793,-0.8010177705336665,0.07210160931910786,0.6321136273041945
SCG3,V3,41,42,0.4221952155729392,-0.2063819259795968,-0.6378610935040656,0.225097241544872,0.8183649169894438
SCG3,V5,41,41,0.2598275737930435,-0.2387601673317022,-0.6732297819602707,0.19570944729686635,0.7866725032597293
PDLIM7,V3,41,42,0.20502593631130386,-0.20802606835136292,-0.6395239584441808,0.22347182174145494,0.8183649169894438
PDLIM7,V5,41,41,0.9632192207711497,-0.008637650911963578,-0.4415313021863017,0.4242560003623746,0.9964165017853371
SMOC2,V3,41,42,0.499408901725506,-0.13101511598733867,-0.5617949557121185,0.29976472373744106,0.8358069549769376
SMOC2,V5,41,41,0.3802661933931215,-0.22251583253370083,-0.6567783524242076,0.2117466873568059,0.8250624074832577
TREM2,V3,41,42,0.5110143023152617,-0.23783400616234673,-0.6696969319298722,0.1940289196051787,0.8358069549769376
TREM2,V5,41,41,0.6379591649422973,-0.16280913589408166,-0.5964351851264826,0.27081691333831936,0.9614818242535608
MZB1,V3,41,42,0.3476993718548228,-0.18739844461691854,-0.6186721458227242,0.24387525658888712,0.8183649169894438
MZB1,V5,41,41,0.121859299752979,-0.3377738751734818,-0.7738179686332145,0.09827021828625088,0.6816504579932263
TNFSF13,V3,41,42,0.2944765045037564,-0.26404491967169585,-0.6962688567782708,0.16817901743487906,0.8183649169894438
TNFSF13,V5,41,41,0.5424451349114037,-0.191874173196905,-0.6257855315045239,0.2420371851107139,0.9324192002629563
ROBO1,V3,41,42,0.8597820332680803,-0.008589222878084037,-0.43889838743970766,0.42171994168353955,0.9865447689422203
ROBO1,V5,41,41,0.5424451349114037,-0.1090020194347734,-0.5422229738349531,0.32421893496540627,0.9324192002629563
TNFRSF11B,V3,41,42,0.24695364966686686,-0.3016876097429544,-0.7344953372188464,0.13112011773293764,0.8183649169894438
TNFRSF11B,V5,41,41,0.7890869403337829,0.00880905043972943,-0.4240846837631172,0.441702784642576,0.9964165017853371
ENPP5,V3,41,42,0.6022812148117992,-0.07161289265734809,-0.5020613106110643,0.35883552529636814,0.8422526363383754
ENPP5,V5,41,41,0.2329246159174975,-0.22761453202962575,-0.6619404937675317,0.20671142970828024,0.7749797329537959
LAIR1,V3,41,42,0.49365855559262845,-0.11287670646317331,-0.543534767975645,0.3177813550492984,0.8358069549769376
LAIR1,V5,41,41,0.2329246159174975,-0.27653314243705335,-0.711540246459269,0.15847396158516242,0.7749797329537959
COLEC12,V3,41,42,0.8243495478925863,0.0651900063417283,-0.3652342078004587,0.49561422048391524,0.9804556084569631
COLEC12,V5,41,41,0.8391998710920148,-0.10025074153044891,-0.5334209477099471,0.3329194646490493,0.9964165017853371
SIRPB1,V3,41,42,0.5466482575921847,-0.11757163139830053,-0.5482594795678425,0.3131162167712414,0.8415952188638756
SIRPB1,V5,41,41,0.13113464093362753,-0.38904409235086473,-0.8261129231353443,0.04802473843361482,0.6856239268034848
ANGPT1,V3,41,42,0.2506979540509149,-0.23981178000269357,-0.671700641038712,0.19207708103332485,0.8183649169894438
ANGPT1,V5,41,41,0.6183019731515813,-0.08258232922892782,-0.5156629987768211,0.35049834031896543,0.9577680963724599
PDGFB,V3,41,42,0.19539513844872133,-0.26898437296942257,-0.7012805291634424,0.16331178322459727,0.8183649169894438
PDGFB,V5,41,41,0.46581008833325355,-0.12546370604114865,-0.558791603549999,0.3078641914677017,0.8776842717016041
CRKL,V3,41,42,0.4117596975259566,-0.16386477492741836,-0.5949111491637173,0.2671815993088807,0.8183649169894438
CRKL,V5,41,41,0.7819927925997132,-0.020833569953490828,-0.4537371887820749,0.41207004887509324,0.9964165017853371
EPCAM,V3,41,42,0.10819348412972321,-0.323615327497955,-0.7567985184457444,0.10956786344983444,0.8183649169894438
EPCAM,V5,41,41,0.28367167231123147,-0.32455731712723423,-0.7603603393473197,0.11124570509285131,0.7866725032597293
DNPH1,V3,41,42,0.9242224567563853,0.0829529164647519,-0.3475437794656365,0.5134496123951403,0.9874488161592604
DNPH1,V5,41,41,0.8536466233868488,0.058726899212997334,-0.37426031631223566,0.49171411473823035,0.9964165017853371
CCL17,V3,41,42,0.5110143023152617,-0.16385657447184934,-0.5949028747840753,0.2671897258403766,0.8358069549769376
CCL17,V5,41,41,0.8972601420408413,0.020359125384614426,-0.4125439514718958,0.4532622022411247,0.9964165017853371
MEGF10,V3,41,42,0.6668862147928308,0.09653760182612875,-0.33402624542132203,0.5271014490735795,0.8930028102475492
MEGF10,V5,41,41,0.9118731548124229,-0.06615891160948627,-0.4991718603295954,0.3668540371106228,0.9964165017853371
CRHBP,V3,41,42,0.5466482575921847,0.03835084607351121,-0.3919968102198435,0.4686985023668659,0.8415952188638756
CRHBP,V5,41,41,0.9191910411097391,0.02911902363929904,-0.4037960724838321,0.46203411976243014,0.9964165017853371
LGALS4,V3,41,42,0.16847776753800905,-0.31697583415385117,-0.7500425937906547,0.11609092548295236,0.8183649169894438
LGALS4,V5,41,41,0.121859299752979,-0.40107544591676836,-0.8384053064179336,0.03625441458439693,0.6816504579932263
LHPP,V3,41,42,0.8384842947095064,0.09299625437139762,-0.3375491089496158,0.523541617692411,0.9865447689422203
LHPP,V5,41,41,0.7468013438706507,0.051341524973774456,-0.381623151602988,0.48430620155053694,0.9921345941240547
TPP1,V3,41,42,0.4654404249529499,-0.16088716176664825,-0.5919069363137931,0.2701326127804966,0.8239225930080196
TPP1,V5,41,41,0.6512063796148355,-0.1269517339861681,-0.5602900370992641,0.30638656912692785,0.9633548921574839
CRELD2,V3,41,42,0.8173029480767646,-0.047736308818383484,-0.47810622538562103,0.3826336077488541,0.9753148513716058
CRELD2,V5,41,41,0.9926413687507629,0.08293195170771524,-0.3501503219251857,0.5160142253406161,0.998218005653857
CTRC,V3,41,42,0.23279671704565466,-0.2085815886138538,-0.6400858380519847,0.2229226608242771,0.8183649169894438
CTRC,V5,41,41,0.2878606087347054,-0.14553242016670134,-0.5790109619605744,0.2879461216271717,0.7866725032597293
MEPE,V3,41,42,0.3667069748735292,0.3002219046057567,-0.1325616536815239,0.7330054628930374,0.8183649169894438
MEPE,V5,41,41,0.7259292783933315,0.26248705894095453,-0.17231105270680314,0.6972851705887122,0.9863373297130268
CDON,V3,41,42,0.03953351590235314,-0.5012836852693408,-0.93845996842525925,-0.06410740211342225,0.8183649169894438
CDON,V5,41,41,0.22572191309893383,-0.3126441880578878,-0.7482380501989145,0.12294967408313895,0.7749797329537959
ADGRE2,V3,41,42,0.42746994267325694,0.07685277867171203,-0.35361706735380793,0.507322624697232,0.8183649169894438
ADGRE2,V5,41,41,0.41645243359274225,-0.1913931244199072,-0.6252993817362835,0.24251313289646914,0.85194269272115275
AGER,V3,41,42,0.29029920129367126,-0.25412952008883516,-0.6862124908790326,0.17795345070136231,0.8183649169894438
AGER,V5,41,41,0.1434786816658607,-0.13710504489309183,-0.5705176162026884,0.29630752641650476,0.6856239268034848
IL1R2,V3,41,42,0.9242224567563853,-0.023607311906545612,-0.4539297995170312,0.40671517570393995,0.9874488161592604
IL1R2,V5,41,41,0.955869869323158,0.03338766758318215,-0.3995348275252407,0.4663101626916051,0.9964165017853371
ESM1,V3,41,42,0.37155715715541726,-0.20228088919034054,-0.6337140003912991,0.22915222201061802,0.8183649169894438
ESM1,V5,41,41,0.5485873738299907,-0.16935497827644008,-0.6030412189739223,0.26433126242104216,0.9324192002629563
SPON1,V3,41,42,0.7001695026091996,-0.11309254734080065,-0.5437519516705605,0.3175668569889591,0.9148200070587353
SPON1,V5,41,41,0.8536466233868488,-0.02713920144219058,-0.4600512088833103,0.4057728059989292,0.9964165017853371
ATP5IF1,V3,41,42,0.2739858895438866,-0.2083619966034827,-0.6398637302355892,0.22313973702862383,0.8183649169894438
ATP5IF1,V5,41,41,0.8608885588612644,-0.01473764233778749,-0.44763524787244596,0.41815996319687093,0.9964165017853371
SKAP2,V3,41,42,0.25448127020556616,-0.2750324615864545,-0.7074188519280991,0.15735392875519005,0.8183649169894438
SKAP2,V5,41,41,0.9191910411097391,-0.03432598266781782,-0.46725023965513085,0.3985982743194952,0.9964165017853371
CXCL1,V3,41,42,0.33385821380041214,-0.18876307385067737,-0.6200508873008053,0.24252473959945048,0.8183649169894438
CXCL1,V5,41,41,0.2050613746791471,-0.1585450484368435,-0.5921331595443271,0.27504306267064016,0.7568244550013883
PRSS8,V3,41,42,0.9026664325927538,-0.08109783530154929,-0.5115861493280176,0.349390478724919,0.9874488161592604
PRSS8,V5,41,41,0.46017212088183007,-0.19805354389957402,-0.6320315608005576,0.2359244730014095,0.8762852089132722
PLAUR,V3,41,42,0.0074099435443069515,-0.6034104752436055,-1.0436359195854288,-0.16318503090178205,0.8183649169894438
PLAUR,V5,41,41,0.043684150469007366,-0.4296015435127284,-0.8675813914448061,0.008378304419349225,0.6321136273041945
CCL22,V3,41,42,0.4710121083671921,-0.12797045117490252,-0.558728587001015,0.3027876846512099,0.8239225930080196
CCL22,V5,41,41,0.6445688207286441,-0.056410315375274606,-0.48939013562189304,0.3765695048713439,0.9614818242535608
PRELP,V3,41,42,0.5346362924293818,0.13039839429373015,-0.3003770080037266,0.5611737965911869,0.8358069549769376
PRELP,V5,41,41,0.4771990070299759,-0.18521020576135167,-0.619052034850086,0.24863162332738264,0.8897773151913092
MATN2,V3,41,42,0.9819323423259685,0.02688038887140015,-0.40344665189585766,0.45720742963865796,0.9874488161592604
MATN2,V5,41,41,0.6847969076513309,0.10693327577150466,-0.32627529952414613,0.5401418510671555,0.9747639644069522
LTBR,V3,41,42,0.9891588188175907,-1.1247785386360001e-5,-0.4303183795474297,0.43029588397665697,0.9891588188175907
LTBR,V5,41,41,0.9040373109331017,-0.02841772282925227,-0.4613317000050746,0.4044962543465701,0.9964165017853371
LAMA4,V3,41,42,0.24324826428436572,-0.23609890012509208,-0.6679392484136158,0.19574144816343172,0.8183649169894438
LAMA4,V5,41,41,0.5672153170883011,-0.0629926664075145,-0.4959942777861407,0.3700089449711117,0.9444794582214501
FST,V3,41,42,0.6867833919433709,0.13993805626518008,-0.2909083230998346,0.5707844356301948,0.9039281408666425
FST,V5,41,41,0.2593975445304347,-0.21883022012020584,-0.6530477701842037,0.21538732994379198,0.7866725032597293
CHRDL1,V3,41,42,0.5267145503818454,0.09979472073889618,-0.3307867359714219,0.5303761774492143,0.8358069549769376
CHRDL1,V5,41,41,0.9118731548124229,-0.020201571401445562,-0.45310447104054996,0.4127013282376588,0.9964165017853371
CCL24,V3,41,42,0.8032540131111602,-0.090836107691256,-0.5213705350012013,0.33969831961868935,0.9715031645060653
CCL24,V5,41,41,0.6248253120473525,-0.08096536465148509,-0.5140387035580469,0.3521079742550768,0.9577680963724599
LGMN,V3,41,42,0.1547668990615249,-0.4118755986595996,-0.8468319587392401,0.02308076142004084,0.8183649169894438
LGMN,V5,41,41,0.10685765589480886,-0.3207904170843895,-0.756526468859742,0.11494563469096297,0.6622286146940412
DAG1,V3,41,42,0.7477264501483714,-0.1285764596003237,-0.5593388747678646,0.30218595556721717,0.9433111059295798
DAG1,V5,41,41,0.9265157027605246,0.08188833507247315,-0.35118917045548237,0.5149658406004286,0.9964165017853371
PNLIPRP2,V3,41,42,0.32482886428201696,0.0976313282283158,-0.3329383671227075,0.5282010235793391,0.8183649169894438
PNLIPRP2,V5,41,41,0.9118731548124229,-0.24163676193501554,-0.676144558905,0.19287103503496894,0.9964165017853371
OSCAR,V3,41,42,0.4766199947061226,-0.1664519673667471,-0.5975218482462024,0.2646179135127081,0.8283007674989897
OSCAR,V5,41,41,0.22572191309893383,-0.35294562588342815,-0.7892781394705934,0.08338688770373709,0.7749797329537959
PON3,V3,41,42,0.8384842947095064,-0.14792350761988174,-0.5788331421442556,0.2829861269044921,0.9865447689422203
PON3,V5,41,41,0.6313778512399456,-0.2347490753515602,-0.6691662068088557,0.19966805610573535,0.9577680963724599
FABP1,V3,41,42,0.673493739572174,-0.020650487568901102,-0.4509693694738968,0.40966839433609464,0.8930028102475492
FABP1,V5,41,41,0.536336995516491,-0.1541891467528113,-0.587739539124427,0.2793612456188044,0.9324192002629563
MPIG6B,V3,41,42,0.1419116102281885,-0.31471550259836234,-0.7477431683391176,0.11831216314239296,0.8183649169894438
MPIG6B,V5,41,41,0.8319962254219104,-0.10031903409821308,-0.5334896198918044,0.3328515516953783,0.9964165017853371
B4GALT1,V3,41,42,0.32932370860198124,0.2441179843855022,-0.1878280828822385,0.6760640516532429,0.8183649169894438
B4GALT1,V5,41,41,0.5547633789274014,0.08239462287966098,-0.3506851882557299,0.5154744340150519,0.9324192002629563
LGALS9,V3,41,42,0.6934646186624562,-0.02467290113514768,-0.45499680627274824,0.40565100400245285,0.9093785109199976
LGALS9,V5,41,41,0.040877082504504114,-0.500618866245353,-0.9404057352233737,-0.06083199726733235,0.6321136273041945
FSTL3,V3,41,42,0.4710121083671921,0.10973933221081986,-0.32089949984442945,0.5403781642660691,0.8239225930080196
FSTL3,V5,41,41,0.8319962254219104,-0.008628498783257728,-0.44152214567533155,0.4242651481088161,0.9964165017853371
TNFRSF14,V3,41,42,0.6022812148117992,-0.18151650432062957,-0.612730544453028,0.24969753581176882,0.8422526363383754
TNFRSF14,V5,41,41,0.44348687132460457,-0.11348645959202427,-0.5467350614123212,0.3197621422282726,0.8688956044427162
REG4,V3,41,42,0.13222474632303835,-0.24330829886991642,-0.6752435326481131,0.18862693490828022,0.8183649169894438
REG4,V5,41,41,0.0703964390527883,-0.41745564190179674,-0.8551533980695483,0.02024211426595479,0.6321136273041945
WFIKKN2,V3,41,42,0.6537479778456265,-0.11916647465672692,-0.5498647168917724,0.3115317675783186,0.8831765134669218
WFIKKN2,V5,41,41,0.09152835637509706,-0.38404299160636024,-0.8210056139289803,0.05291963071625977,0.6552318665847868
AGRN,V3,41,42,0.7892676803168979,0.06172965835457374,-0.36868245746301526,0.4921417741721627,0.9643611930151857
AGRN,V5,41,41,0.2920906035344502,-0.31010964490962883,-0.745660004151728,0.12544071433247028,0.7912356222381592
TFF2,V3,41,42,0.07046853080072385,-0.349035393223022,-0.782686348821024,0.08461556237497991,0.8183649169894438
TFF2,V5,41,41,0.046793944829853606,-0.49205133105506066,-0.9316059822575895,-0.052496679852531813,0.6321136273041945
CXCL3,V3,41,42,0.2359538527112615,-0.23925195245912528,-0.6711334506377824,0.1926295457195319,0.8183649169894438
CXCL3,V5,41,41,0.7890869403337829,-0.049873701774000516,-0.4828342589754253,0.38308685542742427,0.9964165017853371
NME3,V3,41,42,0.35239216406252494,-0.22818791103802874,-0.6599274009981185,0.20355157892206102,0.8183649169894438
NME3,V5,41,41,0.21740773481508072,-0.2591452260393985,-0.6938952041532537,0.1756047520744567,0.7749797329537959
