feature,modality,feature_name,module,kME
CyTOF_Eosinophils,CyTOF,Eosinophils,turquoise,-0.0871646961598081
CyTOF_Neutrophils,CyTOF,Neutrophils,turquoise,-0.0795880863894153
CyTOF_B.cells,CyTOF,B.cells,yellow,0.29218768971015585
CyTOF_NK,CyTOF,NK,turquoise,-0.07285576679151215
CyTOF_CD56bright.CD16neg.NK,CyTOF,CD56bright.CD16neg.NK,turquoise,-0.05764377036945932
CyTOF_CD56dim.CD16pos.NK,CyTOF,CD56dim.CD16pos.NK,turquoise,0.07620425672761057
CyTOF_CD123pos,CyTOF,CD123pos,turquoise,-0.0821301219029927
CyTOF_Basophils,CyTOF,Basophils,turquoise,-0.11777818528948145
CyTOF_pDCs,CyTOF,pDCs,turquoise,-0.0356352925993696
CyTOF_mDCs,CyTOF,mDCs,blue,0.25431583091491683
CyTOF_Classical.monocytes,CyTOF,Classical.monocytes,blue,0.24362636345738062
CyTOF_Intermediate.monocytes,CyTOF,Intermediate.monocytes,turquoise,-0.1132069247987919
CyTOF_Nonclassical.monocytes,CyTOF,Nonclassical.monocytes,turquoise,0.07282207366059745
CyTOF_T.cells,CyTOF,T.cells,red,0.922314633346291
CyTOF_CD4T,CyTOF,CD4T,red,0.9709110090177159
CyTOF_CD4T.TCM,CyTOF,CD4T.TCM,red,0.7937846491829893
CyTOF_CD4T.Naive,CyTOF,CD4T.Naive,red,0.9299439093633816
CyTOF_CD4T.TEMRA,CyTOF,CD4T.TEMRA,turquoise,0.16657390397008745
CyTOF_CD4T.TEM,CyTOF,CD4T.TEM,turquoise,0.14750131066908534
CyTOF_Tregs,CyTOF,Tregs,red,0.9095075563539526
CyTOF_CD8T,CyTOF,CD8T,turquoise,0.02714207193983975
CyTOF_CD8T.TCM,CyTOF,CD8T.TCM,brown,0.540855246148105
CyTOF_CD8T.Naive,CyTOF,CD8T.Naive,red,0.648630810278478
CyTOF_CD8T.TEMRA,CyTOF,CD8T.TEMRA,brown,0.4673221232210197
CyTOF_CD8T.TEM,CyTOF,CD8T.TEM,brown,0.5877697087547369
CyTOF_HLADRpos.T,CyTOF,HLADRpos.T,turquoise,0.06653937270926008
CyTOF_TCRgd.cells,CyTOF,TCRgd.cells,turquoise,0.07684407241269571
Olink_IL2,Olink,IL2,turquoise,0.1225976115983366
Olink_IL10RA,Olink,IL10RA,turquoise,0.20955524108463958
Olink_PAPPA,Olink,PAPPA,turquoise,0.19971671850179748
Olink_IL20RA,Olink,IL20RA,yellow,0.4709825680141747
Olink_EIF5A,Olink,EIF5A,turquoise,0.21383170249866346
Olink_JUN,Olink,JUN,turquoise,0.6630636839428984
Olink_RAB37,Olink,RAB37,turquoise,0.8341062687219161
Olink_IL4,Olink,IL4,turquoise,0.33515818315072443
Olink_IL1B,Olink,IL1B,turquoise,0.48722512902829845
Olink_IL33,Olink,IL33,turquoise,0.36635125616835734
Olink_LILRB4,Olink,LILRB4,brown,0.6304639260396719
Olink_IL13,Olink,IL13,yellow,0.31080626818586166
Olink_IL10,Olink,IL10,brown,0.6633752896143371
Olink_ARNT,Olink,ARNT,yellow,0.7097875992317834
Olink_TNFAIP8,Olink,TNFAIP8,turquoise,0.6570153310208978
Olink_LTO1,Olink,LTO1,turquoise,0.34932881691141904
Olink_ACTN4,Olink,ACTN4,turquoise,0.6224272235600871
Olink_LAP3,Olink,LAP3,turquoise,0.6555179527309676
Olink_AMBN,Olink,AMBN,blue,0.3538196947563329
Olink_LRRN1,Olink,LRRN1,blue,0.7603112530763159
Olink_PREB,Olink,PREB,turquoise,0.3689275496404251
Olink_IL24,Olink,IL24,turquoise,0.10948285369278583
Olink_CEP164,Olink,CEP164,turquoise,0.7622123967136193
Olink_NBN,Olink,NBN,turquoise,0.8674498887616596
Olink_FCRL3,Olink,FCRL3,turquoise,0.15810593613753848
Olink_PRKAB1,Olink,PRKAB1,turquoise,0.8535620820675116
Olink_PNPT1,Olink,PNPT1,turquoise,0.7411947551407598
Olink_ARTN,Olink,ARTN,turquoise,0.23079090075606068
Olink_RABGAP1L,Olink,RABGAP1L,turquoise,0.835946237862498
Olink_NCLN,Olink,NCLN,turquoise,0.22350213689006576
Olink_IL22RA1,Olink,IL22RA1,blue,0.4649161729608713
Olink_IL2RB,Olink,IL2RB,yellow,0.5377973889668729
Olink_MYO9B,Olink,MYO9B,turquoise,0.8481328704947424
Olink_AOC1,Olink,AOC1,turquoise,0.19043894090361016
Olink_IL20,Olink,IL20,blue,0.2539567472533713
Olink_RGS8,Olink,RGS8,yellow,0.5662964198255672
Olink_IL11,Olink,IL11,turquoise,0.07009122522779342
Olink_IL17F,Olink,IL17F,blue,0.5026031178569254
Olink_SCGN,Olink,SCGN,blue,0.5034767967606634
Olink_CXCL14,Olink,CXCL14,turquoise,0.20086269191933734
Olink_MVK,Olink,MVK,turquoise,0.3411816554057292
Olink_WNT9A,Olink,WNT9A,turquoise,0.055690307456042275
Olink_IL3RA,Olink,IL3RA,blue,0.3184022834475322
Olink_SIT1,Olink,SIT1,turquoise,0.3358752786132442
Olink_FXYD5,Olink,FXYD5,turquoise,0.8253620656612267
Olink_CXCL12,Olink,CXCL12,turquoise,0.4023389339422449
Olink_NRTN,Olink,NRTN,turquoise,0.17786177271901932
Olink_DGKZ,Olink,DGKZ,turquoise,0.6936760330192522
Olink_PADI2,Olink,PADI2,turquoise,0.3514079821508883
Olink_PRKCQ,Olink,PRKCQ,turquoise,0.33336907899493207
Olink_IL17A,Olink,IL17A,blue,0.2304882129552743
Olink_NFATC3,Olink,NFATC3,turquoise,0.697338330288447
Olink_GALNT3,Olink,GALNT3,turquoise,0.17972222999880189
Olink_IL5,Olink,IL5,turquoise,0.14988269820298392
Olink_TNF,Olink,TNF,brown,0.8358609497246687
Olink_TANK,Olink,TANK,turquoise,0.8431065631895567
Olink_SPRY2,Olink,SPRY2,turquoise,0.7913808365628618
Olink_TPT1,Olink,TPT1,turquoise,0.2610733359627951
Olink_IL17C,Olink,IL17C,blue,0.47478516664221393
Olink_YTHDF3,Olink,YTHDF3,turquoise,0.9538601226577919
Olink_WAS,Olink,WAS,turquoise,0.7455390327099103
Olink_TNFRSF13C,Olink,TNFRSF13C,yellow,0.7008464446553224
Olink_IL17D,Olink,IL17D,blue,0.6217918461178819
Olink_MILR1,Olink,MILR1,brown,0.4866100521750033
Olink_PRDX3,Olink,PRDX3,turquoise,0.8046299815732797
Olink_ICA1,Olink,ICA1,turquoise,0.8935513451060576
Olink_IRAK1,Olink,IRAK1,turquoise,0.9145884007622795
Olink_IL12RB1,Olink,IL12RB1,brown,0.8464639230339354
Olink_IL1RL2,Olink,IL1RL2,blue,0.3432828783863056
Olink_IL1A,Olink,IL1A,turquoise,0.12234925923746401
Olink_GBP2,Olink,GBP2,turquoise,0.6942412717253875
Olink_FGF5,Olink,FGF5,blue,0.4373005439460928
Olink_CSF3,Olink,CSF3,brown,0.35118505102654507
Olink_AMN,Olink,AMN,blue,0.4891413669954378
Olink_ITGB6,Olink,ITGB6,blue,0.760376039258407
Olink_JCHAIN,Olink,JCHAIN,yellow,0.612218864462316
Olink_IFNG,Olink,IFNG,brown,0.6555147864878544
Olink_SLAMF1,Olink,SLAMF1,brown,0.5779740500647251
Olink_ENAH,Olink,ENAH,turquoise,0.4572758988653099
Olink_IL15RA,Olink,IL15RA,brown,0.6407946493154817
Olink_PARP1,Olink,PARP1,turquoise,0.7903214086131211
Olink_FABP9,Olink,FABP9,turquoise,0.08105088489048719
Olink_SRPK2,Olink,SRPK2,turquoise,0.8997387257165227
Olink_FGF2,Olink,FGF2,turquoise,0.6481961185041656
Olink_ITM2A,Olink,ITM2A,blue,0.33640253517170016
Olink_BACH1,Olink,BACH1,turquoise,0.9377311597626288
Olink_IFNLR1,Olink,IFNLR1,yellow,0.7203409442073141
Olink_TRAF2,Olink,TRAF2,turquoise,0.7484829884496895
Olink_SULT2A1,Olink,SULT2A1,blue,0.35679853691693075
Olink_SPINK4,Olink,SPINK4,blue,0.4467021607167717
Olink_NUB1,Olink,NUB1,turquoise,0.9247299530885967
Olink_PSPN,Olink,PSPN,turquoise,0.0746054753227757
Olink_ALDH3A1,Olink,ALDH3A1,turquoise,0.3319262531119097
Olink_SH2D1A,Olink,SH2D1A,turquoise,0.7866265322088987
Olink_FOXO1,Olink,FOXO1,turquoise,0.9314623687893213
Olink_VASH1,Olink,VASH1,turquoise,0.7432990225707367
Olink_METAP1D,Olink,METAP1D,turquoise,0.8743451161847624
Olink_HLA.DRA,Olink,HLA.DRA,turquoise,0.34954991579068545
Olink_TBC1D5,Olink,TBC1D5,turquoise,0.8430956068478804
Olink_EPO,Olink,EPO,yellow,0.4970132647003966
Olink_CCL7,Olink,CCL7,turquoise,0.6534987941111791
Olink_DAPP1,Olink,DAPP1,turquoise,0.869331860817048
Olink_EDAR,Olink,EDAR,turquoise,0.5253774014535588
Olink_TRIM5,Olink,TRIM5,turquoise,0.8889865915534884
Olink_DPP10,Olink,DPP10,turquoise,0.2697832439205991
Olink_ITGA6,Olink,ITGA6,turquoise,0.6017815213846931
Olink_FCRL6,Olink,FCRL6,brown,0.7369738356088403
Olink_LSP1,Olink,LSP1,turquoise,0.8420068007475366
Olink_STX8,Olink,STX8,turquoise,0.893082589195177
Olink_HLA.E,Olink,HLA.E,yellow,0.6432346076875048
Olink_TRIM21,Olink,TRIM21,turquoise,0.8560722266357753
Olink_PSIP1,Olink,PSIP1,turquoise,0.8432952906545176
Olink_IL7,Olink,IL7,turquoise,0.6147158667373923
Olink_SAMD9L,Olink,SAMD9L,turquoise,0.9025539765860574
Olink_SIGLEC10,Olink,SIGLEC10,brown,0.7348598972367102
Olink_ISM1,Olink,ISM1,blue,0.2629646884766111
Olink_SLC39A5,Olink,SLC39A5,blue,0.5759058793402263
Olink_BTN3A2,Olink,BTN3A2,turquoise,0.322170946189155
Olink_MLN,Olink,MLN,blue,0.40948389883553865
Olink_SCRN1,Olink,SCRN1,turquoise,0.7396522724373941
Olink_PROK1,Olink,PROK1,turquoise,0.18096546278633574
Olink_IKBKG,Olink,IKBKG,turquoise,0.947906203580218
Olink_NFATC1,Olink,NFATC1,turquoise,0.9168131350491269
Olink_CCL26,Olink,CCL26,turquoise,0.47240080195561507
Olink_CLEC4C,Olink,CLEC4C,yellow,0.7128715954321592
Olink_CEACAM21,Olink,CEACAM21,blue,0.3691060029373555
Olink_PSMG3,Olink,PSMG3,turquoise,0.7755784835981052
Olink_COL9A1,Olink,COL9A1,turquoise,0.36675672931810904
Olink_GOPC,Olink,GOPC,turquoise,0.9371885614804668
Olink_MAP2K6,Olink,MAP2K6,turquoise,0.8760518063229701
Olink_NT5C3A,Olink,NT5C3A,turquoise,0.8311632941300974
Olink_ARHGEF12,Olink,ARHGEF12,turquoise,0.7215659892472772
Olink_CASP2,Olink,CASP2,turquoise,0.8426001014764255
Olink_CNTNAP2,Olink,CNTNAP2,blue,0.761412460084454
Olink_MAPK9,Olink,MAPK9,turquoise,0.7311220987946359
Olink_BCR,Olink,BCR,turquoise,0.9306821264723177
Olink_CLIP2,Olink,CLIP2,turquoise,0.9001863509776321
Olink_SELPLG,Olink,SELPLG,turquoise,0.0415219518984285
Olink_CXADR,Olink,CXADR,blue,0.6220018310995004
Olink_IL15,Olink,IL15,blue,0.44117829422262694
Olink_IL6,Olink,IL6,turquoise,0.2216212281089047
Olink_FCAR,Olink,FCAR,turquoise,0.624724334745748
Olink_CD83,Olink,CD83,brown,0.589210482993043
Olink_NCR1,Olink,NCR1,brown,0.6825274471152338
Olink_NCF2,Olink,NCF2,turquoise,0.7511736438308337
Olink_NPPC,Olink,NPPC,blue,0.8096356330108128
Olink_CCL28,Olink,CCL28,green,0.8688352753651034
Olink_PTX3,Olink,PTX3,turquoise,0.1677560625770782
Olink_PTH1R,Olink,PTH1R,blue,0.7003701540800984
Olink_EGLN1,Olink,EGLN1,turquoise,0.8776650265658097
Olink_CLEC4A,Olink,CLEC4A,turquoise,0.13223433877893928
Olink_OSM,Olink,OSM,turquoise,0.59357451567483
Olink_HSD11B1,Olink,HSD11B1,yellow,0.7731723218232412
Olink_IL4R,Olink,IL4R,blue,0.5684308286960786
Olink_IRAK4,Olink,IRAK4,turquoise,0.9249207933129633
Olink_ICAM4,Olink,ICAM4,blue,0.6337757359825269
Olink_DECR1,Olink,DECR1,turquoise,0.8302668169751265
Olink_LY75,Olink,LY75,brown,0.5896695312121948
Olink_ITGA11,Olink,ITGA11,yellow,0.4183569614459821
Olink_AXIN1,Olink,AXIN1,turquoise,0.9523789342581394
Olink_ANXA11,Olink,ANXA11,turquoise,0.655653478401292
Olink_CD4,Olink,CD4,blue,0.6104743197363239
Olink_IL17RB,Olink,IL17RB,blue,0.4815720030231487
Olink_PIK3AP1,Olink,PIK3AP1,turquoise,0.8656568343393741
Olink_MGMT,Olink,MGMT,turquoise,0.93748296686632
Olink_HEXIM1,Olink,HEXIM1,turquoise,0.8928808587056966
Olink_CLEC4G,Olink,CLEC4G,yellow,0.7097380923974096
Olink_NTF3,Olink,NTF3,blue,0.3861856131925464
Olink_TNFSF11,Olink,TNFSF11,turquoise,0.11669742194297347
Olink_MICB_MICA,Olink,MICB_MICA,turquoise,0.042508578867472786
Olink_BANK1,Olink,BANK1,turquoise,0.8831032851908801
Olink_CD200R1,Olink,CD200R1,turquoise,0.13338888623689324
Olink_KRT19,Olink,KRT19,yellow,0.4417486531303394
Olink_PLXNA4,Olink,PLXNA4,turquoise,0.8224324203960474
Olink_CD70,Olink,CD70,turquoise,0.1055323332414845
Olink_TGFA,Olink,TGFA,turquoise,0.49397388767714095
Olink_IL5RA,Olink,IL5RA,turquoise,0.16288371680397273
Olink_SLAMF7,Olink,SLAMF7,brown,0.8532185809628517
Olink_CD200,Olink,CD200,yellow,0.5866851350409122
Olink_GZMB,Olink,GZMB,turquoise,0.6194878430169438
Olink_IL32,Olink,IL32,brown,0.6540742574408548
Olink_LIFR,Olink,LIFR,blue,0.7002427857776046
Olink_CD84,Olink,CD84,turquoise,0.6593743717779799
Olink_CLEC4D,Olink,CLEC4D,turquoise,0.4726630679764199
Olink_CCL3,Olink,CCL3,turquoise,0.5744437592639072
Olink_TNFSF10,Olink,TNFSF10,brown,0.7208483896426298
Olink_TLR3,Olink,TLR3,brown,0.3553953830326425
Olink_CXCL6,Olink,CXCL6,turquoise,0.6726201021197198
Olink_PCDH1,Olink,PCDH1,blue,0.05045544758935946
Olink_HPCAL1,Olink,HPCAL1,turquoise,0.8447059417126263
Olink_CKAP4,Olink,CKAP4,blue,0.8838166819668618
Olink_FKBP1B,Olink,FKBP1B,turquoise,0.7960925224970918
Olink_DFFA,Olink,DFFA,turquoise,0.8917932710367509
Olink_TGFB1,Olink,TGFB1,turquoise,0.7035567942475344
Olink_CXCL17,Olink,CXCL17,yellow,0.46494542796355254
Olink_NUDC,Olink,NUDC,turquoise,0.891568564986607
Olink_TNFSF12,Olink,TNFSF12,turquoise,0.5535663540995105
Olink_EIF4G1,Olink,EIF4G1,turquoise,0.8953698471085907
Olink_BSG,Olink,BSG,blue,0.7219106221391786
Olink_DNAJA2,Olink,DNAJA2,turquoise,0.9327108553364
Olink_CD244,Olink,CD244,brown,0.8002331531648896
Olink_KLRB1,Olink,KLRB1,brown,0.7905519443127319
Olink_SERPINB8,Olink,SERPINB8,turquoise,0.7625765453216456
Olink_CXCL8,Olink,CXCL8,turquoise,0.6063033550019847
Olink_KLRD1,Olink,KLRD1,brown,0.7868416418833197
Olink_IL16,Olink,IL16,turquoise,0.8233517592114068
Olink_NFASC,Olink,NFASC,brown,0.39495699970224685
Olink_CD79B,Olink,CD79B,brown,0.453062750532424
Olink_CD22,Olink,CD22,yellow,0.8721010697599633
Olink_LAMP3,Olink,LAMP3,brown,0.7073286576482868
Olink_FCRL2,Olink,FCRL2,yellow,0.8442797263476768
Olink_LAT,Olink,LAT,turquoise,0.8515659106989327
Olink_GMPR,Olink,GMPR,turquoise,0.7616209080177988
Olink_TPSAB1,Olink,TPSAB1,turquoise,0.13165099250116777
Olink_PPP1R9B,Olink,PPP1R9B,turquoise,0.927764248927769
Olink_PRDX5,Olink,PRDX5,turquoise,0.8978466060973682
Olink_ADA,Olink,ADA,turquoise,0.7399196335761734
Olink_TNFRSF11A,Olink,TNFRSF11A,blue,0.8686005131139691
Olink_CD160,Olink,CD160,brown,0.7030689881364623
Olink_HCLS1,Olink,HCLS1,turquoise,0.9145234196351413
Olink_CD6,Olink,CD6,yellow,0.6883483031317856
Olink_VEGFA,Olink,VEGFA,turquoise,0.6124199700011504
Olink_ADAM23,Olink,ADAM23,blue,0.6439388312550165
Olink_IL18R1,Olink,IL18R1,blue,0.5091269317644419
Olink_TNFRSF4,Olink,TNFRSF4,blue,0.668340744787797
Olink_C1QA,Olink,C1QA,brown,0.6173415347382376
Olink_CCL13,Olink,CCL13,turquoise,0.5227515722635185
Olink_MERTK,Olink,MERTK,blue,0.6471740852826965
Olink_AGRP,Olink,AGRP,blue,0.6946264292212719
Olink_CTSO,Olink,CTSO,turquoise,0.16257764088127943
Olink_FLT3LG,Olink,FLT3LG,blue,0.7647675123897625
Olink_VEGFD,Olink,VEGFD,blue,0.6244704561454015
Olink_GZMA,Olink,GZMA,brown,0.6986600869402293
Olink_CLSTN2,Olink,CLSTN2,blue,0.5466938359129614
Olink_FASLG,Olink,FASLG,brown,0.7246745997783296
Olink_IL12B,Olink,IL12B,brown,0.4325871549359111
Olink_CDSN,Olink,CDSN,blue,0.6034225961125662
Olink_CCL11,Olink,CCL11,turquoise,0.42757125430293064
Olink_KYNU,Olink,KYNU,turquoise,0.29535245874330607
Olink_LY9,Olink,LY9,yellow,0.8145627932295592
Olink_CCL20,Olink,CCL20,blue,0.3087099866473125
Olink_MMP1,Olink,MMP1,green,0.8227734088562592
Olink_PGF,Olink,PGF,blue,0.8719546117001276
Olink_CCL25,Olink,CCL25,turquoise,0.1623736458621309
Olink_CXCL9,Olink,CXCL9,brown,0.8130266210052213
Olink_SMPDL3A,Olink,SMPDL3A,blue,0.5578447067316579
Olink_EPHA1,Olink,EPHA1,blue,0.6769870644455949
Olink_IFNGR1,Olink,IFNGR1,blue,0.6341609038274643
Olink_CTSC,Olink,CTSC,turquoise,0.37381014857930667
Olink_CD276,Olink,CD276,blue,0.756586532796557
Olink_DBNL,Olink,DBNL,turquoise,0.9584494694589358
Olink_PKLR,Olink,PKLR,turquoise,0.6748038230466806
Olink_NCK2,Olink,NCK2,turquoise,0.9047144898582934
Olink_TIMP3,Olink,TIMP3,green,0.9002790117548147
Olink_PLA2G4A,Olink,PLA2G4A,turquoise,0.9203203315121676
Olink_CCL21,Olink,CCL21,blue,0.2518496986267275
Olink_MMP10,Olink,MMP10,turquoise,-0.01578630677581963
Olink_SCGB1A1,Olink,SCGB1A1,turquoise,0.11332446288907502
Olink_ENPP7,Olink,ENPP7,blue,0.450449233416628
Olink_SIGLEC1,Olink,SIGLEC1,brown,0.7386363614932963
Olink_F2R,Olink,F2R,blue,0.729136738040693
Olink_CD48,Olink,CD48,brown,0.8677658634081781
Olink_CCL23,Olink,CCL23,turquoise,0.11278461312644716
Olink_IL18,Olink,IL18,turquoise,0.44791079488200525
Olink_CCL4,Olink,CCL4,turquoise,0.6016177313744752
Olink_IL10RB,Olink,IL10RB,blue,0.8009750952581565
Olink_CXCL10,Olink,CXCL10,brown,0.8349939505434207
Olink_EGF,Olink,EGF,turquoise,0.8120477596672036
Olink_CRLF1,Olink,CRLF1,blue,0.6213569583242247
Olink_IL1RN,Olink,IL1RN,turquoise,0.5593255574153573
Olink_CRIM1,Olink,CRIM1,blue,0.643825068305602
Olink_TNFRSF13B,Olink,TNFRSF13B,yellow,0.73189501577922
Olink_ANGPTL4,Olink,ANGPTL4,yellow,0.501584455646131
Olink_CST7,Olink,CST7,turquoise,0.6736654548239918
Olink_ERBB3,Olink,ERBB3,yellow,0.7590574875507484
Olink_NELL2,Olink,NELL2,blue,0.5304289386854557
Olink_MANF,Olink,MANF,turquoise,0.8945135106466987
Olink_LY6D,Olink,LY6D,blue,0.7403507612738814
Olink_CCN2,Olink,CCN2,green,0.9324454289813909
Olink_GLOD4,Olink,GLOD4,turquoise,0.8581748776767748
Olink_DNER,Olink,DNER,turquoise,0.20727889285994114
Olink_BTN2A1,Olink,BTN2A1,blue,0.8082360137157139
Olink_SHMT1,Olink,SHMT1,turquoise,0.8118410645825201
Olink_FGF19,Olink,FGF19,turquoise,0.042322874936311955
Olink_CD58,Olink,CD58,blue,0.6861601544998633
Olink_PTPN6,Olink,PTPN6,turquoise,0.8889057710964693
Olink_HSPA1A,Olink,HSPA1A,turquoise,0.8060127113144826
Olink_CSF1,Olink,CSF1,blue,0.5704773881583359
Olink_SPINT2,Olink,SPINT2,green,0.8679658692770655
Olink_CKMT1A_CKMT1B,Olink,CKMT1A_CKMT1B,yellow,0.39514241795664196
Olink_FIS1,Olink,FIS1,turquoise,0.6932185326561738
Olink_SCGB3A2,Olink,SCGB3A2,blue,0.3566310465798746
Olink_CD40,Olink,CD40,turquoise,0.5315380527714172
Olink_OMD,Olink,OMD,blue,0.3054371853153549
Olink_ANGPTL2,Olink,ANGPTL2,blue,0.24901729325261537
Olink_GAL,Olink,GAL,blue,0.6483314659184025
Olink_SCG3,Olink,SCG3,yellow,0.4341388863930344
Olink_PDLIM7,Olink,PDLIM7,turquoise,0.8926051272536166
Olink_SMOC2,Olink,SMOC2,blue,0.8782333763145157
Olink_TREM2,Olink,TREM2,blue,0.4158578559623099
Olink_MZB1,Olink,MZB1,turquoise,0.446775758550752
Olink_TNFSF13,Olink,TNFSF13,turquoise,0.5783332495610467
Olink_ROBO1,Olink,ROBO1,blue,0.8050080152193186
Olink_TNFRSF11B,Olink,TNFRSF11B,brown,0.3537026738600589
Olink_ENPP5,Olink,ENPP5,yellow,0.6339499084864053
Olink_LAIR1,Olink,LAIR1,blue,0.5582689747533945
Olink_COLEC12,Olink,COLEC12,blue,0.8866216705657168
Olink_SIRPB1,Olink,SIRPB1,brown,0.7821291991631748
Olink_ANGPT1,Olink,ANGPT1,green,0.9618485401802901
Olink_PDGFB,Olink,PDGFB,green,0.9506193253583544
Olink_CRKL,Olink,CRKL,turquoise,0.9496730829941471
Olink_EPCAM,Olink,EPCAM,blue,0.5909197545894989
Olink_DNPH1,Olink,DNPH1,turquoise,0.8016690737748172
Olink_CCL17,Olink,CCL17,turquoise,0.6585042481750287
Olink_MEGF10,Olink,MEGF10,blue,0.6905298297130779
Olink_CRHBP,Olink,CRHBP,blue,0.4509511329132687
Olink_LGALS4,Olink,LGALS4,blue,0.5439527307212616
Olink_LHPP,Olink,LHPP,turquoise,0.7475236325002541
Olink_TPP1,Olink,TPP1,blue,0.5868027339241769
Olink_CRELD2,Olink,CRELD2,blue,0.6062168920092189
Olink_CTRC,Olink,CTRC,turquoise,0.03828763106598055
Olink_MEPE,Olink,MEPE,blue,0.2860064323284551
Olink_CDON,Olink,CDON,blue,0.483216733238872
Olink_ADGRE2,Olink,ADGRE2,blue,0.4344467267726668
Olink_AGER,Olink,AGER,blue,0.5231069776827181
Olink_IL1R2,Olink,IL1R2,blue,0.5603011949035887
Olink_ESM1,Olink,ESM1,turquoise,0.16000820040528585
Olink_SPON1,Olink,SPON1,blue,0.8101212976707147
Olink_ATP5IF1,Olink,ATP5IF1,turquoise,0.8965660676445584
Olink_SKAP2,Olink,SKAP2,turquoise,0.912676079471534
Olink_CXCL1,Olink,CXCL1,turquoise,0.6315549801291233
Olink_PRSS8,Olink,PRSS8,blue,0.6805739714896016
Olink_PLAUR,Olink,PLAUR,blue,0.8356182491373428
Olink_CCL22,Olink,CCL22,turquoise,0.2857610234302104
Olink_PRELP,Olink,PRELP,turquoise,0.44950299225534573
Olink_MATN2,Olink,MATN2,blue,0.8572038279056258
Olink_LTBR,Olink,LTBR,blue,0.8854945812201374
Olink_LAMA4,Olink,LAMA4,blue,0.79845780998151
Olink_FST,Olink,FST,turquoise,0.15770798052042925
Olink_CHRDL1,Olink,CHRDL1,blue,0.6031428375979628
Olink_CCL24,Olink,CCL24,turquoise,0.3384213559239594
Olink_LGMN,Olink,LGMN,turquoise,0.47735855840972613
Olink_DAG1,Olink,DAG1,turquoise,0.672626860720526
Olink_PNLIPRP2,Olink,PNLIPRP2,turquoise,0.2462623249815624
Olink_OSCAR,Olink,OSCAR,brown,0.700853465314033
Olink_PON3,Olink,PON3,yellow,0.4328956585404213
Olink_FABP1,Olink,FABP1,blue,0.759953434978035
Olink_MPIG6B,Olink,MPIG6B,turquoise,0.863432950246847
Olink_B4GALT1,Olink,B4GALT1,blue,0.809279861918406
Olink_LGALS9,Olink,LGALS9,brown,0.7216914440320877
Olink_FSTL3,Olink,FSTL3,blue,0.8559929220749144
Olink_TNFRSF14,Olink,TNFRSF14,blue,0.7871586181649258
Olink_REG4,Olink,REG4,blue,0.7043838894681382
Olink_WFIKKN2,Olink,WFIKKN2,blue,0.2824266889933049
Olink_AGRN,Olink,AGRN,blue,0.8872461738519127
Olink_TFF2,Olink,TFF2,blue,0.6845476436975785
Olink_CXCL3,Olink,CXCL3,turquoise,0.6175434518868144
Olink_NME3,Olink,NME3,blue,0.43953515398263165
