cluster,count,pct,CD45,CD33,CD26,CD11c,IgD,HLA.DR,CD57,CD71,CD49d,CD43,CD3,CD15,CD81,CD52,CD1c,CD55,CD25,CD64,CD123,gdTCR,Siglec.8,CD95,CX3CR1,CD20,CD9,pan.KIR,CD22,CD14,CD161,CD29,CD137,CD10,CD127,CD24,CD27,CD141,CD45RA,CD38,CD85j,CD147,CD56,CD99,CD28,CD39,CD8a,CD5,CD7,CD4,CD16,lineage
121,907637,0.0400926900259055,-0.648035379100145,0.903091117096307,-0.49458715970421,0.697940225468839,-0.473250710938581,-0.547727631239403,0,-0.310684993468545,-1.11136927311457,0.602165489198,-0.576210310420961,4.38213535438592,-1.55821988990801,-0.876119053436148,-0.459902430619074,1.74147856464447,-0.235019389165706,0.568276129868571,-0.35302927106272,-0.169310489676384,-0.301775407755033,1.15578543609387,0.550798011466453,-0.404935723803853,0.161000187249061,-0.0512265941804806,-0.476852000056971,-0.201757176938374,-0.426237754441138,0.113551457032879,0.077305288516541,0.172822853247928,-0.661498944395728,3.14348257444749,-0.682450515193396,-0.423478483076002,-0.891252366000985,-1.04229513522,-0.116512349631154,0.727718204002713,0.227014730395846,0.448334583319922,0.158812755555188,1.24381071144737,-0.240822222966576,-0.769561489094404,-0.910755239870527,-0.668602908732717,4.43951296801385,Neutrophils
126,1287583,0.0568758943295893,-1.395348179981,-0.64541419492183,-0.49458715970421,0.287417495061675,-0.473250710938581,-0.547727631239403,0,-0.53825809864424,-1.11516173104734,-0.69810632617275,-1.11850374175081,2.41290006718191,-2.31687955404967,-1.46290583571947,-0.459902430619074,1.09858778740702,-0.235019389165706,0.0627581070601695,-0.35302927106272,-0.169310489676384,-0.301775407755033,-0.571131887153224,-0.359833740136784,-0.564717656572098,-0.694006180246378,-0.543625946016558,-0.748366577381135,-0.544387168539355,-0.789457606938333,-1.19989094240255,-1.10449708500462,-0.619326841043033,-0.661498944395728,2.28202238003828,-0.807857171662781,-1.1430196394703,-1.20238056490492,-1.41215247499195,-0.39896974533884,0.12659745007138,-0.610058657765379,-0.415010636955437,-1.33482944723468,0.720870279604303,-0.513717128055678,-1.00014498307206,-0.987252251092435,-0.806858419674376,3.67873072618977,Neutrophils
127,2198224,0.0971012788587354,-0.826137527956007,0.683987707683342,-0.49458715970421,0.51706889081779694,-0.473250710938581,-0.547727631239403,0,-0.519480535957234,-1.12774901248007,0.192284791687921,-0.819886406144749,4.12690173520454,-2.02218634089036,-1.24872879151211,-0.459902430619074,1.47158429999224,-0.235019389165706,0.355968823951907,-0.35302927106272,-0.169310489676384,-0.301775407755033,1.10639457690304,-0.0651228092499868,-0.516850584600804,-0.490776884601966,-0.44335632621521,-0.748366577381135,-0.267498663473714,-0.789457606938333,-0.334041293259389,-0.416518235887107,0.00350528092032484,-0.661498944395728,3.07461686036243,-0.754664290808188,-0.480678245766753,-1.03178345892205,-1.24178193817554,-0.200425645948392,0.534293042857776,-0.128350772622564,0.0548307641731521,-1.33482944723468,1.11242022010654,-0.286830280098314,-0.943643348280577,-0.926732237988029,-0.695042149071716,4.4774306298296,Neutrophils
1,74003,0.00326890523412673,-1.84860527226564,0.670976090883633,-0.49458715970421,-0.612175270395249,0.0477122934880901,-0.547727631239403,0,1.90314391418276,-1.10646797188018,0.523521296013069,-0.539575570754463,0.819623768949176,0.529629984750997,-0.104773014243371,-0.150453415346847,2.54495485226799,-0.235019389165706,0.0445570674463616,0.103076587818878,-0.169310489676384,3.21238982006204,1.5662176975642501,3.96823657785864,1.45984518179732,3.42537596695674,4.40574649352769,0.357941252209229,2.02033538679414,2.30382257972357,2.89851684091602,3.08319767867079,5.05187991725768,0.0407353152109196,0.904036898044201,-0.64208046474842,2.67045709122086,-0.568226175724642,0.157184949725867,1.98320630377252,2.10083861178276,3.1762617786078,3.61414789415645,3.13062634504471,-0.379258725671094,-0.679889285260588,-0.755496239465164,-0.97771128280878306,-0.801583708695386,-0.238885486583205,Eosinophils
3,432121,0.0190879099317065,-0.510359252692905,1.85326129234678,-0.49458715970421,0.00798138079780163,-0.473250710938581,-0.547727631239403,0,1.88184554044992,0.0183469269149198,1.45782282559175,0.140677868321999,1.56489963538262,1.44582699497317,1.25560276221744,-0.161692962970608,1.15933432132065,-0.235019389165706,0.066134502289649,0.100861827182227,-0.169310489676384,3.37420958390667,-0.571131887153224,1.10724197697419,0.104007638416262,1.77311346963081,1.4569157906117,-0.333215408563525,-0.0161498313958321,0.160412892054663,0.51626898683249,0.495088399676264,0.20599439179487,-0.281982262081777,2.21377835660734,-0.671478895560858,-0.430259160584109,-1.05231710765789,-1.24576170415946,0.137862268110279,0.634638741811844,0.31030288653077,0.619218295648542,0.646824822486144,1.35413611888742,1.2055952866816,1.61887280012937,0.296433642706469,1.24615306986777,0.190916910931213,Neutrophils
4,60198,0.00265910243211709,0.855428282127642,0.66260181179376,-0.49458715970421,-0.236214427939269,2.47813011562596,2.20351859390618,0,1.15074127676751,1.46643212646296,0.623795426531601,-0.40062048744511,0.518873626357793,1.54238673533612,1.66169651323207,2.29744059649123,1.00036507566828,-0.235019389165706,-0.167336665138257,0.211024165570323,-0.169310489676384,-0.301775407755033,1.00082150511787,1.53621766765238,2.27199161109545,1.29254482456286,1.11686726756872,2.51046840177974,0.0168598252784956,0.552036549655389,0.872696192633383,0.883524915563178,0.603911931770693,-0.32044666450846,1.14563171458185,-0.575488117729333,-0.226301350201584,1.48664800857929,1.100911628128,0.628815384415702,0.658836278509585,0.823091902996962,0.721912669706375,1.00285480583659,1.40414213144718,0.136417098039128,-0.10092603500284,-0.576716229425212,-0.342811869904128,0.223444553057725,B cells
5,158565,0.00700422899678803,0.232889587785843,-0.64541419492183,-0.49458715970421,-0.612175270395249,1.00972520114112,1.1024693410529,0,-0.500848518175039,1.24776810677881,-0.969401306014087,-0.888202373289911,-0.128197150027398,1.98829517390918,1.28822106439343,0.0897527259322098,0.0515204754309041,-0.235019389165706,-0.563288258985269,0.542866435376993,-0.169310489676384,-0.301775407755033,-0.571131887153224,0.737376140971668,2.36120777510038,1.33632610629858,0.947190349479552,0.516250207094446,-0.162357956754183,0.291706123123318,0.356726117043312,0.311093674626152,0.114417903982403,-0.661498944395728,2.12497310552979,-0.754106721658922,-0.435745624994634,1.0991178977817,1.80875113587403,-0.243352575832116,-0.211980655383848,-0.356208126068336,-0.404378121734811,0.28517618727722,-0.492979574074339,-0.440047886555389,-0.923783672173984,-0.981531563765293,-0.803902302138501,-0.46247330038511,B cells
6,218298,0.00964279116791747,0.292440829422033,-0.64541419492183,-0.49458715970421,-0.612175270395249,2.64378011270257,2.00981226826468,0,-0.322839248178146,0.728433858542957,-1.05640542851153,-0.854079442127178,-0.448703250389036,1.30996674696157,1.06133464727113,1.05572538967607,0.185332819500264,-0.235019389165706,-0.563288258985269,0.100549107798611,-0.169310489676384,-0.301775407755033,-0.571131887153224,0.693002488537819,2.35072839786362,0.652396959615284,0.342845127175738,2.02737624497262,-0.200488610540266,-0.0724790441064814,0.0283302268367423,-0.0372836290399097,-0.0306286799645552,-0.661498944395728,1.23943634244418,-0.757519469060342,-0.495366539576145,1.23936453908804,1.43949276923125,-0.239020755487074,-0.329910069462562,-0.494888237882609,-0.457144278004201,0.24998525579524,-0.220073702709022,-0.39765803856222,-0.807306539633182,-0.982839680085751,-0.805030863187868,-0.423746358582866,B cells
7,244145,0.0107845204706008,0.602878835678988,-0.64541419492183,-0.49458715970421,-0.612175270395249,3.56382998644683,2.51995200810833,0,-0.235347852901939,0.739375756974048,-0.841655338435693,-0.777617455028504,-0.42689797116414,0.860368410529584,1.29451584803247,3.33467608576806,0.430622383400661,-0.235019389165706,-0.27780319885748,-0.35302927106272,-0.169310489676384,-0.301775407755033,-0.571131887153224,0.73763674746099706,2.30993011636471,0.295357731235917,0.182590195996833,3.10901789540628,-0.201504537385567,-0.248637063948383,-0.0857540860383195,-0.141100281466058,-0.0617443835409348,-0.661498944395728,0.548562548525447,-0.755821561142528,-1.1430196394703,1.48962701086178,0.747979519657813,-0.144939141454874,-0.302889825192873,-0.369969505096497,-0.357981359896207,0.507762348264792,1.15759388549183,-0.346385199835361,-0.7605085310047,-0.963747329526881,-0.775642172396047,-0.29566096500222,B cells
8,23645,0.00104446122807084,0.960850307467243,2.24759205701381,1.09336628163085,2.0869067172931,2.39541745387674,2.24427036334894,0,0.974057667151317,1.88705930513017,0.445217921449991,-0.402226410231867,0.516578758720909,1.19156093597138,1.2477094952955,1.81564655361355,1.81918188443546,-0.235019389165706,2.41434476042807,0.754755941803135,-0.169310489676384,-0.301775407755033,1.5910069186399,1.11333323553631,2.08915636177773,0.523105299767589,0.380755968625137,2.19137766834843,2.45065274289413,0.235993243139613,1.0523329298945,1.05708519216135,0.812772711353374,-0.661498944395728,0.793165702323574,-0.672844726035069,0.71181742812259,1.21522452667377,1.14348082092388,2.09567182961574,1.51552913282566,1.45693936021469,1.77424335541543,1.6772152140744,1.78388137141144,-0.0617175125729564,-0.477006702785839,-0.787579881239018,0.0476542354048858,0.273037072633552,cDC
11,160281,0.0070800291857231,-2.40938085684005,-0.64541419492183,-0.49458715970421,-0.612175270395249,-0.473250710938581,-0.547727631239403,0,-0.243288141976729,-1.46638527818963,-0.93200169499657,-1.03170533825583,-0.743146107256246,-0.842163624760831,-1.28780729441758,-0.459902430619074,0.910868292108059,-0.235019389165706,-0.563288258985269,-0.35302927106272,-0.169310489676384,-0.301775407755033,-0.571131887153224,1.6578077000759,0.834593665072371,2.81894283338083,3.25434080345717,-0.333330483291678,0.897635473694324,0.949827232633076,2.22146531764108,2.34789130784533,2.87930178718571,-0.282062801859756,-0.195996849866223,-0.793250944240887,0.554899981880484,-0.999826128815996,-0.698116315862643,0.242933490745972,1.00466292105399,1.53569239546218,1.0559558165379,0.305928244663415,-0.773736297413559,-1.02463795188192,-1.08872936008971,-1.19101697315222,-1.16565458060669,-0.622140476348088,Neutrophils
12,183252,0.00809471807851292,-2.39856942988153,-0.64541419492183,-0.49458715970421,-0.612175270395249,-0.473250710938581,-0.235458363289981,0,0.137360227857302,-1.08957746045064,0.554610036141577,-0.837421437366615,-0.406631246787014,-1.41209634337012,-0.956827815192115,-0.459902430619074,0.0207504057529282,-0.235019389165706,-0.270475322907172,-0.35302927106272,-0.169310489676384,-0.301775407755033,-0.571131887153224,2.67815523982385,0.369121645787727,2.08843532282591,1.98967563704894,-0.380787774902608,0.128735832056112,0.0335133457229546,1.44935753982979,1.5090384862033701,1.02974740725356,-0.283902789182788,1.60490693871536,-0.748671750290845,-0.166687551468568,0.199392612447241,-1.2890940827476,-0.267285283861075,-0.148426461914919,0.263738679447261,-0.243572744992956,-1.06727695330464,-0.738618726667664,-0.774008956671268,-0.929782377049007,-0.985084192717584,-1.16565458060669,0.0878469328525384,Neutrophils
13,489944,0.0216421024286716,-0.777606059292958,0.883993179934534,-0.49458715970421,-0.157043614195884,-0.473250710938581,-0.547727631239403,0,1.58639632711053,-0.210979420467654,0.829655600515636,-0.150361827211867,0.844173514070887,0.994699265300909,0.331593172700589,-0.186742556961963,1.17398190372219,-0.235019389165706,-0.0104830530804864,0.0686632649936327,-0.169310489676384,2.85466428510986,-0.571131887153224,0.134738002726714,-0.121133938433016,1.46609593066969,0.980424883013276,-0.406819711463269,-0.203198167129525,-0.249497126764335,0.23679209142821,0.184673672038032,0.104848036992627,-0.661498944395728,1.67253929876081,-0.754688240004867,-0.498208335618715,-1.18790953073954,-1.41605753187146,-0.223136544725104,0.365152094755404,-0.150453994437196,0.123897361635416,0.211735957254561,1.18637678206696,0.641254655869038,1.086523219177,-0.00983848907225984,0.459507881905489,-0.249932954857834,Neutrophils
14,300733,0.0132841598012869,-0.877087495982857,1.64934792929185,-0.49458715970421,0.0060247981079817,-0.473250710938581,-0.547727631239403,0,0.80159726326848,-0.0681373306318496,0.0625188912634971,-0.681310748319879,-0.0297628059606532,1.28485332256968,-0.022559679089752,-0.459902430619074,0.455708205230665,-0.235019389165706,-0.24281493820671,0.0946205079556464,-0.169310489676384,3.24150488446067,-0.571131887153224,0.183156833485293,-0.271762402104471,1.37466507330712,0.696670119014231,-0.748366577381135,-0.255492375731781,-0.258633063314429,-0.702282985653733,-0.748174959033259,-0.619326841043033,-0.661498944395728,1.18212674208542,-0.827931559821768,-1.1430196394703,-1.15849211962076,-1.34943418905719,-0.236106419537781,0.245010611858376,-0.0928490162931296,0.135190895197834,0.275847327024196,1.12545858256366,0.884340726989804,1.3745208961746,0.14197331979032,1.37792046071467,-0.142385355845707,Neutrophils
15,181003,0.00799537389149954,-0.202109016407151,-0.64541419492183,-0.49458715970421,-0.612175270395249,1.02390386370546,-0.547727631239403,0,-0.539543647383283,0.722590565827982,-1.77462331148906,-1.15932473764126,-0.767343752535471,1.59006239150511,0.479079252061898,-0.0435319117078608,-0.265250708630081,-0.235019389165706,-0.563288258985269,0.170472778444662,-0.169310489676384,-0.301775407755033,-0.571131887153224,0.241382465851344,2.18335856125546,0.602785361644051,0.134749459788023,0.152219614441318,-0.259218660975327,-0.0405019126199455,-0.691748607724565,-0.749479045224379,-0.619326841043033,-0.661498944395728,1.0091759429908,-0.810048860040132,-1.1430196394703,0.800298664350389,1.54845612082992,-0.397429585171885,-0.538805656712213,-0.691748710778245,-0.580913814608345,0.189792033487733,-0.711749106949824,-0.702332376068794,-0.993698605076863,-1.01054102186253,-0.839040136055295,-0.609075781549266,B cells
16,173820,0.00767808207499572,-0.585730854275597,-0.64541419492183,-0.49458715970421,-0.612175270395249,1.65684404690166,-0.547727631239403,0,-0.536060557520006,-0.113706154009429,-2.10049982098171,-1.21758845726563,-0.952303014432951,0.59336096412136,-0.436025691969075,0.784132228756598,-0.388331520440132,-0.235019389165706,-0.563288258985269,-0.35302927106272,-0.169310489676384,-0.301775407755033,-0.571131887153224,-0.223553347278058,1.8928546017657,-0.213858333483471,-0.332529456568169,1.10140989748116,-0.544387168539355,-0.373867581583671,-1.28578578443044,-1.17899232320975,-0.619326841043033,-0.661498944395728,-0.509730892001447,-0.927141198938528,-1.1430196394703,0.613238106135591,0.705560467456229,-1.06718421077645,-1.03113692602541,-1.00800748253754,-1.34407222048002,-1.33482944723468,-0.357886419630593,-0.718046160471705,-0.998826444937362,-1.01093759685965,-0.914511233186844,-0.617253909362888,B cells
17,253410,0.0111937796492041,0.111396041661875,-0.64541419492183,-0.49458715970421,-0.612175270395249,2.31105602073499,2.1975609390309,0,-0.371840238510381,-0.0448284976857036,-1.3584299659361,-0.933852323135368,-0.786041483357106,0.275568285624105,0.170587495759821,0.630020707091259,-0.00456340438484589,-0.235019389165706,-0.563288258985269,-0.35302927106272,-0.169310489676384,-0.301775407755033,-0.571131887153224,0.234399914850219,2.06068716963528,0.0206988343314457,-0.102499420943835,3.4700776257123,-0.26922541141488,-0.37742689610161,-0.477119763833259,-0.554926695380642,-0.619326841043033,-0.661498944395728,-0.460847722490662,-0.796407075606141,-1.1430196394703,1.06236565415753,-0.091887373744169,-0.406031542734984,-0.92368545867626,-0.91727477128842,-0.60423345898183,0.191309680415624,1.15336760055871,-0.458181045569388,-0.803740441071001,-0.977841644017716,-0.801087598046643,-0.426136399119081,B cells
18,144873,0.00639941769906141,0.862344180410959,-0.64541419492183,-0.49458715970421,-0.300805685850694,1.61638375861292,1.83580188601459,0,-0.207055418913987,1.35113682233209,-0.784050870034699,-0.838307247995529,-0.457355953097444,0.515926453021767,1.12793932653234,3.40117435017932,-0.180068199528315,-0.235019389165706,-0.28240398106157,-0.35302927106272,-0.169310489676384,-0.301775407755033,-0.571131887153224,0.697911895150381,2.23709178863788,0.132731903076121,0.0653411505648788,1.58366546298845,-0.242385814325448,-0.229039452845871,0.653720887697981,0.647914802575826,0.148281822473394,-0.661498944395728,0.473783096098794,-0.464427003819788,-0.463184004854143,2.01027629643405,-1.03832218855483,0.201395121702185,-0.166226737756966,-0.240497407573714,-0.296480237706796,0.280092049050686,1.36638002768629,-0.466998400518259,-0.955080256725689,-0.98482434630403,-0.800515549741232,-0.347213064958219,B cells
19,84223,0.00372034924981224,1.27935027014799,0.475625753023713,1.32912065316147,-0.612175270395249,2.36036789355135,1.39951221798453,0,0.495136629835357,1.01799055904506,0.909235563949097,1.20067656086119,0.855090209311214,1.33612781624157,1.86146608152782,1.83632568076401,0.759591563875182,-0.235019389165706,-0.243968175316194,0.0864865084605329,-0.169310489676384,-0.301775407755033,-0.571131887153224,0.735168436056236,2.08775967751162,0.308629426515046,0.204334368953773,2.32603160156815,-0.213689872559985,0.0507309199742935,0.0553008003846715,-0.0178358901714157,0.0100579006652751,1.09995124093456,0.627622547918072,1.2515956768538,0.720546644855132,1.60171259390078,1.26017439044954,0.208068254022075,0.15887697027310901,0.328014615427508,0.135980432814965,0.857338747418009,0.67391420448679,0.355921331552079,1.1975315178816,1.16869681542815,1.1336390408025,0.0675054038976441,Memory B cells
20,55196,0.00243815106553598,0.93592584144954,1.83389908170013,1.78032078994558,0.0188756289333564,-0.0132868391155577,-0.547727631239403,0,2.06481711724173,0.57685753742049,1.7558165805552,1.28686622364716,1.79186198648411,1.62465210350799,1.77614377834178,-0.148531161442524,1.3346878942896,-0.235019389165706,0.0533818913532277,0.106567808893008,-0.169310489676384,3.20858182086874,-0.571131887153224,0.744405598099956,-0.0517750404959126,1.4637483862999,1.02332535260815,0.109780409989583,-0.177869195598531,0.243794067022744,0.370947230870911,0.315118090406049,0.183324634911692,1.24254331499209,1.7849709881596,1.19456036308369,0.755580601723789,0.69983562994786,0.594711747594153,0.371789696459119,0.752291338194697,0.730535387530783,0.806079847540759,1.51351476275778,1.20965492846144,1.34411177513013,2.05383361278686,1.36995323642314,1.93976133617643,0.385092175977578,Naive CD4 T cells
21,154144,0.00680894191329041,-2.69801466186087,-0.64541419492183,-0.49458715970421,-0.612175270395249,-0.473250710938581,-0.547727631239403,0,-0.683089913537986,-1.46638527818963,-1.84091366884337,-1.24846241552771,-0.983062455945297,-1.8119664465734,-1.96104806789615,-0.459902430619074,-0.434234247409075,-0.235019389165706,-0.563288258985269,-0.35302927106272,-0.169310489676384,-0.301775407755033,-0.571131887153224,0.248472209136585,0.202526489841496,2.17967037617402,2.04883654810224,-0.479642295746592,0.0310263258711571,0.00931510541484109,1.40540438573339,1.46307555246377,0.958206318031646,-0.661498944395728,-0.731952203026108,-0.927141198938528,-0.423212230016013,-1.16792288519632,-1.34124392717296,-0.401488741545153,-0.0340718614092743,-0.0126700572752189,-0.408903842423282,-1.33482944723468,-1.03098119949175,-1.02463795188192,-1.40207981754115,-1.19101697315222,-1.16565458060669,-0.696099896352694,Neutrophils
23,122881,0.00542797378585634,-1.00185605684391,2.47506113655287,1.82581902902105,0.270023603390053,0.0448725954383559,-0.182262863582159,0,6.22509072926458,-0.937831226005835,0.13238710366648,-0.664798451202896,0.0412289883912714,1.01798306775395,-0.40577784188953,-0.459902430619074,0.0405766812591776,-0.235019389165706,-0.136807044198595,-0.35302927106272,-0.169310489676384,-0.301775407755033,-0.571131887153224,-0.111275283428455,-0.295393497839769,1.18605636799959,0.518266946674591,-0.353855353921187,-0.254690653899896,-0.23054747042378201,-0.133828215814561,-0.20079512691617,-0.619326841043033,-0.191524621561255,1.46619221151671,-0.927141198938528,-0.437428699503812,-1.15214770383776,-1.25652651893269,-0.119272285962215,0.112896861223845,-0.426972000686373,0.447343620631636,0.954922515414313,1.23556667033342,1.02397967495965,1.51510979491634,0.0848457052971517,0.539610662434898,0.0580804455143304,Neutrophils
24,195204,0.00862266904480189,-1.06392795507023,0.689933101478601,-0.49458715970421,-0.230932100652022,-0.473250710938581,-0.547727631239403,0,0.705522457376629,-0.585470099197423,-0.276074042816656,-0.877478421326316,-0.390598266632416,0.60497356374817,-0.620860901531337,-0.459902430619074,0.489838214833283,-0.235019389165706,-0.247558295306279,-0.35302927106272,-0.169310489676384,2.83647650880225,-0.571131887153224,-0.221312116265253,-0.515998703095436,0.719002182128916,-0.165453221881717,-0.748366577381135,-0.544387168539355,-0.374578314012993,-1.06759920024288,-1.02213241245047,-0.619326841043033,-0.661498944395728,1.15509079742106,-0.927141198938528,-1.1430196394703,-1.25456964676185,-1.63709627163649,-0.395667434796058,-0.110748801426902,-0.602374900139908,-0.416781839382246,-1.33482944723468,0.841433426582185,0.701966361701965,1.17717355879674,-0.0435031517587307,1.11984866171629,-0.590702857890379,Neutrophils
25,231728,0.0102360292433242,0.0615744001997859,-0.64541419492183,-0.49458715970421,-0.612175270395249,2.32383999554561,2.10009812471797,0,-0.3532274753844,-0.137370724129753,-1.33896499695128,-0.955807960376598,-0.769048429267198,0.564385739152239,0.228673043720753,1.78006520957989,-0.0016603295726565,-0.235019389165706,-0.563288258985269,-0.35302927106272,-0.169310489676384,-0.301775407755033,-0.571131887153224,0.138419639560204,2.04841584587863,0.0957146883010119,-0.102544878173436,2.72115234605818,-0.282532250761172,-0.364089994357599,-0.542963928134101,-0.607401782791226,-0.619326841043033,-0.661498944395728,0.019494322974124,-0.796981375067445,-1.1430196394703,1.12436416069271,0.661622209733909,-0.403256262342484,-0.786781343326514,-0.875957340388893,-0.607078566387874,0.127813814022585,-0.226416120043021,-0.512708809261496,-0.941169939924689,-0.992997786870264,-0.820398154175969,-0.478692069716041,B cells
26,197912,0.00874228845717727,-0.514686705769486,-0.64541419492183,-0.49458715970421,-0.612175270395249,1.38222001190139,0.97350799528282,0,-0.542878628614986,-0.530229761270509,-1.91878203562896,-1.13657809347936,-0.962045892004833,-0.345896780734524,-0.875429507676397,0.408928271341382,-0.437064376624741,-0.235019389165706,-0.563288258985269,-0.35302927106272,-0.169310489676384,-0.301775407755033,-0.571131887153224,-0.336304843715845,1.70938226307693,-0.421014547762772,-0.445609282727385,2.55523472120569,-0.544387168539355,-0.789457606938333,-1.08845327414852,-1.05662520250065,-0.619326841043033,-0.661498944395728,-0.956822553908897,-0.927141198938528,-1.1430196394703,0.556025852649417,-0.469344468628778,-1.06718421077645,-1.3038192752548,-1.22524149580729,-1.34407222048002,-1.33482944723468,0.831361590066393,-0.666779956701837,-0.981727707076851,-0.999175513104126,-0.82415432167829,-0.581627880077318,B cells
27,183494,0.00810540784874735,0.266449404144811,-0.64541419492183,-0.49458715970421,-0.612175270395249,2.87279420600563,-0.547727631239403,0,-0.295464521549629,0.880246842993452,-1.7576114566085,-1.15000113366412,-0.786031118922577,0.946743215362388,0.642661942542004,3.12710558756822,0.200487289390436,-0.235019389165706,-0.563288258985269,-0.35302927106272,-0.169310489676384,-0.301775407755033,-0.571131887153224,0.38676523215823,2.17436789904354,0.00298954085670162,-0.112688010565875,1.62158454001372,-0.260644869992145,-0.294774676507221,-1.00397807688375,-0.967776700108808,-0.619326841043033,-0.661498944395728,-0.254061002188238,-0.82740479999713,-1.1430196394703,1.29164281382223,0.794029107815866,-0.257168176951166,-0.465560110850239,-0.464786467356961,-0.564804153719062,0.225975953419132,0.755432386997276,-0.679913375507858,-0.907921255373642,-0.99230678943863,-0.814445266670128,-0.472868303668225,B cells
28,281199,0.0124212921493886,0.408911158788699,-0.64541419492183,-0.49458715970421,-0.612175270395249,2.33929486188976,2.09200580831016,0,-0.321039244935199,-0.0592801290428346,-1.19803748412271,-0.929843372280215,-0.760303501274702,0.0856320104790625,0.332531734157504,3.02106817585437,0.0236072787256631,-0.235019389165706,-0.563288258985269,-0.35302927106272,-0.169310489676384,-0.301775407755033,-0.571131887153224,0.0536159464274625,1.94833201670755,-0.180825535049337,-0.235197963407682,2.84826416711223,-0.298595308493526,-0.386646389990157,-0.487429230030643,-0.539675539812041,-0.619326841043033,-0.661498944395728,-0.203804096877238,-0.790688065190429,-1.1430196394703,1.51603069071921,-0.104927124812423,-0.340184190915596,-0.744513350468623,-0.823816758030913,-0.582019132513905,0.178076264405025,1.2827248343447,-0.480941835638571,-0.935220005942433,-0.986728243617222,-0.810301192341832,-0.458193887648061,B cells
29,73869,0.00326298610515394,1.20591527769863,2.01156378652413,1.71916314263169,2.0588232622943,-0.0245722718957667,0.818790475372675,0,0.794824324446735,1.45417415356247,1.33078436271909,1.22609495067936,1.11371754438817,0.728990555950623,1.24113849030584,-0.0880038829726349,1.62797166246632,-0.235019389165706,2.37439108434176,0.299978916575796,-0.169310489676384,-0.301775407755033,1.57565891269778,0.430246223740942,-0.350610891774622,0.127266897323458,-0.0581744389023316,-0.00424609200243179,2.39253260763723,0.135355466238786,1.04268443171314,1.04805260532504,0.653417284818945,1.12730083475973,0.395415134916655,1.24701283137879,1.78886063851241,0.690470576925989,1.01627648514407,1.92021954532723,1.52418114994877,1.46094623214137,1.77371641769694,1.64840117407873,1.48748616717995,0.355655024818614,1.13704610952955,1.16598439228384,1.34113946337884,0.327306878276323,cDC
30,74469,0.00328948966771865,1.57975556114645,0.558497881072594,1.76326702270789,-0.316657180982133,-0.473250710938581,-0.547727631239403,0,0.488314766561205,0.803229767977207,1.88263052965437,1.58451730081589,1.44067450516703,1.19846048598321,2.03034803025392,-0.187265573008392,0.330195399671479,-0.235019389165706,-0.192456105366704,-0.35302927106272,-0.169310489676384,-0.301775407755033,-0.571131887153224,0.18033227878736,-0.432035825746239,-0.138788081161461,-0.11285662760543,0.285185363896133,-0.295166232923978,0.724778431675689,0.578728767350423,0.557909885923699,0.184182553069076,2.03561349212291,0.345629902920726,1.63367736308929,1.82749616903124,1.37451643546295,1.43051611853375,0.214100464895651,0.55343367857273,0.851922217568487,0.642082039834014,1.15667105199597,-0.623570398538116,1.71824119932587,1.69670179691199,1.7431255299098,1.62704260223723,0.648441842558219,Naive CD4 T cells
31,73504,0.00324686310459375,0.0167669272835247,1.89428770714918,-0.49458715970421,1.85310678825061,-0.473250710938581,0.565003405738221,0,0.288550832878516,0.820879694082332,0.0271349676688529,-0.60377625016652,-0.0705161261926657,-0.384110048769299,-0.550486996539459,-0.166024126710643,1.46805003697335,-0.235019389165706,2.52324619366109,0.224243097302174,-0.169310489676384,-0.301775407755033,1.48163244893394,0.255101405714605,-0.188521244141399,1.1980048458963,0.742971375028536,-0.461263884611125,2.62209540062954,-0.0501076853038184,1.16999250275757,1.1962248980176,0.84751553488032,-0.661498944395728,0.03275139047723,-0.781410175272777,0.553284788001841,-0.852927948596534,0.294641148810475,1.69759670080308,1.48944840287023,1.29517322994377,1.51577510383168,0.619426561694565,1.49447883134019,-0.404418524398665,-0.910540018613393,-0.931393456935225,-0.204307370665783,-0.154087668775757,Monocytes
32,291859,0.0128921721109549,-0.512730175977017,0.973518083693569,-0.49458715970421,1.60962384421876,-0.473250710938581,0.595532324350389,0,-0.122554664318541,-0.449931962902995,-0.631859360992342,-0.794906466361779,-0.58403858165593,-1.34025746109524,-1.02630171686308,-0.459902430619074,1.10333555950912,-0.235019389165706,1.80192178532584,-0.35302927106272,-0.169310489676384,-0.301775407755033,1.16451319830181,-0.349725849847579,-0.512030776843197,-0.198805618112761,-0.405798876380135,-0.748366577381135,2.40530159003024,-0.376709997449021,0.636190296927793,0.608682956685288,0.147340218670082,-0.661498944395728,-0.567661007943777,-0.810721003826339,-0.238338378442376,-1.17633271087316,-0.208221310891723,0.722896806647134,1.10989164772255,0.513626472879433,0.699347761077287,0.220848751441404,1.33082158218126,-0.524240137400873,-0.995432787685742,-0.990990776004668,-0.59509848579083,-0.39547608087884,Neutrophils
33,107921,0.00476715162590964,-1.86583635053824,0.525794597987,-0.49458715970421,0.0159534205961992,-0.473250710938581,-0.547727631239403,0,-0.482113016630249,-1.46638527818963,-0.546598626451063,-0.880897653303048,0.758267480264057,-1.85026172152121,-1.42357317827118,-0.459902430619074,0.795082395349119,-0.235019389165706,0.685204525786086,-0.35302927106272,-0.169310489676384,-0.301775407755033,-0.571131887153224,-0.349323536679105,-0.541892730194291,-0.258515924590111,-0.493581126789361,-0.748366577381135,-0.544387168539355,-0.789457606938333,-0.571873761859505,-0.634774245683316,-0.619326841043033,-0.661498944395728,1.17417088782001,-0.786579224806125,-1.1430196394703,-1.22186709324346,-1.3920922063694,-0.383362379805386,0.236797702824516,-0.510271577374131,-0.417410879973311,-1.33482944723468,0.688865409366293,-0.504944968681821,-1.06892799450848,-0.989756080612826,-0.801580438050869,-0.406777671357583,Neutrophils
34,73822,0.00326090999275304,-0.742035715750463,-0.64541419492183,1.76640882226142,-0.220563782228915,-0.473250710938581,-0.547727631239403,0,-0.298573093661518,-0.555500135210845,-0.843600334626454,-0.876847330493002,-0.785974387280945,-1.27734782810446,-1.28405116770524,-0.459902430619074,1.4389517630861,3.21918534476553,-0.255891595504002,5.59630542246475,-0.169310489676384,-0.301775407755033,-0.571131887153224,-0.346560997659022,-0.333194904569346,1.3182570623936,0.56527021011965,-0.748366577381135,-0.281808827319738,-0.789457606938333,-0.80770903340246,-0.830915290976364,-0.619326841043033,-0.661498944395728,-0.921792212665396,-0.927141198938528,-1.1430196394703,-1.2420288582005,0.620409021135326,0.149366900135977,1.04346060650232,0.513810363136937,0.611954653846205,0.179053746167463,-0.625521024019357,-0.502716353139863,-0.992225440608142,-0.969596724114515,-0.802833472282908,0.727845107983278,Basophils
35,217964,0.00962803751808979,-1.48208258390894,0.976945319410108,-0.49458715970421,-0.154741400674415,-0.473250710938581,-0.547727631239403,0,0.990998025851816,-0.265785813778004,-0.215409019242191,-0.601718943342369,-0.388973414229779,0.889208397346194,-0.570531383084926,-0.459902430619074,0.289363990955359,-0.235019389165706,-0.245425558444436,-0.35302927106272,-0.169310489676384,-0.301775407755033,-0.571131887153224,-0.334889848548327,-0.393623028514807,0.975922445010813,0.155942638135245,-0.748366577381135,-0.544387168539355,-0.365076138893189,-0.955596097680793,-0.9383734313029,-0.619326841043033,-0.661498944395728,0.0505839476520467,-0.927141198938528,-1.1430196394703,-1.24365141450869,-1.51702276167092,-0.395150761887248,-0.201229535008952,-0.786698315984978,-0.292125093987555,0.235406167620191,0.970073689452206,0.142233992412441,0.335756125818061,-0.404833331304831,0.167278771443959,-0.333087752337438,Neutrophils
36,67328,0.00297405310059436,-2.0305104427798,-0.64541419492183,-0.49458715970421,-0.612175270395249,0.81953666683291,-0.547727631239403,0,-0.528074361712855,-1.00571915926047,-2.26238111345798,-1.28810089288311,-1.51796235768603,-1.60071062800822,-1.42143988558094,0.639915784873749,-1.08383864059258,-0.235019389165706,-0.563288258985269,-0.35302927106272,-0.169310489676384,-0.301775407755033,-0.571131887153224,-0.970849069419834,0.449062072071484,-0.878299157700363,-0.782695957009301,-0.37869827049057,-0.544387168539355,-0.789457606938333,-1.65731722917581,-1.45971341748443,-0.619326841043033,-0.661498944395728,-0.940339114806465,-0.927141198938528,-1.1430196394703,0.19910014740995,-1.07449535158008,-1.06718421077645,-2.74702505621657,-1.49143578201974,-1.34407222048002,-1.33482944723468,-0.503670020333607,-0.710526223506654,-1.07685496945724,-1.19101697315222,-1.16565458060669,-0.626212307926814,Neutrophils
37,217832,0.00962220673432555,0.0933766744492772,-0.64541419492183,-0.49458715970421,-0.612175270395249,1.9435492285826,-0.547727631239403,0,-0.514067039957396,0.162557925310791,-2.0770108325936,-1.23350227240173,-0.956098324891687,0.168641639283575,-0.367662318354627,2.77051428760082,-0.246476146919262,-0.235019389165706,-0.563288258985269,-0.35302927106272,-0.169310489676384,-0.301775407755033,-0.571131887153224,-0.230406887423759,1.78051210875289,-0.552339871983939,-0.49060634502816,1.54828087230857,-0.544387168539355,-0.397380481268028,-1.27007195940358,-1.14620791297112,-0.619326841043033,-0.661498944395728,-0.750084912386059,-0.927141198938528,-1.1430196394703,1.40849294896465,-0.333414756710356,-0.397735699197596,-1.01116258360632,-0.905056570265931,-0.593110719628797,-1.33482944723468,0.953819690970753,-0.703166661076633,-0.996251165565081,-1.00145196720664,-0.821337531502269,-0.591987916870378,B cells
38,67766,0.0029934007012666,0.802618687734437,-0.64541419492183,-0.49458715970421,-0.290950078433131,-0.473250710938581,-0.547727631239403,0,-0.612073186677857,0.0961976580133553,0.590079855507083,1.01624931757364,-0.0404338095529891,0.848676471186634,-0.00236300805939848,-0.459902430619074,-1.55851310724127,-0.235019389165706,-0.563288258985269,-0.35302927106272,1.31032751157434,-0.301775407755033,-0.571131887153224,-0.455339328460823,-0.691356974444512,-0.917928113263456,-0.535543230532464,-0.358055739405741,-0.544387168539355,0.17958628704919,-0.195116112994622,-0.27572643575469,-0.619326841043033,-0.661498944395728,-0.97699798631244,-0.656202956898128,-1.1430196394703,1.06880635544335,0.293857042735257,-0.405646675313936,-0.371873523811607,-0.582585550078583,-0.577421896366607,0.0312569436767481,-1.03098119949175,0.579761225567772,-0.612772493545372,-0.0157882057657201,-0.815578010370656,-0.53467439158564,gdT
39,348322,0.0153862898661067,0.604827849618377,-0.64541419492183,-0.49458715970421,-0.612175270395249,-0.473250710938581,-0.547727631239403,0,-0.428478170289195,-0.980354203484415,0.752852341288722,1.08778168036475,0.0504440253141367,-0.797196187728169,0.192277186181915,-0.459902430619074,-0.194428797427089,-0.235019389165706,-0.563288258985269,-0.35302927106272,-0.169310489676384,-0.301775407755033,-0.571131887153224,-0.354412376333219,-0.547461652408403,-0.34698718098207,-0.451707453741957,-0.311738477138529,-0.544387168539355,-0.789457606938333,-0.801175072728571,-0.827975975476487,-0.619326841043033,0.451580990635011,-0.309984489337085,1.42254292520434,0.775808946639511,1.52889556871762,-0.00765890487958323,-0.447998931736611,-0.697098917100559,-0.633065264666088,-0.582197312888539,0.173124913862484,-0.820229942134366,2.55919257070151,1.02012944512129,1.51856446546955,-0.7144405932896,-0.17982880082827,Naive CD8 T cells
40,191802,0.00847239384506,0.961573142812941,-0.64541419492183,-0.49458715970421,-0.612175270395249,-0.473250710938581,-0.547727631239403,0,-0.29295495351387,-0.497163784511301,1.21814913965826,1.30181430697468,0.553086806569883,-0.0440105883385805,1.00287433303707,-0.459902430619074,0.218847278441841,-0.235019389165706,-0.563288258985269,-0.35302927106272,-0.169310489676384,-0.301775407755033,-0.571131887153224,-0.20599243829251,-0.503066855858753,0.230148006788473,-0.168341185214758,-0.00498837334495109,-0.544387168539355,-0.38502370823203,-0.363417442381935,-0.440807461993074,-0.619326841043033,1.73187062590399,-0.0481844131886698,1.57668538012735,1.35677445127395,1.1813801102124,0.698119781622169,-0.381695209169868,-0.252179738551515,-0.242625211421731,-0.355832680977121,0.448337921341924,-0.767843392426722,2.78018368347631,1.34444691706672,1.65370123152442,-0.686130481389913,-0.146078561852258,Naive CD8 T cells
41,373788,0.0165111894065614,0.0597873784335696,1.97490768686582,-0.49458715970421,2.07640567663064,-0.473250710938581,0.771496162220906,0,-0.170679073741508,-0.00100148300422082,0.0587429329226008,-0.531762464433905,-0.0283257498383932,-0.963852942961665,-0.478121503365887,-0.459902430619074,1.83545808167777,-0.235019389165706,2.4916782957117,0.0945278498343961,-0.169310489676384,-0.301775407755033,1.61800324189127,-0.107819510620576,-0.485060609596431,-0.0904356472640033,-0.2550082345257,-0.488554261029087,3.15491002123982,-0.264536645575405,1.04188067701426,1.06200603786507,0.643408451638146,-0.661498944395728,-0.0986681462830591,-0.778701899135506,0.135492784444943,-1.01067437427532,0.28144854097859,1.42015374437371,1.52064303717036,1.17134288552122,1.49194403268672,0.623184504529152,1.64289978410483,-0.383530154881996,-0.970573826888077,-0.946663794140997,-0.286179821466885,-0.241047840229316,Monocytes
42,219860,0.00971178877579426,-0.128107489168374,1.01683144440451,-0.49458715970421,1.96485919921019,-0.473250710938581,-0.547727631239403,0,-0.216120062407556,1.03110250526365,-1.08625687461656,-1.09348452599538,-0.779313583423245,-0.862197353879829,-1.25031817265664,-0.459902430619074,1.72584812695823,-0.235019389165706,2.80840824912493,0.234869022122246,-0.169310489676384,-0.301775407755033,1.58769674363316,-0.221912012941826,-0.557808915473177,-0.591294971712939,-0.515474717729719,-0.748366577381135,2.74236633004986,-0.396498347884652,0.0780455191157712,0.0117526604773004,0.0388569857942191,-0.661498944395728,-0.44655847302453,-0.927141198938528,-0.201856730204532,-1.07266311289635,0.45419436787833,1.4179924565997,1.33820833243355,1.04760187305008,1.19800950108075,0.493309555516235,1.43185539818701,-0.695814350054376,-1.00293477008661,-0.992402666149438,-0.298701022755168,-0.42925503770363,Neutrophils
43,175409,0.00774827234318792,-0.669263796669404,0.960163338194498,-0.49458715970421,1.07851354036157,-0.473250710938581,-0.547727631239403,0,-0.205794385812121,0.878747913400758,-1.31653534037173,-1.07803135303017,-0.934485060453853,-0.384372410785169,-1.26566068336638,-0.459902430619074,0.221969367742984,-0.235019389165706,2.39217682101355,0.225923784653101,-0.169310489676384,-0.301775407755033,1.14890448924238,-0.357422331870081,-0.564608114194518,-0.62029055209038,-0.553798744131689,-0.748366577381135,1.46921679178337,-0.385510225754361,-6.7253534914813e-4,-0.070648587328241,-0.0361532606424854,-0.661498944395728,-0.738353791487217,-0.927141198938528,-0.269773666088817,-1.09312790094821,0.191131056164473,1.09641038943291,1.17772616897671,0.794777642558603,0.798946984311368,0.248359202179151,1.06989691427491,-0.694965951568339,-1.07688366497859,-0.998305098222056,-0.49116910188701,-0.633338883304789,Neutrophils
44,195214,0.00862311077084463,-0.847612217410158,0.668315559353439,-0.49458715970421,1.44642529633208,-0.473250710938581,-0.547727631239403,0,-0.275451055624139,-0.138783328662968,-1.43144635707191,-1.11424312554682,-0.950567880810283,-1.56343497359803,-1.4248665719823,-0.459902430619074,1.15635110408694,-0.235019389165706,1.74329295994435,-0.35302927106272,-0.169310489676384,-0.301775407755033,1.15104851465491,-0.366752032784611,-0.567793565787807,-0.73300093291806,-0.567312570187848,-0.748366577381135,2.02554059127995,-0.789457606938333,-0.617190296934061,-0.69061909326028,-0.619326841043033,-0.661498944395728,-0.87230717202362,-0.927141198938528,-0.431927090576083,-1.22795341833675,-0.277866608806653,0.496871032897311,0.867508667664077,0.319728230071326,0.181419513156936,0.128016708746211,1.10043922108752,-0.704535895575381,-1.08072468885617,-0.998467701619568,-0.672032766547465,-0.60572375783179,Neutrophils
45,149005,0.0065819388999237,-2.43989480076905,-0.64541419492183,-0.49458715970421,-0.612175270395249,-0.473250710938581,-0.547727631239403,0,-0.493615604043117,-1.46638527818963,-0.665064296468707,-1.07463961107438,-0.941498000520478,-2.05004648972588,-1.42463040339927,-0.459902430619074,-0.961218958680161,-0.235019389165706,-0.563288258985269,-0.35302927106272,-0.169310489676384,-0.301775407755033,-0.571131887153224,0.616102743912229,-0.187750903480242,1.32419827913767,0.613935172353524,-0.748366577381135,-0.26019986600545,-0.789457606938333,0.268529168397958,0.20459906196185,-0.0374477133561198,-0.661498944395728,0.342764297561931,-0.811687406850797,-1.1430196394703,-0.522219474264584,-1.64429979832357,-1.06718421077645,-1.38727935505066,-0.947920808584107,-1.34407222048002,-1.33482944723468,-0.835495933431852,-1.02463795188192,-1.08090327920702,-1.19101697315222,-1.16565458060669,-0.340709783453666,Neutrophils
46,235980,0.0104238511566994,-2.3983779671728,-0.64541419492183,-0.49458715970421,-0.218808352223362,-0.473250710938581,-0.547727631239403,0,-0.254569607956233,-1.11425839102071,-1.3957373624134,-1.10036626829983,-0.775604643252249,-2.15819929531583,-1.46949183740575,-0.459902430619074,-0.626945229513263,-0.235019389165706,-0.563288258985269,-0.35302927106272,-0.169310489676384,-0.301775407755033,-0.571131887153224,-0.970849069419834,-0.691356974444512,-0.692876512803039,-0.782695957009301,-0.748366577381135,-0.544387168539355,-0.789457606938333,-1.5808162642157,-1.37475483469743,-0.619326841043033,-0.661498944395728,-0.216760738012083,-0.927141198938528,-1.1430196394703,-1.1992921308759,-1.66068045934526,-1.06718421077645,-2.02929911014135,-1.46625346301972,-1.34407222048002,-1.33482944723468,-0.45872425438618,-0.64694824869778,-0.991380225328659,-0.989247926200732,-0.807553431634221,-0.144001260955568,Neutrophils
47,59756,0.00263957814102775,-1.70982234528062,-0.64541419492183,-0.49458715970421,-0.612175270395249,-0.473250710938581,-0.547727631239403,0,-0.531391957672442,-1.11333716904329,-1.29920779385056,-0.533279618677935,-1.51796235768603,-2.01398193053757,-1.42409920461878,-0.459902430619074,-1.45502044265868,-0.235019389165706,-0.563288258985269,-0.35302927106272,-0.169310489676384,-0.301775407755033,-0.571131887153224,-0.970849069419834,-0.691356974444512,-0.977863226191786,-0.782695957009301,-0.748366577381135,-0.544387168539355,-0.789457606938333,-1.66052611727427,-1.45971341748443,-0.619326841043033,-0.661498944395728,-1.00580652488757,-0.582654431388811,-1.1430196394703,0.130286299640729,-1.20553535189198,-1.06718421077645,-2.60210415983845,-1.27836956884807,-1.34407222048002,-1.33482944723468,-1.03098119949175,1.64705008992867,0.0664445585584471,0.358073280845181,-0.823748290030618,-0.612605300674247,Neutrophils
48,221411,0.00978030048502403,0.672048909868164,-0.64541419492183,-0.49458715970421,-0.612175270395249,-0.473250710938581,-0.547727631239403,0,-0.347395637928808,-0.801244247196696,0.624502733775794,1.14835763726037,0.0576957110392955,-0.336575190543541,0.0744109429393215,-0.459902430619074,-0.440724228682227,-0.235019389165706,-0.563288258985269,-0.35302927106272,-0.169310489676384,-0.301775407755033,-0.571131887153224,-0.37901393681857,-0.555575056429207,-0.365269084738536,-0.459370082025427,-0.188195235913211,-0.544387168539355,-0.789457606938333,-0.958984377384242,-0.97165626340794,-0.619326841043033,1.02655204852568,-0.471366797295702,1.3612796025773,0.637599667720501,-0.167477003605739,0.864438227222259,-0.417009758372858,-0.453612700743159,-0.538035134883438,-0.562320577377961,0.201788417556524,-0.825169543619297,2.54292670596518,1.12496686582274,1.48577565019936,-0.728760041057758,-0.383268146027317,Naive CD8 T cells
49,333713,0.0147409722902603,0.336360264163739,-0.64541419492183,-0.49458715970421,-0.612175270395249,-0.473250710938581,-0.547727631239403,0,-0.526123552584134,-0.769024172524892,0.421811620082675,1.05673535651157,-0.164406483963319,-0.586623472097776,-0.190300468208782,-0.459902430619074,-0.297141528313595,-0.235019389165706,-0.563288258985269,-0.35302927106272,-0.169310489676384,-0.301775407755033,-0.571131887153224,-0.476508474173256,-0.691356974444512,-0.887619872089949,-0.561115806834612,-0.354289558701614,-0.544387168539355,-0.789457606938333,-1.40432616995449,-1.27420286295613,-0.619326841043033,0.818516707466139,-0.757399178136196,0.984454594384522,-0.2225908190112,1.40879078946553,-0.0761567657276312,-1.06718421077645,-0.890457314033942,-0.841747800255811,-0.59532648230756,-1.33482944723468,-1.03098119949175,2.31270064151071,0.750245499905714,1.20866499595283,-0.813546929642814,-0.531997302067176,Naive CD8 T cells
50,329740,0.0145654745334777,0.805131317685352,-0.64541419492183,-0.49458715970421,-0.612175270395249,-0.473250710938581,-0.547727631239403,0,-0.346852181265891,-0.31920910429497,1.17348096927202,1.27340508713836,0.45549209079929,-0.0993380191765824,1.14334901169505,-0.459902430619074,0.332882125485453,-0.235019389165706,-0.563288258985269,-0.35302927106272,-0.169310489676384,-0.301775407755033,-0.571131887153224,-0.225888124465052,-0.552190125892109,-0.676499866259375,-0.485621335811311,-0.0920623014743369,-0.544387168539355,-0.40923273943086,-0.696668892451623,-0.762051852557111,-0.619326841043033,2.24786873446016,-0.216592507079661,1.45329421874912,0.78390225961681,1.60570815607463,0.0546542961838445,-0.411982813684469,-0.511441960679769,-0.519758911288335,-0.555409646690299,0.251197860034366,-0.822557708219326,2.66374262161771,1.13259688618404,1.43198448771364,-0.701976754074383,-0.131398496153839,Naive CD8 T cells
51,279160,0.0123312242092728,0.371030967389546,2.51270111778641,-0.49458715970421,2.16355480950417,-0.473250710938581,1.61777579238609,0,0.095696142823839,1.56994714466943,0.462326976774711,-0.369060173928301,0.35400522074838,-0.00158051957623465,0.032141149709314,-0.12651854843332,1.5151952824497,-0.235019389165706,3.1721052898601,0.465734707230877,-0.169310489676384,-0.301775407755033,1.8056161731264,0.41582832936692,-0.398766242137848,0.125616839011307,-0.125194395999981,-0.455819142600065,3.1197316629979,0.0518048955925108,1.3733537230122,1.42431054542553,1.04157959241582,-0.661498944395728,0.267642116227549,-0.752728107196276,0.984796479390429,-0.781071986620501,0.566171511621944,2.28628880326519,1.70618117151483,1.51427363254285,1.98937506376751,0.844592530961308,1.70321386354634,-0.326166166077878,-0.952295680112884,-0.927852725951956,0.0544326880975393,-0.156904543313492,Monocytes
52,288981,0.0127650433558528,-0.317892557335122,1.91723963866074,-0.49458715970421,1.35708382040377,-0.473250710938581,1.00466165513216,0,0.0787856942689158,0.62695668693134,-0.290115829275469,-0.626245097660829,-0.122621738846714,-0.155421281022502,-0.621646708282196,-0.182832581959237,0.718175701889961,-0.235019389165706,2.79000818643535,0.218315392363645,-0.169310489676384,-0.301775407755033,1.21418304064915,-0.223181139176614,-0.50561267377922,-0.14832755356643,-0.320196603410868,-0.516756382610933,2.00953034835683,-0.229788774302506,1.08543362685593,1.1110278421342,0.577168026941412,-0.661498944395728,-0.276833712592589,-0.78966196855262,0.251584761488739,-0.958146824860566,0.494357959296922,1.50047768111879,1.51332344109578,1.16815635771171,1.50557289790888,0.546879741035052,1.37530301388491,-0.485664951673848,-0.976148784347978,-0.978787290673138,-0.442198244711269,-0.44064712016358,Monocytes
53,104249,0.00460494982301363,0.459554290289337,0.951373224450624,-0.49458715970421,2.72474696569098,-0.473250710938581,-0.547727631239403,0,0.206240729391627,2.31063155527847,-0.543748664012357,-1.07084674652945,-0.780751839637924,-0.204141576787318,-0.90727456472424,-0.1611950097711,0.567251529231999,-0.235019389165706,1.62655222670977,1.55248148385742,-0.169310489676384,-0.301775407755033,-0.571131887153224,-0.216116635493023,-0.55573562698181,-0.43804461319044,-0.525704590115681,-0.748366577381135,0.498542860314815,-0.374969793992579,0.13178914543039,0.0617547539100148,0.00533899540689255,-0.661498944395728,-0.54536341772808306,-0.927141198938528,0.876217344650838,-1.02101344387837,-0.573842322259276,2.43279098651459,0.992275231555706,0.710219482234746,0.634423889911297,0.255417733996176,1.37966658024663,-0.697034955027539,-1.00329865534937,-0.993183911637303,-0.240211625614375,0.726628079871082,Neutrophils
54,114277,0.00504791269867844,0.00264529607191575,-0.64541419492183,-0.49458715970421,1.98736503777819,-0.473250710938581,-0.547727631239403,0,-0.192600806954735,1.46667268624719,0.0207330670088868,-1.02999804996655,-0.798043934938818,-0.506951520897212,-0.985411888420466,-0.459902430619074,-0.0306800603328344,-0.235019389165706,-0.123642117828296,0.816994926005317,-0.169310489676384,-0.301775407755033,-0.571131887153224,-0.356671111617952,-0.560217322146474,-0.638804024523957,-0.530231227314109,-0.748366577381135,-0.544387168539355,-0.382837418627765,0.0766120115678981,0.0127187747909777,-0.0230044013657489,-0.661498944395728,-0.747162707796216,-0.927141198938528,0.689090528311058,-0.546271488349052,-1.59302245105848,1.40183991656331,0.577395393143108,0.115483934238643,0.130222004594397,-1.33482944723468,0.258433034159473,-0.692376079651651,-1.07778698006866,-1.00358077535841,-0.654565637916822,1.4089154727311901,Neutrophils
55,330217,0.0145865448657166,0.0723007630250314,-0.64541419492183,-0.49458715970421,-0.19618620330582,-0.473250710938581,-0.547727631239403,0,-0.624321551524073,-0.424925991347952,0.21179626286593,-1.17178468969378,-0.952744102946639,0.407743143715191,-1.25334834505572,-0.459902430619074,-1.56359765299188,-0.235019389165706,-0.563288258985269,-0.35302927106272,-0.169310489676384,-0.301775407755033,-0.571131887153224,-0.970849069419834,-0.691356974444512,-0.983457662831019,-0.548456648157618,-0.748366577381135,-0.544387168539355,1.3927944746482,-0.659959617016088,-0.725785680144647,-0.619326841043033,-0.661498944395728,-1.05872623796654,-0.927141198938528,-1.1430196394703,0.798497485866814,1.28228146603841,-0.397565303395314,-0.113717531309503,0.525484878095463,-0.346572949740145,-1.33482944723468,-0.8524838585679,-0.494064320554585,-0.981113109542075,0.668011451447951,-0.820245545064183,0.985836224715734,NK cells
56,154607,0.00682939382906951,-1.85512217361071,-0.64541419492183,-0.49458715970421,-0.612175270395249,-0.473250710938581,-0.547727631239403,0,-0.565335593201097,-1.46638527818963,-1.59210121590951,-0.674258725874204,-1.51796235768603,-2.06309283916622,-1.43521719794922,-0.459902430619074,-1.55951496525369,-0.235019389165706,-0.563288258985269,-0.35302927106272,-0.169310489676384,-0.301775407755033,-0.571131887153224,-0.970849069419834,-0.691356974444512,-1.02436042926185,-0.782695957009301,-0.748366577381135,-0.544387168539355,-0.789457606938333,-1.69196639023007,-1.45971341748443,-0.619326841043033,-0.661498944395728,-1.05863787266187,-0.664790883322217,-1.1430196394703,-0.43742671257828,-1.13662492225922,-1.06718421077645,-2.80915468621634,-1.26383527003231,-1.34407222048002,-1.33482944723468,-1.03098119949175,-0.687454239354376,-0.0338392008920135,0.103503394283345,-0.627896131624429,-0.623115086317425,Neutrophils
57,212871,0.0094030664445197,-0.550964123257045,-0.64541419492183,-0.49458715970421,-0.612175270395249,-0.473250710938581,-0.547727631239403,0,-0.711825017680459,-1.1113287082223,-1.00214418148168,0.401998133810574,-0.934827777755609,-0.982066742209412,-1.27028349487096,-0.459902430619074,-1.05021391918415,-0.235019389165706,-0.563288258985269,-0.35302927106272,-0.169310489676384,-0.301775407755033,-0.571131887153224,-0.970849069419834,-0.691356974444512,-0.816948879898176,-0.782695957009301,-0.451688670440917,-0.544387168539355,-0.789457606938333,-1.22334323678803,-1.12053403941486,-0.619326841043033,0.310572211861814,-1.05012554415737,0.837610615585958,-0.409429931015939,-0.282204427905684,-0.282897936859026,-1.06718421077645,-1.51150425685946,-1.26413080103299,-1.34407222048002,-1.33482944723468,-1.03098119949175,-0.623382747035421,0.750751215368813,0.966280721619611,0.371928911186483,-0.594087897421034,Memory CD4 T cells
58,296797,0.0131102964308624,0.393520151070553,-0.64541419492183,-0.49458715970421,-0.612175270395249,-0.473250710938581,-0.547727631239403,0,-0.636465230860775,-1.00354973768914,0.280283429242702,1.0606977955152,-0.076629833372988,-0.493649646480937,-0.07635217493574,-0.459902430619074,-0.859556342294643,-0.235019389165706,-0.563288258985269,-0.35302927106272,-0.169310489676384,-0.301775407755033,-0.571131887153224,-0.415518953380709,-0.571854797318666,-0.800929466733917,-0.546921368573671,-0.348993989462083,-0.544387168539355,-0.789457606938333,-0.884844866101105,-0.903621122513523,-0.619326841043033,0.707104655292954,-0.600121548252616,1.26256754149091,0.264628132524759,0.826042157643042,-0.616585812219282,-1.06718421077645,-1.05693810524708,-0.926803238549697,-0.632772602200861,-1.33482944723468,-1.03098119949175,-0.48232605962451,0.686949233061485,1.15941169270253,0.930659990751422,-0.426860318780551,Naive CD4 T cells
59,165582,0.00731418816098229,-0.368542693902708,-0.64541419492183,-0.49458715970421,-0.612175270395249,-0.473250710938581,-0.547727631239403,0,-0.553350170581076,-1.05031041280141,-0.492208042111068,0.5550886069547,-0.787847513348595,-0.988332175550589,-1.0162982316755,-0.459902430619074,-0.694109154502285,-0.235019389165706,-0.563288258985269,-0.35302927106272,-0.169310489676384,-0.301775407755033,-0.571131887153224,-0.970849069419834,-0.59464672831942,-0.715430603190337,-0.547824709002553,-0.444172395808554,-0.544387168539355,-0.789457606938333,-1.31574273643103,-1.23173748289742,-0.619326841043033,0.331672447942615,-1.02161087113998,0.87083407523931,-0.403314906903719,0.396548689457785,-0.280112765264902,-1.06718421077645,-1.21074892319027,-1.22939180213482,-1.34407222048002,-1.33482944723468,-1.03098119949175,2.38934454998847,0.78322320525445,1.31525082025729,-0.807467765906682,-0.581130748861417,Naive CD8 T cells
60,94683,0.00418239469052364,0.826601701942107,-0.64541419492183,-0.49458715970421,-0.612175270395249,-0.473250710938581,-0.547727631239403,0,-0.422104558616374,0.121615633425622,1.19887570836938,1.00533706423286,0.0927922320047441,0.499741751987819,1.10264223363678,-0.459902430619074,-0.918743475276988,-0.235019389165706,-0.563288258985269,-0.35302927106272,-0.169310489676384,-0.301775407755033,-0.571131887153224,-0.365135957055753,-0.515221094354383,-0.44637135547441,-0.42757808347492,-0.336120976365052,-0.544387168539355,-0.247565695188782,0.206506878245442,0.158027851269096,-0.0470402506639256,0.0856030860446118,-0.367236902929525,1.45774924184011,0.768434023171429,0.413789095269037,-1.27702065226335,-0.422212085683498,-0.520189503984715,-0.567569942709896,-0.568674417413693,0.206013242448514,-0.824818686327065,2.50971571263144,0.657488089146613,1.57821078848173,-0.709231819342697,-0.38591996578144,Naive CD8 T cells
61,199347,0.00880567614431119,0.290092380727713,1.8125569540718,-0.49458715970421,2.37022502841409,-0.473250710938581,2.61546605279003,0,0.0850596677692873,1.62355458912844,0.0613947427036999,-0.561593455514384,-0.0956177683614322,-0.268793227447046,-0.416222528884227,-0.0602315144553957,0.760038122423448,-0.235019389165706,2.19438334070576,0.840438126718443,-0.169310489676384,-0.301775407755033,1.14410300313006,-0.166593952276727,-0.491593106741908,-0.0126011847386862,-0.282692367119494,-0.498887310381572,2.03265368281503,-0.245779345321633,1.09586341246435,1.11621128469234,0.571783863819132,-0.661498944395728,-0.196768166169195,-0.770165913680172,0.960676947865406,-0.978132201197106,-0.238105646148825,1.9012432376642,1.2350663452739,0.80235121120609,0.84770662386129,0.294950257591385,1.57518702275598,-0.496101268573646,-0.972276957801286,-0.959245373393587,-0.142641171346903,-0.0834745904339932,Monocytes
62,122326,0.00540345799048398,0.99068036349308,1.85303919555001,1.30466911379116,3.03939371920692,0.065231318198342,3.0759933765195,0,0.686711325892312,2.5710281980479,0.739526451651189,-0.365132660943624,0.466996540393497,0.35246274570134,0.415143145119431,-0.0617028554657012,0.979587841916485,-0.235019389165706,2.14986459493054,1.83353181881931,-0.169310489676384,-0.301775407755033,1.2416834466096,0.299934008374848,-0.388925603093397,0.144277990950032,-0.117481830997643,-0.454175942592529,1.12976426460631,0.135441392309347,1.36276867421466,1.41302126040495,0.982718618106103,-0.661498944395728,0.198975459092099,-0.752772041765703,2.58824285976792,-0.766484596066261,-0.291906950425196,3.34619549811769,1.38662240694967,1.16004031280459,1.41468126833537,0.69804742637539,1.735071639238,-0.362039740074612,-0.951407019277708,-0.933963143675354,0.0746810386450819,1.97804405146395,Monocytes
63,68186,0.00301195319506189,-0.615377611049628,1.22398069267844,-0.49458715970421,2.13094866580931,-0.473250710938581,2.37165188590242,0,0.0942554886155956,1.45178358490836,-0.584077419547006,-0.807703123774283,-0.418263233475583,0.554231758132556,-0.626565221728755,3.48314793524002,-0.43286525136616,-0.235019389165706,0.322231916467724,0.936840244034144,-0.169310489676384,-0.301775407755033,1.1522671662222,-0.242157328415542,-0.53098929318771,-0.417287358990288,-0.492478971985693,-0.438617069549729,-0.544387168539355,-0.250089886308273,0.901474568917256,0.898590297825198,0.155757902285278,-0.661498944395728,-0.502265512179765,-0.803161300329716,0.231613085020749,-0.931675404207399,0.409610470926032,0.81644463914202,1.03086520612364,0.706818770667415,0.696078383649711,0.279793778860752,1.20328795277806,-0.506225028709696,-0.956208461949731,-0.976931612821211,-0.278707782479945,-0.441117888912326,Neutrophils
64,63665,0.00281224885113682,-0.504830795481978,-0.64541419492183,-0.49458715970421,-0.612175270395249,-0.473250710938581,0.748363325201238,0,0.212504982094686,1.28928336327155,0.448129689351408,-0.819907134252496,-0.707524527674207,-1.17501401968778,-1.26087571273233,-0.459902430619074,-0.890691139955236,-0.235019389165706,-0.563288258985269,6.49257306823404,-0.169310489676384,3.18404093031725,-0.571131887153224,-0.217154652122338,-0.516299120223154,-0.436678342968313,-0.453529316059454,-0.748366577381135,-0.544387168539355,-0.402944846051495,0.405273780425303,0.356192252919809,-0.0154689148458921,-0.661498944395728,-0.53274864378257,-0.805234301493423,0.245974070545316,0.726072272251657,0.321210370498972,0.516811331220261,0.012941596255476,-0.0109893971059757,-0.300905158963628,-1.33482944723468,-0.523247113589811,-0.546745976408705,-0.977418934707686,-0.910873095137296,0.171868114671295,-0.45300434250181,pDC
65,110882,0.00489794670716647,0.538721616585586,-0.64541419492183,1.76952310629977,-0.612175270395249,-0.473250710938581,-0.547727631239403,0,-0.553736946151054,-0.222689013543763,0.636875674010626,1.15831420686919,-0.0120122026227752,0.718437472116422,-0.423069285003328,-0.459902430619074,-1.48515250491615,-0.235019389165706,-0.563288258985269,-0.35302927106272,4.92510555457549,-0.301775407755033,-0.571131887153224,-0.970849069419834,-0.691356974444512,-0.911950840705321,-0.550941152433072,-0.326538271481408,-0.544387168539355,2.65187951374652,-0.725436847745585,-0.785497700960335,-0.619326841043033,-0.184263157914964,-0.976588258799377,0.585582114982629,-0.432859868360345,-0.997785991066929,-1.1488513539842,-0.428544982621051,-0.217179674337429,-0.591304658245976,-0.569335131619269,-0.0477469641966303,-1.03098119949175,-0.495625547024006,-0.610266635113936,0.0955659584312027,-0.824519921031406,-0.627380067283231,gdT
66,156054,0.00689331158745473,0.282432485958959,-0.64541419492183,-0.49458715970421,-0.612175270395249,-0.473250710938581,-0.547727631239403,0,-0.524666421090337,-0.213593154012234,0.213970116984112,0.849997422877029,-0.395190474823895,-0.343801941752143,0.0699950287498937,-0.459902430619074,-0.916705352209203,0.951391343340484,-0.563288258985269,-0.35302927106272,-0.169310489676384,-0.301775407755033,-0.571131887153224,-0.970849069419834,-0.570045372345889,-0.823827284832317,-0.548217936697496,-0.397091692660473,-0.544387168539355,-0.296765489314149,0.0133875789646048,-0.0664259823148391,-0.619326841043033,0.434194112619007,-0.755931789213881,0.880127938579884,-0.289297355290374,-1.0749575523799,-1.55037628086784,-1.06718421077645,-0.405407768698714,-0.658511756538668,-0.572959870491404,-1.33482944723468,-0.849801708601515,-0.552347810574564,0.937876434142767,0.375492953467959,1.19945455586717,-0.596055919942207,Memory CD4 T cells
67,284182,0.0125530590279394,0.133178589214501,-0.64541419492183,-0.49458715970421,-0.612175270395249,-0.473250710938581,-0.547727631239403,0,-0.500898671079853,-0.954840672122376,-0.16294052555406,1.06760708050346,-0.37995355597399,0.058711954634253,-0.445774384456536,-0.459902430619074,-0.93701741340241,-0.235019389165706,-0.563288258985269,-0.35302927106272,-0.169310489676384,-0.301775407755033,-0.571131887153224,-0.970849069419834,-0.691356974444512,-0.916988060519265,-0.782695957009301,-0.347210232483848,-0.544387168539355,-0.789457606938333,-1.37734834234592,-1.2502465647573,-0.619326841043033,2.30743770551516,-0.952322621272959,0.775275852975412,-0.398481191930586,-0.0660585303237282,0.453536823735948,-1.06718421077645,-1.05086126054898,-1.03418832563581,-1.34407222048002,-1.33482944723468,-1.03098119949175,-0.475285413134621,1.25984593049187,1.15930740896526,1.34889869011317,-0.596445205437392,Memory CD4 T cells
68,416831,0.0184125108123492,0.289970667689491,-0.64541419492183,-0.49458715970421,-0.612175270395249,-0.473250710938581,-0.547727631239403,0,-0.596002305227052,-1.08125769149952,-0.287177404065853,1.11651538777397,-0.298880912568449,-0.255593683232837,-0.421355328835765,-0.459902430619074,-0.95379912096314,-0.235019389165706,-0.563288258985269,-0.35302927106272,-0.169310489676384,-0.301775407755033,-0.571131887153224,-0.970849069419834,-0.691356974444512,-0.972807973774822,-0.782695957009301,-0.35471042034032,-0.544387168539355,-0.789457606938333,-1.42501374703509,-1.28437096390907,-0.619326841043033,0.248345428133491,-0.947027792585197,0.912314468893385,-0.276317176308331,0.878271555476856,0.473992468369226,-1.06718421077645,-1.1542899563988,-0.949588015729249,-1.34407222048002,-1.33482944723468,-1.03098119949175,-0.638758781304879,0.636701344647892,0.921536617881552,1.14980256600511,-0.630525570168819,Naive CD4 T cells
69,106326,0.00469669632209179,0.628461777989805,-0.64541419492183,1.16986680608865,-0.612175270395249,-0.473250710938581,-0.547727631239403,0,-0.337327028352403,-0.776266571335517,0.571172517917462,1.19337217791673,0.216937428791934,0.00802664851346565,0.421440615736585,-0.459902430619074,-0.245266724921847,-0.235019389165706,-0.563288258985269,-0.35302927106272,-0.169310489676384,-0.301775407755033,-0.571131887153224,-0.218656902569356,-0.33696160829668,1.09505100493244,0.429067800693476,-0.13082331889915,-0.275263407830751,-0.336983928592208,0.391838638689945,0.362080092398697,0.00117678487227142,1.22169035335987,-0.241443799763607,1.34412515262831,0.715531942528458,0.481048787015554,0.414805636001049,-0.406114630827677,-0.357792261828015,-0.296603099413045,-0.455749856901174,0.218268382679571,-0.820141272693401,-0.324254714458068,1.06487806099145,1.16049595069706,1.31010591094872,-0.275375058667617,Naive CD4 T cells
70,169847,0.00750258431821308,0.671907641018046,-0.64541419492183,-0.49458715970421,-0.612175270395249,-0.473250710938581,-0.547727631239403,0,-0.602894831220126,-0.549980341133595,-0.0452783265516654,1.11367900743671,-0.0247170355676142,-0.0573700141019792,0.518004160580652,-0.459902430619074,-0.921964187735428,5.80392917775917,-0.256576147617955,-0.35302927106272,-0.169310489676384,-0.301775407755033,-0.571131887153224,-0.42532552691949,-0.568693760598719,-0.735137608536282,-0.548211653211579,-0.318762575382132,-0.544387168539355,-0.410616254443872,-0.352573972155696,-0.418662776864841,-0.619326841043033,-0.310520114069597,-0.558530474827765,1.36242972402831,0.571553971785171,0.811961230326881,-0.0561795136423083,-1.06718421077645,-0.799617641474372,-0.904835611603888,-0.600969078077805,0.119571589530414,-0.837248316045947,-0.402113971855039,0.894176564870101,0.825052300023261,1.31312245154548,-0.38690540564978,Treg
73,173933,0.00768307357927874,0.599948966427983,0.735464029978183,-0.49458715970421,2.52372557654244,-0.473250710938581,1.61606716895296,0,0.179100049652241,2.01508015690603,0.75132556864436,-0.500881923312404,0.00836463932541583,-0.0382749880260153,-0.00824574360390783,-0.459902430619074,0.583669530581561,-0.235019389165706,0.406494072788607,1.25840418126771,-0.169310489676384,-0.301775407755033,1.02162663415995,-0.138881249779222,-0.485397727211031,-0.131561966316385,-0.303818475137152,-0.482000715784075,-0.190252438147212,-0.217384639157312,1.09982434468446,1.12248236244891,0.580419085222022,-0.661498944395728,-0.200964969774628,-0.777008261297334,1.46614848645351,-0.548327304533576,-1.28046718219509,2.40711576850845,1.05535010223486,0.693453723536349,0.745146851803121,0.247081114882354,0.938817376102943,-0.497045573821882,-0.979234644779102,-0.984306157066416,-0.298011042556118,2.11506140829452,Monocytes
75,73604,0.0032512803650212,0.38062177967474,-0.64541419492183,3.38170005730649,-0.612175270395249,-0.473250710938581,-0.547727631239403,0,-0.326093151550949,-0.165800335483273,1.36836504597081,1.00226534403814,0.0225939533069271,-0.0149171051183205,0.421564485427864,-0.459902430619074,-0.707656555601813,1.29480217237617,-0.563288258985269,-0.35302927106272,-0.169310489676384,-0.301775407755033,-0.571131887153224,-0.358572387243168,-0.54023885350248,-0.613254004984548,-0.445891194242555,-0.352459100727358,-0.544387168539355,4.02901674688852,0.60035853576651,0.560392657444021,0.145688914201192,2.95780015237274,-0.483007946960138,0.92318917171832,-0.223172285488166,-0.128259263789904,-1.63976350658019,-0.383695077417541,0.163736311659131,-0.197312329148366,-0.30539386192979,0.194417556776128,-0.818673515215441,-0.137019894391926,-0.209879979573926,0.954648325726421,-0.781893904561787,-0.454965865464762,NKT
76,69808,0.00308360115919515,0.839313709369324,-0.64541419492183,-0.49458715970421,-0.612175270395249,-0.473250710938581,-0.547727631239403,0,-0.168930398444808,1.00748422875395,0.602237562660906,1.05338523929248,0.0765803653468201,0.806327845845022,0.891999942732,-0.459902430619074,-0.990688268878108,-0.235019389165706,-0.563288258985269,-0.35302927106272,-0.169310489676384,-0.301775407755033,1.17028171974408,-0.366112433150321,-0.560149042942179,-0.689391411726095,-0.50965220088928,-0.325800608918715,-0.544387168539355,0.264247981048971,0.860442160158157,0.861446396978838,0.192433950275622,-0.06754631176391,-0.663862270512075,-0.727848418163245,-1.1430196394703,-1.05737474695874,-0.327072905849336,-0.189304577098519,0.579005022321487,0.141091136517847,0.1359851252023,0.25275329283505,-0.813974705662922,-0.481923874163004,0.932474550137757,-0.586002005885389,1.65870780837252,-0.508069247276779,Memory CD4 T cells
77,111247,0.00491406970772666,0.941499685656734,-0.64541419492183,-0.49458715970421,-0.612175270395249,-0.473250710938581,-0.547727631239403,0,0.115732842523125,0.549269885311786,0.39189501166872,1.25793265009333,0.504918515310835,0.746069932495731,1.21071007529671,-0.459902430619074,-0.493936664175876,-0.235019389165706,-0.299787190319594,-0.35302927106272,-0.169310489676384,-0.301775407755033,1.18447818949542,-0.270291311794206,-0.548743165562308,-0.603076103296835,-0.506584212634485,-0.11921837798658,-0.544387168539355,-0.248816736665355,-0.431671866922583,-0.532968249156251,-0.619326841043033,-0.280292682566093,-0.218164163927962,1.34962760525499,0.870996178988258,-0.750641288172681,1.79479811621006,-0.107901339071805,0.635517478568993,0.484105118077077,0.430492562543434,0.662994934110911,-0.76487960086977,-0.38646222186665,1.06648945435342,0.320565966405502,1.69752398522466,-0.315031558706872,Memory CD4 T cells
78,393261,0.017371362529599,0.670676208624144,-0.64541419492183,1.35330946042965,-0.612175270395249,-0.473250710938581,-0.547727631239403,0,-0.440356530611346,-0.798022991188926,0.464591268279224,1.32231196197865,0.187989235854777,0.198192227459319,0.675048089808531,-0.459902430619074,-0.574596901691952,-0.235019389165706,-0.563288258985269,-0.35302927106272,-0.169310489676384,-0.301775407755033,-0.571131887153224,-0.385824333970486,-0.591968597231294,-0.902846433024145,-0.544660115419897,-0.0458680882389093,-0.544387168539355,-0.789457606938333,-1.13093372247812,-1.06513231109647,-0.619326841043033,2.33440694727444,-0.598581187449718,1.15073569570638,0.230566495152405,0.889951840574055,0.694484622398747,-1.06718421077645,-0.787150563732325,-0.699350637239127,-0.583818402368662,0.219260623818773,-1.03098119949175,-0.361280142944507,1.15961098024595,1.31052813718661,1.65025797246904,-0.397848945745634,Naive CD4 T cells
79,325821,0.0143923620973259,0.694981747789212,-0.64541419492183,1.37794939894316,-0.612175270395249,-0.473250710938581,-0.547727631239403,0,-0.598833300505802,-0.518853315199869,0.785325681751202,1.21428228856062,0.166168646359929,0.0411855408627918,0.931078143352435,-0.459902430619074,-0.312035935157452,-0.235019389165706,-0.563288258985269,-0.35302927106272,-0.169310489676384,-0.301775407755033,-0.571131887153224,-0.335817042800216,-0.554252967110873,-0.697028632352098,-0.521253337318337,-0.157070581396246,-0.544387168539355,-0.417759372911178,-0.407155484301285,-0.510496145688459,-0.619326841043033,2.50721502859176,-0.233347407061523,1.4522726196952,0.77499321730191,0.578492503158698,-0.37506114542243,-1.06718421077645,-0.791767315468565,-0.88901756522206,-0.605299630211568,0.1747610094596,-0.833325177230972,-0.287393326766511,1.13361521323019,1.24462248879258,1.64099349449281,-0.21907114221865,Naive CD4 T cells
80,401034,0.0177147161826247,0.715721707877743,-0.64541419492183,1.19206895209213,-0.612175270395249,-0.473250710938581,-0.547727631239403,0,-0.617075097710181,-0.978756146190427,0.526463670453529,1.27258464167036,0.367639870752991,0.0329047585199873,0.952634559659833,-0.459902430619074,-0.626716930231574,-0.235019389165706,-0.563288258985269,-0.35302927106272,-0.169310489676384,-0.301775407755033,-0.571131887153224,-0.356672632075882,-0.557820926283175,-0.743633368905639,-0.524436432760357,-0.118382161715883,-0.544387168539355,-0.425334490463398,-0.504606606606112,-0.57415555180409406,-0.619326841043033,0.659324317992168,-0.279391449469699,1.4302115682328,0.768070139840261,1.18058036068564,0.565101109740665,-0.626076661657667,-0.765742027139101,-0.802496231222826,-0.597166028486942,0.210663800629143,-0.830321411274416,-0.339429071990778,1.00429051344056,1.27227472856644,1.54160355552177,-0.222688231356572,Naive CD4 T cells
81,331428,0.014640037889493,0.78513944037131,-0.64541419492183,-0.49458715970421,0.289852270271401,-0.473250710938581,-0.547727631239403,0,-0.379952671155154,0.203598556328736,1.02370856158327,-0.831713308304994,-0.627478145119212,0.757771939567812,-0.633015044005248,-0.459902430619074,-1.24315615482226,-0.235019389165706,-0.563288258985269,-0.35302927106272,-0.169310489676384,-0.301775407755033,-0.571131887153224,-0.376411425995697,-0.566002126233079,-0.705965890952054,-0.437863984336554,-0.748366577381135,-0.544387168539355,2.69799945481185,0.620564165965103,0.592573394969065,0.0753188628757839,-0.661498944395728,-0.623894361194229,-0.802490154062114,-0.447917086758001,1.24211757280871,1.70028975548478,-0.197720909878358,0.340956510227592,1.12685731583793,0.169944540617568,0.186608024898981,-0.811058829720008,0.0127504220142874,-0.62857273033082,1.10286135197666,-0.713080256758601,2.4538521189549,NK cells
82,121660,0.00537403903603716,-4.10011637513066e-5,-0.64541419492183,-0.49458715970421,1.02838171038428,-0.473250710938581,-0.547727631239403,0,-0.312120680456184,-0.115526262920679,0.981013032003702,-0.954051211114773,-0.742088207605559,0.526448882874733,-0.445830340775861,-0.459902430619074,-0.631308371301908,-0.235019389165706,-0.563288258985269,-0.35302927106272,-0.169310489676384,-0.301775407755033,-0.571131887153224,-0.41500996108267,-0.552666142483402,-0.65162905598308,-0.458952339148953,-0.748366577381135,-0.544387168539355,1.53247547384393,0.468127742057008,0.415751971698577,0.00590305985450191,-0.661498944395728,-0.739981479615804,-0.239460132945037,-0.439177621543955,0.225386910934399,1.12964696596563,-0.238717365032268,0.13663238437184,3.61805696084973,1.71170843077929,0.215776990540321,-0.509229049321827,-0.0661117683438068,-0.21566639888978,2.14916487761898,-0.697103284087474,-0.239393051087458,NK cells
84,193570,0.00855049100941733,1.25003143807046,-0.64541419492183,-0.49458715970421,-0.612175270395249,-0.473250710938581,-0.0654709887375799,0,-0.343937063702709,1.53582448609672,0.259444127924106,1.04709914570622,0.0784215980492704,0.814959946855125,0.805838227581634,-0.459902430619074,-1.18542149216777,-0.235019389165706,-0.563288258985269,-0.35302927106272,-0.169310489676384,-0.301775407755033,-0.571131887153224,-0.377082176011842,-0.564828824080971,-0.66643472469242,-0.521395434735638,-0.285687433830552,-0.544387168539355,0.0125558317306716,0.786731630358768,0.778983742068058,0.134591830935438,-0.661498944395728,-0.558054767103837,0.882197107172109,-0.162573180316696,-0.926832559472311,1.12137097137484,-0.266677850828852,0.291314130392462,-0.159287792054665,-0.256554929723514,0.203627594704819,-0.817850267467531,2.99032370531615,0.397745348060842,-0.206960012815613,-0.787822178371071,-0.475946892671109,Memory CD8 T
85,181606,0.00802200997187707,0.798571510305225,-0.64541419492183,1.12039822190895,-0.612175270395249,-0.473250710938581,-0.547727631239403,0,-0.335508651734317,0.802921576845999,1.00443651252519,1.10246021403096,0.207414513613904,0.200131392301699,1.61154769406415,-0.459902430619074,-0.298502794433371,1.46909361666854,-0.367847421690151,-0.35302927106272,-0.169310489676384,-0.301775407755033,1.16640789248189,-0.247181719659116,-0.515770123404089,-0.552862329088513,-0.448712976171918,-0.19831849594354,-0.544387168539355,0.431104228027234,1.12274000589226,1.14874432414381,0.568412233863588,1.95084013113664,-0.248926883981438,1.2565896399966,0.473900382199106,-0.912810413845913,-1.54613204956649,-0.258762424934695,0.252442002197527,-0.0873599888909722,-0.263847377570323,0.262396864102758,-0.810915082877894,-0.354529228317417,1.30591522995627,0.478999008103239,1.79506232008573,-0.376858238001763,Memory CD4 T cells
86,66480,0.00293659473216957,0.75109291779835,-0.64541419492183,-0.49458715970421,-0.612175270395249,-0.473250710938581,-0.547727631239403,0,-0.207687217328302,-0.506735939427425,0.0357637408710838,1.04948700686651,0.0076810957766255,-0.320126850244505,0.30911888466779,-0.459902430619074,-0.69798846529718,6.20531607809636,-0.24253142957977,-0.35302927106272,-0.169310489676384,-0.301775407755033,3.6553081913323,-0.369375449904031,-0.552114824983507,-0.642221991722576,-0.517908195916348,-0.327799731310134,-0.544387168539355,-0.289034950349879,0.697495833306372,0.675655811565406,0.107634540802458,-0.661498944395728,-0.400482312021573,1.45066328967946,0.801589810955863,-0.992735693255697,-0.778352015804997,-0.197174431130202,0.606033205415552,0.158533417795168,0.172156740557799,0.312707095632128,1.01505569238134,-0.497310550319472,0.712804242606682,0.0496302796329859,1.3492084788528,-0.456082510611758,Treg
87,142526,0.00629574459682913,0.85928544711589006,-0.64541419492183,-0.49458715970421,-0.612175270395249,-0.473250710938581,-0.547727631239403,0,-0.313783097029482,0.123227838566542,0.388434103218419,1.14348796437013,0.158985693200593,0.151124391653562,1.25817782769764,-0.459902430619074,-0.667545318058191,-0.235019389165706,-0.563288258985269,-0.35302927106272,-0.169310489676384,-0.301775407755033,1.02703215866086,-0.35018276646149,-0.545043068528054,-0.57607130350881,-0.488594897478159,-0.184928436104838,-0.544387168539355,-0.217605821084566,0.758375447574389,0.752706363930555,0.148288369182396,-0.254284855902844,-0.272364762649909,1.44883611560069,0.855014024761823,-0.943922278098336,0.648867887609163,-0.274626419895718,0.234523945436461,-0.139925212567269,-0.284258393516619,0.277646382955274,-0.810814498420906,-0.440305562978048,1.07692565917003,0.35882151927503,1.56819892720511,-0.379181567007646,Memory CD4 T cells
88,227393,0.0100445410037942,0.405046696855713,-0.64541419492183,-0.49458715970421,-0.612175270395249,-0.473250710938581,-0.547727631239403,0,-0.547062684104222,-0.915380216447623,-0.13818872123813,1.11621794785386,-0.102773373960186,-0.213401783883523,-0.103176680542961,-0.459902430619074,-0.970379806097397,-0.235019389165706,-0.563288258985269,-0.35302927106272,-0.169310489676384,-0.301775407755033,-0.571131887153224,-0.970849069419834,-0.691356974444512,-0.891800862587801,-0.606294279735726,-0.337889100550028,-0.544387168539355,-0.789457606938333,-1.25417354422744,-1.16624901674721,-0.619326841043033,0.0608249275770954,-0.75567860068136,1.00852426330981,-0.205952513017481,-0.870594061260058,0.776428561689375,-1.06718421077645,-0.69068760062138,-0.656130232527469,-0.582913466781516,-1.33482944723468,-1.03098119949175,-0.665730124814883,0.739468550139947,0.584218161082556,0.993172741892764,-0.627138968477844,Memory CD4 T cells
89,49484,0.00218583714991996,0.689907744296537,0.629987150394171,1.36924032770601,-0.612175270395249,-0.473250710938581,-0.547727631239403,0,0.696950316476551,-0.200398176167379,1.25861848781096,1.16704267822432,0.870277924371934,0.41895919502592,0.835551503364432,-0.172038820738079,0.80451174653334,-0.235019389165706,-0.238728636353329,-0.35302927106272,-0.169310489676384,-0.301775407755033,0.697563253633841,1.64280321303219,0.441119567426083,2.22922141465344,2.26915546931454,0.139252449293982,0.280964880528141,0.670256033837612,1.65753775087743,1.73435889975348,1.65114957833183,0.944244499949257,0.738483246341868,1.24881200493532,1.38693992301765,0.854977780394786,0.577871266554725,0.241771408252878,0.668402431737881,1.10079987278088,0.778352183194454,0.822445432229523,-0.610539114814378,0.228322575611434,1.04513891373689,1.09051601931995,0.679050566005082,0.167625181507058,Naive CD4 T cells
90,335954,0.0148399630964395,0.65285911271967,-0.64541419492183,-0.49458715970421,-0.612175270395249,-0.473250710938581,-0.547727631239403,0,-0.482498617158793,-1.00479458586685,0.475940765340786,1.14160886871624,0.103985821295958,-0.316484586268182,0.321384671082539,-0.459902430619074,-0.524631567015047,-0.235019389165706,-0.563288258985269,-0.35302927106272,-0.169310489676384,-0.301775407755033,-0.571131887153224,-0.388957712679877,-0.555189952430518,-0.587546951527175,-0.483189496037099,-0.20281177917956,-0.544387168539355,-0.789457606938333,-0.572192892724838,-0.631269384712107,-0.619326841043033,0.958692314549693,-0.375199298420942,1.44657801348465,0.879602911844676,-0.296305612755912,0.656599145771215,-0.45211566670043,-0.648109993612829,-0.662879440507434,-0.581570618491142,0.190132339877313,-0.820532826313823,-0.359579160596139,1.301084727801,1.25219629133217,1.21589466018816,-0.361634896652304,Naive CD4 T cells
91,239107,0.0105619788902658,0.496451437293452,-0.64541419492183,-0.49458715970421,0.0629477967336357,-0.473250710938581,-0.547727631239403,0,-0.512427750335945,0.238166988045776,0.187012074857078,-0.864493294015429,-0.715540563171045,0.724009885058291,-0.623425219099064,-0.459902430619074,-1.20869986694092,-0.235019389165706,-0.563288258985269,-0.35302927106272,-0.169310489676384,-0.301775407755033,-0.571131887153224,-0.421938516821529,-0.565020243700202,-0.625451670914238,-0.464167283861544,-0.748366577381135,-0.544387168539355,2.45132204922999,0.562128417239218,0.540015431246271,0.0311218433546852,-0.661498944395728,-0.761190464898005,-0.80422793647363,-1.1430196394703,0.437555214327262,1.34802547792594,-0.263112427992542,0.215176249564424,0.661138978938156,0.00493508895983853,-0.0132090884295973,-0.766047106332671,-0.291586360027499,-0.779489066752827,0.99185837398624,-0.79630388209292,0.879920654250549,NK cells
92,106718,0.0047140119829674,0.596181699798901,-0.64541419492183,-0.49458715970421,0.205887864615978,-0.473250710938581,-0.547727631239403,0,-0.421418120775409,0.108533003401325,0.264071441704238,-0.882192148910004,-0.751340083729049,0.710659925965568,-0.662903577935849,-0.459902430619074,-1.26476253389288,-0.235019389165706,-0.563288258985269,-0.35302927106272,-0.169310489676384,-0.301775407755033,-0.571131887153224,-0.419565519123301,-0.562380594583991,-0.651529144091974,2.54814322009774,-0.748366577381135,-0.544387168539355,1.97772371714873,0.476682705535651,0.42893447864276,0.00127098266236828,-0.661498944395728,-0.763650475075139,-0.818472121518043,-0.5065113482945,0.834519263717114,1.58304405230327,-0.260373628106113,0.178456323643329,1.02126327146774,0.162594871714091,0.10760108107785,-0.822542004675418,-0.208113734346278,-0.767876824457953,0.932706588095233,-0.7965589504339,1.76956153473119,NK cells
93,160499,0.00708965881345494,0.835969519596123,-0.64541419492183,-0.49458715970421,-0.612175270395249,-0.473250710938581,-0.547727631239403,0,-0.563240067037666,0.607658467079022,-0.124227400357768,0.863521080751475,-0.390709511563026,0.637203820783594,-0.0390999102959713,-0.459902430619074,-1.56440100968782,-0.235019389165706,-0.563288258985269,-0.35302927106272,-0.169310489676384,-0.301775407755033,-0.571131887153224,-0.970849069419834,-0.691356974444512,-0.992907667227464,-0.661972091575576,-0.432197557742369,-0.544387168539355,-0.300428827517277,-0.429272266686218,-0.516949841036852,-0.619326841043033,-0.661498944395728,-1.01703011323534,0.044103745827103,-1.1430196394703,-1.02073752830073,0.586581270330714,-0.409234922441637,-0.300027163209721,-0.668821273472609,-0.575777562189964,-1.33482944723468,-1.03098119949175,2.59523106150212,0.0785978972429499,-0.399939788169126,-0.814667901119648,-0.636329699942358,Memory CD8 T
95,125008,0.00552192891514823,1.16118953056343,-0.64541419492183,3.05849665568786,-0.612175270395249,-0.473250710938581,-0.547727631239403,0,-0.368697750429848,0.406917589298141,0.868874622183069,1.4368821117361401,0.759238682329071,1.15396758460125,0.580542904552411,-0.459902430619074,-1.07116454310843,-0.235019389165706,-0.563288258985269,-0.35302927106272,7.95985572728756,-0.301775407755033,-0.571131887153224,-0.364393156339415,-0.557870646772376,-0.608727765274714,-0.457872834525448,0.0430526609778779,-0.544387168539355,3.72753053994402,0.274150001781615,0.21182228611431,-0.00414950534243064,-0.135352755405483,-0.479869803573916,1.12641164203655,0.235261710403824,-0.877367145377579,-0.162791876204569,-0.267609158637902,0.307843934045041,-0.115037601900983,-0.258864409804882,0.313465055018636,-0.821004724835863,-0.309979012371695,-0.452877868688023,0.324609236220981,-0.812843216929927,-0.455378874752158,gdT
96,82172,0.00362975123844522,1.26166743802669,-0.64541419492183,-0.49458715970421,-0.612175270395249,-0.473250710938581,-0.152050098772507,0,0.798003025167804,2.11743282511765,0.758566483397173,1.35999583038317,1.01930649197336,1.18753234167272,1.76176656452124,-0.459902430619074,0.0161831762234619,0.909136568580776,-0.233689044235199,-0.35302927106272,-0.169310489676384,-0.301775407755033,2.79711423414019,-0.0607532792371818,-0.491597361458823,-0.245007739235963,-0.342415410500961,0.0517154391410665,-0.544387168539355,0.608723642783323,1.28206680745026,1.32134371146422,0.861546366793801,-0.178585400004866,0.199383208569752,1.38280920412759,1.05996548144022,-0.783727590063684,1.54128913239947,0.68868944655744,1.32037226680948,1.18064918431613,1.3843583662086,1.57714215574882,-0.605501586591851,-0.316951232825902,1.29828306413543,0.0202693346113434,2.22669900505433,-0.106418532787618,Memory CD4 T cells
97,56894,0.0025131561475941,-0.949882400439839,2.43455661305074,3.99138678950291,0.112479665104212,1.21342066740686,0.853682436833614,0,4.43746174083004,0.00919781581526468,2.74128631956656,0.205591476675697,2.66146480915659,0.848720799247734,1.7246212416106,0.394978480615198,2.91837713257372,0.358813166663723,0.579834563041072,0.221854185421229,1.04265527743718,4.04081723340532,3.41161953935915,6.1126913556472,1.54242755038546,3.2635713735928,4.21998566420302,0.896012916510613,1.94972627478631,2.67517360023573,3.03305067339574,3.22699046007347,5.49224762774405,0.749961348782612,3.36233366565413,-0.184280798790949,3.60315023215429,1.37764565208897,0.465242935660789,2.62566537848297,1.98107637043051,3.24137093102324,3.98553818626693,4.02501879477959,0.283383192711441,0.0208145714542147,0.43572526895163,-0.343066058030308,-0.290900954895717,1.51134345957717,Eosinophils
98,331525,0.0146443226321077,0.833606185134538,-0.64541419492183,1.33675086979556,-0.612175270395249,-0.473250710938581,-0.547727631239403,0,-0.374554797865283,-0.788390997838236,0.723169527340743,1.34819108876088,0.504059249138734,0.181585883918768,0.851627962147338,-0.459902430619074,-0.43013476707924,-0.235019389165706,-0.563288258985269,-0.35302927106272,-0.169310489676384,-0.301775407755033,-0.571131887153224,-0.335475547948972,-0.551433691237794,-0.472858657123692,-0.458108086146584,-0.00498643898416912,-0.544387168539355,-0.394903564526914,-0.494443321083712,-0.579185709397763,-0.619326841043033,2.94524342635311,-0.230564213316655,1.48380092773214,0.871917131601553,-0.532601983088413,0.96566928042381,-0.412731527162392,-0.434579824808258,-0.515881972346241,-0.54102939122212,0.25974335235354,-0.822278456020712,-0.330883085160658,1.50247794213077,1.2562731892535,1.54440867830245,-0.341356372132268,Naive CD4 T cells
99,361415,0.0159646417738728,0.573355105393232,-0.64541419492183,0.645840800832508,-0.612175270395249,-0.473250710938581,-0.547727631239403,0,-0.530856031956892,-1.09353220114568,0.0288929677791418,1.15792879888206,0.00633539214396763,-0.241602545032603,-0.118279109757782,-0.459902430619074,-0.589140085706263,-0.235019389165706,-0.563288258985269,-0.35302927106272,-0.169310489676384,-0.301775407755033,-0.571131887153224,-0.4458344137755,-0.554370962066377,-0.0945263056911035,-0.449324661760726,-0.191944658736686,-0.544387168539355,-0.789457606938333,-0.648703322620734,-0.730922459510766,-0.619326841043033,1.02823599572959,-0.594710505088371,1.35076148640309,0.569523029790416,0.773941571844033,0.638691267974027,-1.06718421077645,-0.896089975000973,-0.929270368314983,-0.614517043066467,0.139085914371473,-0.844928856761313,-0.474683530067793,0.977538701807468,1.20522833951177,1.20701603440225,-0.393069512200798,Naive CD4 T cells
100,366493,0.0161889502583788,0.993563094481081,-0.64541419492183,1.75619635666257,-0.612175270395249,-0.473250710938581,-0.547727631239403,0,-0.340507651868545,-0.583583286666865,0.975150596277051,1.4171231694176,0.721348128013252,0.388450068878107,1.47969942430784,-0.459902430619074,-0.23213198621337,-0.235019389165706,-0.563288258985269,-0.35302927106272,-0.169310489676384,-0.301775407755033,-0.571131887153224,-0.20002859410498,-0.51798137274971,-0.437339613548215,-0.446705642082878,0.0414064015221666,-0.544387168539355,-0.376754314045507,-0.220321093596017,-0.295092022573379,-0.619326841043033,2.60276712930983,-0.0333065317196402,1.56948644585946,1.34702760596898,0.851497366814526,0.81464333050563,-0.403084178693443,-0.445274592544551,-0.494197149259604,-0.395402540619783,0.550116528407804,-0.817186355108169,-0.270792242589378,1.38644106938119,1.43041301442504,1.86173717603155,-0.181920088320982,Naive CD4 T cells
