cytof_id,B.cells,Basophils,cDC,Eosinophils,gdT,Memory.B.cells,Memory.CD4.T.cells,Memory.CD8.T,Monocytes,Naive.CD4.T.cells,Naive.CD8.T.cells,Neutrophils,NK.cells,NKT,pDC,Treg
453610959,17.8531965272297,1.14811891607472,0.331491712707182,0.572480926072086,0.510392002104709,0.478821362799263,4.90923441199684,1.68061036569324,8.32202052091555,9.87424362009997,7.72954485661668,41.0891870560379,4.06945540647198,0.31360168376743,0.371481189160747,0.746119442252039
453610960,5.1685393258427,0.224719101123596,NA,0.449438202247191,2.47191011235955,0.224719101123596,7.64044943820225,0.674157303370786,0.449438202247191,10.561797752809,4.04494382022472,64.4943820224719,3.14606741573034,NA,0.224719101123596,0.224719101123596
453610961,15.4052236876131,0.443754848719938,0.401344711662788,0.873028187225239,2.20429273338505,0.47788983708301,5.27333850530127,7.04008275148694,0.472717869149211,12.3310059477631,6.48357900181019,39.6969226790794,7.72692009309542,0.266873545384019,0.30411171450737,0.598913886733902
453610962,11.4036866546347,0.609372782025024,0.25044106016669,0.0740169934905603,1.93863687060207,0.175410135258451,6.58041490073611,0.274775414190984,0.472492040638371,10.2741670553404,8.7106848092795,52.3573905461035,5.46610427270699,0.345750613428508,0.295054042544562,0.771601808853649
453610963,15.0392985082607,0.0812703844303053,0.229909640164679,0.00106934716355665,2.36218788429664,0.346468480992354,4.12981874565578,7.50040100518633,7.89178206704807,19.0643212318879,7.52820403143881,27.1026038603433,6.65668609314014,0.391381061861733,0.217077474202,1.45752018392771
453610964,9.23717371737174,0.0470501595614107,0.209680058914982,0.00818263644546273,0.237296456918419,0.161607069797889,1.79097455200065,0.243433434252516,9.85393993944849,6.92864741019557,4.09234105228705,64.35745847312,2.13055396448736,0.157515751575158,0.09000900090009,0.454136322723181
453610965,14.6445325589188,0.187088126884843,0.174522506422428,0.00977326035965598,2.09427007706914,0.280632190327265,11.0605383670278,0.516586619010388,2.94035518820507,5.84999441527979,5.6936222495253,47.3891433039205,8.04339327599687,0.469116497263487,0.188484306936222,0.457947056852452
453610966,9.39706793309932,0.504852364237043,0.258104480693785,0.21887259962833,0.444972124716085,0.237456122238282,3.80652488127194,0.051620896138757,10.2488127193888,16.3307867024572,4.53850918851951,49.0099112120586,3.53499896758208,0.205451166632253,0.387156721040677,0.824901920297336
453610967,15.084231453385,0.101496285445223,0.326462278957832,1.99853510515852,1.07565135502773,0.29297896829549,2.04248195040285,1.1520351574762,8.16469603432039,15.543580621534,5.42743538767396,44.6468557078581,2.68494297373653,0.196714450141258,0.169509260228105,1.0923930103589
453610968,5.71031643941343,0.420890146642655,1.07435039876511,0.083354772317983,0.486750707486493,0.326215590429637,5.49215333161821,0.109081553897607,1.95420632878827,14.4049395420633,5.34808335477232,57.9418574736301,5.21636223308464,0.22948289169025,0.371494726009776,0.830460509390275
453610969,5.69052020068656,0.436716702890455,0.594137839978875,0.0142186833499218,2.8417054295058,0.410310576669172,11.5536958420507,0.217342731205947,0.655075054335683,18.0343685888972,6.82598362820174,43.5365927972213,7.59887063029392,0.229530174077309,0.207186528813146,1.15374459182223
453610970,9.33029908972692,0.262245340268747,0.64802774165583,0.161465106198526,0.995882097962722,0.410706545296922,4.67923710446467,8.7310359774599,12.4674902470741,18.469874295622,7.87928045080191,27.8576072821847,6.51820546163849,0.151712180320763,0.195058517555267,1.24187256176853
453610971,5.41948125612334,0.68684576909194,0.383643582736039,0.155726292992317,0.457897179394627,0.100036095498376,3.23312535450936,0.0814726963337287,14.4691383488888,8.35662352395194,2.48955808796989,61.9584386118703,0.685814469138349,0.618779972154901,0.229979889650905,0.673438869695251
453610972,18.374725097892,0.542831089416939,0.278925065708309,0.0042911548570509,1.11140910797618,0.425897119562302,4.22464195676662,1.59523681810867,8.85372525881028,20.4988467521322,11.2396073593306,24.5722255001877,6.82615458885372,0.35831143056375,0.321836614278818,0.7713350855549
453610973,16.7130283152039,0.507556256746658,0.514821888233829,0.0259486838827535,3.05883085609898,0.857344515486175,5.32778377480694,14.2146890309723,0.430748152453708,11.693514904924,5.65473719172964,29.2223698414016,10.6399983392842,0.0934152619779125,0.231462260234161,0.813750726563149
453610974,8.28948450217874,0.252815917125709,0.671092658061334,0.0287757954452027,0.864301570336266,0.410055085094138,4.3379511633643,0.121269423661926,0.67931431390282,7.36043739209077,4.86413713721944,68.0218696045384,3.05742826605278,0.206569103017348,0.572432787963496,0.262065279947381
453610975,13.146497921438,0.306085899425818,0.473239192020058,0.0162811648630754,2.4964452790049,0.530765974536258,4.48817444725445,4.15603868404771,9.6091435021871,19.2009204285203,6.92926376572489,25.3269800610001,11.6670827408798,0.422224875449089,0.564413715253281,0.66644234839522
453610976,12.0617905309715,0.18846547704643,0.538161535612349,0.0326818746323289,2.46094515981437,0.48260234873739,4.68658082227597,3.3945573784779,12.138048238447,16.8780094559557,9.43743599799551,25.5289016711332,10.5823910059481,0.492406911127089,0.422685578578121,0.674336013247053
453610977,11.2946470204234,0.434813018744754,0.0850974540706892,0.0023314370978271,0.266949547701203,0.235475146880537,5.97197612608412,0.41383008486431,0.0547887717989369,1.54224564021263,5.22358481768162,70.9386365755852,3.01804532313718,0.0652802387391588,0.245966613820759,0.206332183157698
453610978,1.46753980966739,0.0683124469989635,0.374540657683972,3.30962027701875,0.925751436916989,0.140158296428908,2.03288419862433,2.48751531141053,2.24253274286253,4.57811174974088,1.0706209365872,78.2848864600019,2.69834165645906,0.056534438895694,0.143691698859889,0.118957881843023
453610979,13.146327654537,0.604251376807865,0.812187966441917,0.0102938905759432,1.00365433115446,0.811158577384323,7.246898965464,0.443666683823151,0.848216583457718,14.9137886664265,5.4166452210613,48.2680529105976,5.13047506305008,0.168819805445468,0.272788100262494,0.902774203510217
453610980,14.4257514812479,0.468415555946189,0.266779720605114,0.00206805984965205,1.66272011912025,0.233690763010682,3.79592385403634,2.60575541056158,0.760011994747128,5.60340816263223,4.13922178907858,62.222750726406,2.85392259251983,0.109607172031559,0.178887176994902,0.67108542121209
453610981,18.1844683442826,0.603858447250882,0.397713666982478,0.0239461108392591,3.23584836906162,0.485169028308468,6.37383002425845,5.76893044175369,0.40083707274412,10.4550802194713,4.18536372060094,40.8145842226364,7.84495413799207,0.086414226072109,0.337327822257389,0.80167414548824
453610982,14.4889481511872,0.146674188419919,0.490281552900149,0.243089389199446,0.742602184727422,0.732345248474281,9.64562285245397,0.243089389199446,0.371301092363711,8.83122211395456,3.45966459818452,55.9679983588902,3.37042925278219,0.218472742191907,0.513872506282373,0.534386378788656
453610983,5.34532220949446,0.158139629182844,0.433870264681136,2.61639989051872,0.68729915760236,0.34364957880118,7.93435177957769,0.211866554482143,0.292963800216935,13.4094295822478,8.77776313521952,48.3076018530721,10.0844425071214,0.125700730888927,0.229099719200787,1.04209960769207
453610984,15.1097744978291,0.280209798105248,0.305870036026974,0.025660237921726,6.70963901177292,0.377718702207807,5.45844581070956,8.41347880977552,0.630215443357591,10.5822821189198,4.72661582518193,39.2170548205323,7.39014852145709,0.050294066326583,0.121116322990547,0.601475976885258
453610985,8.97515721312496,0.159807400950543,0.768943403275014,0.143204034618019,6.02079571633149,0.689039702799743,8.69289998547205,3.97235539505635,1.17053732644294,8.30064545586618,3.65585372434261,48.8533300126601,7.82848722578503,0.14735487620115,0.300936014776996,0.320652512296868
453610986,12.4855577503634,0.274558036102518,0.151565974681028,0.0310586013690631,2.40642043407501,0.196290360652479,14.8348303579193,0.478302461083572,2.8313021008038,10.5400469606053,8.03548134620402,41.6719466288994,4.289814021095,1.09698980035531,0.211198489309629,0.464636676481185
453610987,14.8069281711666,0.688741721854305,0.247580234335201,NA,0.308711156393276,0.333163525216505,2.77330616403464,0.0305654610290372,0.563423331635252,7.1777890983189,3.7238920020377,67.2287315333673,1.35099337748344,0.117167600611309,0.190524707080998,0.458481915435558
453610988,7.49875054822884,0.425323582509715,0.690513346184837,0.0183592913313546,0.985281968116031,0.322307558928225,5.07226421060147,0.119335393653805,0.624215905266057,11.027814326367,7.78025968197628,60.1307589527044,3.84117173077119,0.487541180910417,0.499780708464653,0.4763216139857
453610989,15.6193068564203,0.187538847332662,0.62798722592537,0.00857320444949311,0.686928006515635,0.484386051396361,3.2245965235656,1.62355059262276,9.65021325846068,10.7357952718777,3.6253938315794,49.0087232355274,3.71541247829908,0.150031077866129,0.12752641618621,0.524037121975266
453610990,10.9878494314683,0.383810188415911,0.500800459751242,0.176511637453307,1.60912934608596,0.39715118426994,7.18361315216945,3.27059644513772,0.511062764254341,12.7775953368088,5.45954599564878,50.6383153400928,4.80788965970198,0.188826402857026,0.206272320512294,0.901030335372111
453610991,18.6950925509745,0.479099415682589,0.197156049523965,0.218608262166469,1.546602378131,0.286029501900053,5.70118089322927,3.25154251624239,0.498508560454378,11.2215502799003,4.56421362317656,47.9518244596086,4.43958648306297,0.228823601520042,0.209414456748253,0.510766967678666
453610992,17.3784490580136,0.678870683674014,0.304210919570902,0.002134813470673,0.884880183593958,0.667129209585312,4.90686876234189,0.988418636921599,6.20376794577574,29.6194694988525,13.9520734375834,15.9449218124566,6.62005657255697,0.424827880663927,0.371457543897102,1.05246304104179
453610993,20.7750071419826,0.154062767824348,0.220381177814961,1.87630086111905,0.500959066236787,0.400971309635555,3.45773986858752,0.0877443578337346,6.7246867730482,11.0353834224381,5.13916663265723,44.8945027139534,3.19858792800882,0.290780720728074,0.225482593968086,1.01824266416357
453610995,9.17397660818713,0.337069525666017,0.345191682910981,0.150259909031839,0.875162443144899,0.193916504223522,3.05190058479532,0.0588856400259909,10.5364684860299,22.6090399610136,5.17787524366472,42.8230588044185,2.6356400259909,0.262954840805718,0.375649772579597,1.39294996751137
453610996,19.8663796604663,0.491430428072456,0.364511412557875,0.00304605637234993,1.31589635285517,0.544228738526521,13.2950207131833,0.295467468117943,0.0842742263016814,7.21813825034522,5.35192104621883,49.1135975956462,1.3179270571034,0.0964584517910811,0.210177889692145,0.431524652749574
453610997,5.61301932556138,0.136139582192317,0.550817619904546,0.607151240122056,0.528910100931069,0.384946404819654,3.06392301071904,0.0625929113527893,0.604021594554417,5.67561223691417,3.78687113684375,76.0050074329082,2.0780846569126,0.215945544167123,0.453798607307722,0.23315859478914
453610998,11.3084238988589,0.399845490515414,0.773591405931911,0.0125277960474803,1.57119442095483,0.694248697631203,8.50219758422333,4.71775919488031,0.794471066011045,13.6135383715953,5.52267009093092,43.5727186361406,7.06567697077892,0.2338521928863,0.298579139131615,0.918705043481892
453610999,17.7418210924123,0.470116211917041,0.3900748741122,0.0141845408768073,1.90376802196577,0.726451129190772,11.373975420217,0.261400824729734,0.281664454553744,21.4277753573998,6.04160123202869,30.2414411493531,7.73868022978956,0.0435668041216223,0.31307308078096,1.03040557655093
453611000,13.5082404887816,0.376854751758484,0.398418647635673,0.0770139138471017,3.59500949838271,0.432304769728398,9.57950403039483,4.93299789495302,0.647943728500282,17.4421112080916,6.11387790727525,36.9235508548544,4.53457924731735,0.144786158032551,0.260820454895518,1.03198644555116
453611001,17.3639722629954,0.357341701675356,0.26825935111606,0.00101229943817381,0.491977526952473,0.362403198866225,14.6864402490257,0.252062560105279,0.0597256668522549,3.17963253530394,4.12107101280559,53.6741408108518,4.61304853975806,0.0799716556157311,0.209545983701979,0.279394644935972
453611002,19.1520720464317,0.689157459265509,0.361858488935872,0.0477734521909718,1.65987334952887,0.691190372124699,9.8626767363617,0.114859576544251,0.357792663217491,18.7790325367703,8.26379077260853,30.1125217267562,7.98426525446987,0.313068580315305,0.285624256716236,1.32444272776247
453611003,12.6679344825471,0.184037789092694,0.654356583440689,0.566427417540846,1.2862196593256,0.400793407357422,6.25421753266671,0.267877226346032,2.28922560988078,11.9931292558739,3.19714536940474,53.3607345152649,5.78594360264196,0.0633907940208167,0.31797640226571,0.710590352330123
453611004,14.456862421643,0.235070933685252,0.225791817881887,0.00309303860112174,1.30010722533817,0.205171560541076,9.48325635103926,1.98263774331904,5.49220554272517,10.3565242494226,5.23342131309799,40.2765176509403,9.27911580336523,0.423746288353679,0.243319036621577,0.803159023424612
453611005,17.8805032090324,0.34086372616257,0.315273356330546,0.00102361479328099,1.27030595846171,0.234407787661347,11.3344866060004,2.61533579683294,6.05877596143019,9.1603287850716,4.22138740749081,37.0702097386711,8.30151597350885,0.330627578229761,0.334722037402885,0.530232462919554
453611006,12.0875099119614,0.29380070349511,0.406644572311571,0.0315149543541468,1.13453835674928,0.393428623711445,6.98818697517435,0.226704349063701,0.571335624097757,18.3650854970213,5.24571498281927,45.0033548177216,7.36229998170099,0.139275766016713,0.528637944005042,1.22196693979627
453611343,15.4364120168187,0.279295565802035,0.23562389551299,0.00507810119640064,0.408279336190612,0.262030021734273,4.84653978184477,0.0863277203388109,7.65168288273649,20.9065426255814,7.23121610367451,31.4456338485913,9.18628506428876,0.678434319839126,0.187889744266824,1.15272897158295
453611345,13.3862722307368,0.293152573056707,1.26107036690359,0.0185148993509499,0.618191917217828,0.93911683930096,12.5397298881906,0.43612874026682,0.380584042213971,4.81387383124698,7.48413375986176,50.280295004063,6.64273444491303,0.161491066561063,0.500930887995145,0.243779508120841
453611346,8.35161882584748,0.127625274282388,0.504903497380323,0.0369441583449017,1.95020375263087,0.411983341543146,19.898347588554,10.2850297792307,0.1992745510725,6.61076530383771,7.11342976131835,35.3813084949174,8.21839595181586,0.090681115937486,0.369441583449017,0.450047019837894
453611347,13.1656940328149,0.387016611160337,0.304520965097212,0.305539429863424,1.51140171305774,0.263782374448756,6.14337946978724,0.137492743438541,9.91882835813295,22.950085041808,10.0990966217524,25.0532147840345,6.94185584649699,1.12132970759877,0.222025319034088,1.47473698147413
453611356,17.1414028300926,0.354270589432963,0.181207370457091,0.293189453323832,1.19413621093352,0.37564898707116,5.29268044385626,0.147612745597068,6.20889748549323,18.3487732871831,8.25104346940853,35.5268247989413,4.40496793240354,0.891784587193322,0.260612847398962,1.12694696121348
453611357,7.69723529950075,0.232848993868649,0.190143064862172,0.0437227368399646,0.36503401222203,0.129134594852919,4.19433231313614,0.129134594852919,8.98756444019645,16.540413027342,5.80088869004647,41.1817340640792,12.8351652821133,0.636521703763206,0.244033880037012,0.792093302286801
453611359,5.38461538461539,NA,2.30769230769231,0.512820512820513,NA,3.84615384615385,10.2564102564103,0.512820512820513,1.28205128205128,9.23076923076923,7.43589743589744,55.8974358974359,2.30769230769231,NA,NA,1.02564102564103
453611373,8.43612277361984,0.337705687537487,0.279030954181553,0.0143427125981172,1.67679349101625,0.121261115602264,8.01888022531098,0.117349466711868,6.12824992828644,6.28210811797533,4.53099329804157,59.4583670169766,3.44746655540199,0.401595952747281,0.307716379377787,0.442016324614703
453611376,13.2270361109973,0.169078165348199,0.27667336147887,0.0174201746116326,1.74714104193139,0.426281919908185,15.5767102512604,3.86215518301431,0.138336680739435,5.35106775423208,6.42804443169242,47.9218756404476,3.6889781530516,0.136287248432184,0.313563143009386,0.719350739845063
453611379,11.6236008821204,0.392169100819706,0.458744226688304,0.256938376399118,0.645986768193734,0.656389131610702,10.5625598135896,0.619980859651313,0.251737194690634,3.68763783131527,6.2102109599301,58.3947072774935,5.44251653975783,0.104023634169683,0.460824699371697,0.231972704198394
453611384,15.7736915398611,0.261234613077994,0.201262464550361,0.0579391943402555,0.540765813842385,0.285630063326523,5.04070990760223,0.142306793116417,8.40219965643074,17.1957429939316,7.20377316297177,37.1867979955072,6.05413757000986,0.650545339960764,0.174834060114455,0.828428831356285
453611387,11.0336699652531,0.150366773007132,0.291589620628696,0.0650234694084896,2.37335663340987,0.209294292158576,5.20898949464572,0.213358258996607,9.14697336069738,20.3970495600756,10.2442444069656,25.7056062422531,12.5759453802857,1.07390323694959,0.126998963688456,1.18363034157641
453611439,6.7746581008896,0.171587903052835,0.6577536283692,0.122562787894882,1.01012164356699,0.216527591947625,4.26722773187347,0.114391935368557,21.4311248199859,19.2239732813122,9.24940505980043,31.0798802970105,4.21922397328131,0.392200921263622,0.1644384070923,0.904921917290545
453611440,11.8114014499557,0.389088822823763,0.909612475877536,0.0396390757836541,0.734366035570855,0.636311479684974,4.7452146247327,1.07442758045168,12.1264277890784,22.4200698899494,10.2341834871955,29.7386950398999,3.18677306629114,0.313983205549471,0.262869660460022,1.37693631669535
453611441,11.8175428441486,0.149876997498605,0.309056705186778,3.13294606495359,0.358671159531143,0.285283112480103,3.31900026874496,0.166415148946726,8.37864097740475,18.6736402538606,5.19297955471027,42.4751410911045,4.28958303185661,0.181919665929341,0.269778595497488,0.999524528145867
453611442,6.54871154834447,0.679622851269573,0.661793239430711,0.265346576190127,1.37183131089599,0.24332176156565,7.04164787565419,0.908261403085572,19.4678385266448,15.3806622127597,9.37627822584874,32.7068497173482,3.67080243741282,0.544327561433501,0.227589751119595,0.905115000996361
453611443,19.5569323577965,0.452442578515092,0.322008682006236,0.00101901481647543,1.08321274991338,0.568610267593291,3.48604968716245,0.138586015040659,4.37870666639493,25.7505044123342,11.0175881957324,27.3177492000734,4.01186133246377,0.39028267471009,0.162023355819594,1.36242280962765
453611444,9.59110782683663,0.360243857380381,0.293532031939569,0.167292731490034,0.515220559558265,0.214504177186608,4.16589691483466,0.135476322433647,9.12104604142291,24.3754746802964,8.67151097152945,37.909764558573,2.21893794773898,0.166266395714022,0.205267155202496,1.88845782786296
453611445,9.5507115066887,0.348558332889197,0.329371635665938,0.108724617598465,0.513777114533923,0.318712359430795,2.41539199488355,0.687523317166764,7.74076640196131,9.17870276608218,3.41310025049299,62.3674252518254,2.17236049672227,0.0650215850343762,0.153493577786068,0.636358791238075
453611446,6.47448600445876,0.432458095945834,0.583147551812402,0.416976302534886,1.21583684253984,0.159978531913137,5.03880769548345,0.113533151680291,22.2721080009908,19.3460490463215,10.585418214846,27.3903889026505,3.90037981999835,0.304475270415325,0.357113368012551,1.40884320039633
453611447,11.4888164268822,0.341705820458594,0.549021242017315,0.106262175874319,0.8407213326527,0.405254768775589,4.54218712560814,2.64926189459209,11.4252674785653,19.6251653835335,12.7868818302097,28.9418579212201,4.18277094250383,0.239610788736209,0.395878694433737,1.4793361739366
453611448,10.6322044090219,0.180396873120866,0.312891751684214,0.0346525067011833,4.04924732717062,0.191607978230072,22.3661546928667,0.260912991632439,2.7426439862613,1.8141606449443,8.07607244412283,35.8704403925925,11.8032552972472,0.218106953942742,0.368947277230246,1.07830447323094
453611449,3.77399414380219,0.0939883599031197,0.213281278241695,1.33029678632108,0.310884575064165,0.122907855257926,6.83946065141163,0.231355962838448,1.62310667678849,2.80157611249684,5.57784766655822,73.8748508838521,2.81965079709359,0.0867584860644182,0.0506091168709106,0.249430647435202
453611450,15.0054009567409,0.618280952625894,0.591533357337586,0.089501568849339,0.801399104984312,0.557584486394733,4.07489326680726,0.122421686127257,8.23517308780412,23.2004526516126,8.04485365979116,33.3377912658814,3.49261869245409,0.353891260737616,0.36726505838177,1.1069389434699901
453611451,11.727366255144,0.1440329218107,0.473251028806584,0.0185185185185185,0.502057613168724,0.402263374485597,3.68930041152263,0.0720164609053498,6.79012345679012,21.2716049382716,6.64711934156379,44.0185185185185,2.23971193415638,0.452674897119342,0.187242798353909,1.3641975308642
453611452,18.1460777689047,0.385977844666953,0.390073100313287,0.00102381391158343,0.554907140078219,0.411573192456539,17.4642177037902,2.76429756127526,3.77992096156603,2.66498761185167,10.4132112947151,39.6441222843336,2.6383684501505,0.165857853676516,0.103405205069926,0.471978213239962
453611453,19.1229748761006,0.258011804040035,0.325739902600544,0.182758361195025,1.58032229974521,0.448295509519561,4.57003407905912,1.61257377525022,5.77731431212978,22.1169868521485,10.6752383921564,28.2576677883013,2.86070587729389,0.597727346026081,0.153732033240521,1.4599167911932
453611454,6.12556803130031,0.11207792472439,0.386159395186763,0.0163022435962749,0.57872964766776,0.165060216412284,3.36335663195647,0.0733600961832372,13.7601124854808,26.3709167974242,11.0345811342286,33.5123183828174,2.19570843437328,0.649033073176696,0.205815825402971,1.45089968006847
453611455,10.6469663242592,0.131721363367166,0.491147099066718,0.0020421916801111,1.95335634202626,0.235873139052832,17.0900810750097,1.36928952151449,5.18104029244185,2.02483305083015,6.1837564073764,49.0401699103478,4.46116772520269,0.0888353380848326,0.165417526088999,0.934302693650826
453611456,16.1957596396792,0.177963308799297,0.697572228935516,0.0219707788641107,2.39701197407448,0.559156322091618,3.47797429418873,13.7020762386027,12.6914204108536,15.7200922772712,8.12149840711853,16.8460946940569,7.77216302317917,0.614083269251895,0.215313632868285,0.789849500164781
453611457,11.3537354515703,0.482238453369167,0.982899499338954,0.269836797503197,0.599276100478987,0.691389063482087,4.86031340081059,5.89631331411604,11.724354667418,22.1146968941676,7.61828388131516,25.5781443030842,6.07078610286309,0.108368191768352,0.283924662433083,1.36543921628124
453611458,11.8482593134863,0.32536196518627,0.360948430128518,0.0345697088010412,0.733081177810314,0.228770131771596,21.1322596388482,0.735114690092728,3.62371888726208,1.86676427525622,10.4237839596551,44.402757442655,3.72031072067675,0.15047990889865,0.0589718561900114,0.354847893281275
453611459,12.9163314971133,0.555957193332587,0.358419289474488,0.0193464957386798,1.24123043712898,0.319726297997129,3.36934496838375,0.10284189840035,9.4726552556283,20.4909936971153,8.06239753994033,38.3019886161146,2.45700495881233,0.282051543137594,0.38794815139142,1.66176216029081
453611460,11.8731090125607,0.161975489746646,0.54908672310341,0.00407485508796593,0.575573281175188,0.45230891476421903,5.38899585383495,0.193555616678382,10.6934384645946,31.6493994682314,8.12933590049204,23.8521642574086,3.89250532277946,0.20578018194228,0.39118608844473,1.98751056915538
453611461,11.9731115787753,0.290133420509572,0.47912878246123,0.023496720675071,1.28414686472018,0.412725006640378,21.3564759005374,0.526122223811372,3.81464152177022,4.53384549373761,16.1810677727152,28.8171955131479,8.72749933596224,0.492409537625401,0.153239482663507,0.93476084424739
453611462,5.12435524232675,1.0285480823247,0.659823298095092,0.195087074204586,1.3482457484296,0.319697666104898,6.35514018691589,0.182830294673408,9.87896430212962,22.8313160717022,20.9478576170778,27.1058679332005,2.08875951177162,0.455543639242122,0.340125631990195,1.13783769981104
453611463,16.0374567747595,0.133628472045128,0.354982505890873,0.00306019401630063,0.657941713504636,0.441688003019391,3.25094610998337,0.0428427162282089,7.15473361011088,24.2081747982822,5.66339905950037,34.8168473881244,4.91059133149042,0.320300307039466,0.24073526261565,1.76267175338916
453611464,11.5800722609536,0.323647651519007,0.423388122741845,0.0742964734619103,2.90672230420844,0.4111750038166,5.95084219632589,0.0732787135514732,5.96407307516157,29.7084117856598,8.63263956032772,27.3685817515648,3.75044526996082,0.764337692738283,0.349091649279935,1.71899648872831
453611465,14.891940567312,0.356104948630838,0.443084605624002,0.00716303057590766,1.12664238058205,0.420572223814007,3.48532602022021,0.268102001555401,12.4984650648766,21.4860218574762,10.5347713969956,29.8974663337563,3.02689206336212,0.354058368466293,0.154516802423151,1.04887233432934
453611466,20.4492617668652,0.362998613263725,0.41398156456481,NA,0.941145281018028,0.457826902683743,23.2645403377111,0.578146667754303,2.77653152785708,2.40741496043723,11.0204747532425,33.4743861652663,3.26392854229546,0.115221469940452,0.0662778366914104,0.407863610408679
453611467,14.6332554061952,0.520789847207147,0.526008182349503,0.00730566919929866,1.99966602655089,0.588628204057777,4.70798196543375,1.24300743090924,7.05310177840862,21.1666110044251,8.14477749018953,34.1894881856892,3.44723219504049,0.27030976037405,0.148200718042916,1.35363613592719
453611468,15.5272009733256,0.486662781543621,0.516312404788925,0.00408960320624891,0.751464589148238,0.49995399196393,21.5879929249865,4.40756985553477,5.26945373125173,3.22056252492102,11.336380087722,30.7354128965637,4.25012013209418,0.286272224437424,0.084859266529665,1.03569201198254
453611469,20.667072799269,0.373641994111077,0.329982739364402,0.0609198903441974,1.19301451924053,0.923951670220327,4.67458625241141,0.0517819067925678,3.01248857752056,36.1965681795106,11.1087420042644,15.0929028327749,3.12315971164585,0.483297796730633,0.226418925779267,2.48147020002031
453611470,6.09565086789538,0.0901152187439655,0.582530521166348,1.70897075546592,0.804600167356835,0.269272856008754,4.64951616709936,0.0901152187439655,10.3600317548866,19.7674169116227,13.7157508528762,33.1988757053661,6.64599738236746,0.238161649537623,0.321840066942734,1.46115390392001
453611471,7.0645071448465,0.0267797844762945,0.638430061914862,1.55322749962508,0.410266298176832,0.313859074062172,4.65218415922189,0.178888960301647,15.5654819290014,23.4665895408874,5.19099342288493,35.7006662810378,3.77380722839943,0.191743256850269,0.153180367204405,1.11939499110911
453611472,4.49206074503526,0.0778782503353091,0.379656470384632,2.00752823086575,0.485657422229914,0.17847099035175,3.26764158698568,0.121143944966036,10.1728464500498,15.3398520313244,6.79487734175572,49.8929174057889,5.78029680266517,0.279063730368191,0.156838143036386,0.573270453857137
453611473,11.5519117189929,0.265516526784789,0.270697337063517,0.0906641798777329,0.871671329395918,0.4364832659828,3.66671847476945,0.711066210755362,8.49782405968293,17.1717956688426,11.8070666252202,38.9027043829655,4.10190653818257,0.218889234276241,0.435188063413118,0.999896383794425
453611474,10.0229660497355,0.18497542320922,0.433341300439576,3.60286400149643,1.91002712280082,0.374107597501793,4.16298620997828,2.13553086907273,10.4563073501751,14.737760966029,5.90154735059078,37.945941452161,6.17173617100874,0.298246890230596,0.307599580168141,1.35406166540232
453611475,9.09345126510828,0.172962000144998,0.741561629364183,0.115998467163112,1.43755243234286,0.36767371288308,4.39965614740091,0.119105568962124,13.1388978074218,17.9455842904933,9.12762938489741,36.3282342340476,4.7176162314998,0.452601162056073,0.294138970306464,1.54733669590795
453611476,9.45471143333298,0.156039360132474,0.411858991370068,0.47130255713482,2.2323181929156,0.337554534164128,4.04110097975734,2.42763276614264,9.26576581358073,24.4259980680841,11.1530990266116,30.573099663507,2.82144638933413,0.758966955746388,0.226097848355218,1.2430074198308
453611477,17.0540736430547,0.299104727488031,0.384854888269582,0.0316458926693821,2.27340009595851,0.201104543737686,16.6988229769597,1.5914821506957,10.0399146581733,1.68744066395124,6.07396972202656,34.219418328076,8.4821200706418,0.179667003542298,0.174562827305301,0.608417807450056
453611478,9.02995037144983,0.215023081861631,0.359730558754293,0.0692965382302887,1.20759408533665,0.22827094946448,3.95601707955854,0.068277471491608,11.921042709087,30.149089463869,13.7298861702453,22.3359047784039,3.96824588042271,0.604306576037665,0.220118415555035,1.93724587023204
453611479,14.8066672307302,0.327861917251883,0.73821812336069,0.0909552415601997,1.31250528809544,1.10098147051358,6.78145359167442,1.69642101700652,4.45680683644978,23.6536509010915,14.3592943565445,22.9736018275658,5.47423639901853,0.254886200186141,0.24113715204332,1.73132244690752
453611480,1.0829420970266,0.0417318727177882,0.121022430881586,31.3155972874283,0.0751173708920188,0.0625978090766823,0.584246218049035,0.0292123109024517,2.54773082942097,3.64110589462702,1.6546687532603,57.7235263432447,0.913928012519562,0.0166927490871153,0.10641627543036,0.0834637454355764
453611481,12.2822568730945,0.0564083967927797,0.717192473508199,0.856870408423654,1.10802207985817,0.496931114603059,3.6611735632647,0.0738681386572115,14.9401668076877,20.6468162832239,2.32348872503593,33.7067031978189,7.27534012920209,0.237721100769572,0.349194837288636,1.26784587077105
453611482,13.9848872663492,0.180496211619061,0.241681368100099,0.00305925782405189,0.675076226507449,0.213128295075615,3.70782048275088,0.0785209508173317,5.58008627107064,20.0758695940365,7.71034946921877,42.4227282461275,3.03886277189154,0.469086199687956,0.194772748131303,1.42357464079214
453611483,8.02344486211646,0.220572245176924,0.208145639814844,2.80634171093645,2.31134859734692,0.255780960369484,4.63926600184328,0.0279598620646805,4.38141394058012,27.41930473143,8.39002972029783,36.3892427019582,2.33723735851792,0.613045864529291,0.433895637225968,1.54297016579163
453611484,9.78318847855417,0.534446152719818,0.261470720508717,0.00522941441017435,2.1984458180373,0.219635405227323,4.13960444709401,1.27597711608254,8.0564358403146,14.996914645498,6.63926453515735,47.7707006369427,2.83852614184264,0.20185539623273,0.1589741980693,0.919331053308651
453611485,12.5781206638175,0.37631126158628,0.34855969362269,0.0488427596159183,3.86856857412444,0.577232613642671,6.66148637398013,14.4463562191264,2.70855303324638,24.6134206582672,10.8652938891047,12.9788533052117,8.15230060498418,0.266415052450463,0.117666648165621,1.39201864905367
453611486,6.37758220266471,0.135476510614024,0.229189585625229,0.0040744815222263,0.778225970745223,0.168072362791835,3.25754797701992,0.0438006763639327,5.05846880984395,25.8586969808092,8.40259951921118,40.8069510654769,6.50287250947317,0.456341930489345,0.186407529641853,1.73369188770729
453611583,20.4061836301258,0.260374121875511,0.386987420356151,0.010210749877471,0.561591243260905,0.634087567390949,3.64217448129391,0.221573272341121,7.35173991177912,21.7386864891358,4.28136742362359,34.2254125142951,3.97912922725045,0.253226596961281,0.150098023198824,1.89715732723411
453611584,9.19853539462978,0.587876322213181,0.22274206672091099,0.0366151342554923,1.07912937347437,0.15459723352319,3.28213995117982,0.173921887713588,9.20158665581774,15.9723352318959,7.70443449959317,48.629983726607,1.95484133441823,0.349877949552482,0.236981285598047,1.21440195280716
453611585,8.6910586618252,0.25951113436112,0.670831153644952,0.0861617995507278,0.344647198202911,0.243099363018125,2.33457447354115,0.0830845924239161,22.5128473397544,8.13921285041696,5.47332574288909,45.579591962335,4.37271132719943,0.231816270219815,0.309772184099045,0.66775394651814
453611586,11.3570343109384,0.338043894017553,0.307030692731539,0.985186027519047,1.42867480590905,0.28532145183133,3.21813652011206,0.217092409002099,10.3170582944807,10.1371817270218,5.57307227109673,50.8389070947867,3.33081781811791,0.421779537489791,0.398002749837181,0.846660395108184
453611587,10.1164543370981,0.682414156222254,0.407796659164585,0.0908509012822366,1.1387334558444,0.322107740909748,5.94763684417006,0.496582767235861,11.3759781957837,25.2782308851768,8.90235592905371,28.6252606801429,3.52150482129215,0.769135471082571,0.335528896780987,1.98942825875989
453611588,8.88773027459159,0.122813115513845,0.481983547676978,2.14227783570849,1.15397984011123,0.406673618352451,4.13161858417333,7.88321167883212,11.947630633762,12.0380025489515,3.71104159425327,39.2260456494033,6.39902676399027,0.426370061406558,0.322094774649519,0.719499478623566
453611589,16.2754386149999,0.348149007775328,0.371358941627016,1.20902655427432,0.353423992741621,0.400898857438256,5.21063014970407,0.587633325245023,9.71863230189794,11.0869634021543,6.92500026374925,43.1135071265047,3.15022102187009,0.149809573042717,0.331269055883191,0.768037811092238
453611590,7.86503987174415,0.175935372379188,0.269628765953903,0.352911782464761,0.641279227133607,0.189468862562202,1.68648108434487,1.05353015886235,10.5561223427513,6.38260217785088,3.03046076328885,63.8020779112619,3.36983905557059,0.128047637885444,0.211330654396302,0.285244331549689
453611591,12.9809600635091,0.54546152959705,0.340593349466702,1.77723146263076,0.784901215124393,0.276572043175969,5.01286828256444,1.59413052663927,10.1755464218492,12.5917105212615,3.53909781175175,44.9211897719561,3.87072817833775,0.303460991818077,0.405895081883251,0.879652748434679
453611592,10.4828230325672,0.63246162592382,0.337042150572566,0.0152278080077966,0.734995533176318,0.335011776171526,4.33687972062048,0.0923820352472996,9.46662064484691,24.048769593113,8.91232843336311,35.5285064565906,2.93896694550475,0.301510598554373,0.384755948996995,1.45171769674328
453611593,16.7723104402187,0.332178875601734,0.717724193513255,0.0381188873641334,2.57465856368032,0.741684636999281,6.27219063800126,3.27713520224792,9.2509094077414,21.1832102637827,5.57189222156876,26.1288636215121,5.23426779062929,0.449802870896774,0.198218214293494,1.25683417194886
453611594,10.3868723061744,0.650153191047411,0.559796437659033,0.362465596925793,1.5796853092382,0.552526354053072,4.72763151061952,0.410240432050683,5.79010230046217,23.0523965311315,9.37321493482889,36.0606532689412,3.88430181232798,0.507867269045023,0.423742015890326,1.67835072960482
453611595,9.9082153906242,0.245649738419002,0.669112885819124,0.249761031112207,1.06276916119351,0.361793757002045,4.69406843246688,0.128477896662658,14.6238681097304,21.0148726013177,3.65082791156609,37.2791464956369,3.27567245331113,0.475882129238486,0.241538445725797,2.11834356017391
453611596,12.2053424319871,0.290603391237789,0.522826636914415,0.201087168044006,0.373632931591443,0.433310413720632,3.85308960703675,0.0856242134897056,9.6586707489524,20.2410451343392,13.8386891711317,30.7274166136921,5.44232690286841,0.553962714547035,0.308766103190151,1.26360581725717
453611597,12.3535467929579,0.389169154741069,0.501389889838361,0.00617728817049315,0.900854524863585,0.343869041490786,4.94286008442294,0.254298363018635,12.2979511994235,23.6168022238237,12.663440749511,26.1814063626068,2.90229589210337,0.496242149696283,0.310923504581489,1.83877277875013
453611598,14.3654868973121,0.573721122533356,0.232755188501077,0.325653092683524,0.31340281960452,0.291964841716263,4.84906642710577,0.265422583378421,5.18186551241871,13.3568810804741,8.00555345712915,47.711751074451,3.1697581591923,0.108210745531202,0.264401727288504,0.984105270679992
453611599,18.5935819108125,0.436397588649603,0.454665394686098,0.0791604928248117,0.668804676558345,0.383623926766395,3.9478758601092,0.0872795177299206,12.7377351980027,17.0560415694075,7.57302048024032,30.9020236669576,4.88460835853614,0.386668561105811,0.326790752430633,1.48172204518237
453611600,7.80088169072711,0.45030556449019,0.236505023366696,1.0992753486084,0.701946909352355,0.191096058880291,4.91930448602728,0.230828902805896,9.2937013982177,20.1710404328988,9.66264923466975,41.0932208200102,1.96961383459785,0.418140881312319,0.221368701871228,1.54012071216393
453611601,14.9112389688569,0.212944572984705,0.823112676344725,0.0194516677245644,0.822088904359221,0.640881262925121,9.70126333463011,0.414627654128872,8.74301275619894,17.1287290894572,12.5135649788079,22.2434939290321,10.1957452036282,0.167898605622556,0.154589569811012,1.30735682548783
453611602,3.29778214110402,0.0914811013432103,0.142799767950377,8.38279262796198,0.68276139051274,0.0736311303494132,1.43469141862644,0.0713998839751885,6.74282654290687,4.38439912535142,3.17506359052167,68.4992636886965,2.14422776562988,0.211968405551341,0.214199651925566,0.450711767593378
453611603,3.56850768673327,0.385113101092189,1.15430405300481,0.316786583156478,1.07251928153631,0.376831098918163,5.78394326828511,0.165640043480511,20.9379367462084,20.2142968062529,6.67943475335162,34.2212329830737,3.21962834515244,0.511413634246079,0.4047828562555,0.987628759252549
453611604,15.8804109380769,0.0662453030994114,0.832953237331943,0.0999109489368172,1.37160357073044,0.473491018874481,4.43300536478356,3.33289893790317,19.0514975782455,11.3898481787972,8.80519536934471,27.6948806498556,5.12369409873808,0.450685258791078,0.182446080667231,0.81123346582394
453611605,7.40695620393495,0.920793486426671,0.474102048689367,0.0274106109520619,1.3989563663682,0.376642098637591,5.42425534506914,0.113703275060405,10.7337922072648,29.3029583155672,13.8992101683215,21.91529106008,4.89228645103653,0.759375444153418,0.507603906519665,1.84666301191854
453611606,9.74533767323794,0.529181764212164,0.403283588200373,0.0890499293741939,1.04198652991873,0.392024401727773,5.76265634915761,0.101332678253393,7.84355872177527,18.308460766853,8.47816741386722,38.773567524412,5.70533685438801,0.603901819893959,0.701140248520952,1.5210137362075
453611607,8.22662291280629,0.14699640790468,0.712207948157887,0.230846471568617,0.981356300659413,0.762932060744713,5.39953002556909,0.103518597115972,5.139698346808,27.143611349779,10.3094170867796,30.8081696876844,7.81979482614052,0.425461434146645,0.132503804308444,1.65733273982671
453611608,15.9792116908511,0.479571884326438,0.26242667489966,0.611299783883915,1.07234743233508,0.451785530513533,4.14634146341463,0.0555727076258104,5.93598847380879,18.9554389214778,7.93763507255326,36.3033858186683,5.46876608006586,0.55058145518164,0.416795307193578,1.37285170320058
453611609,12.1986141738867,0.457761566840505,0.953147372051461,0.62289016857749,3.26599291410177,0.585265930207038,4.93504593292434,0.426408034865128,16.21813697313,17.1127577521608,11.0657065518431,23.9896324320935,6.00211113781967,0.689777703458295,0.367881441844424,1.10886991419583
453611610,7.06344845077567,0.191627566189007,0.539657043017571,0.171901199081315,1.07367798114723,0.226853221738457,2.816643417734,0.197263671076919,13.3491144270195,7.4072508489383,4.39475278634935,58.0222907948317,3.13226529145707,0.441025207479111,0.39311831593186,0.579109777232954
453611611,10.9619959738913,0.721852823359564,0.462595823420566,0.0142337176437097,1.05634518798674,0.433111694015738,7.40661664531609,0.13623701173265,6.51395921023201,25.1225116411476,10.4516155269526,29.6407002989081,3.60824742268041,0.780821082169219,0.301958152870128,2.3871977876736
453611612,10.7210597004214,0.36806545208485,0.722802628746014,0.0174292832463578,0.972964105929032,0.422403805735259,5.69117360591365,0.0748433927637717,11.6232814214093,15.7458195351508,4.89865384418221,38.4315695582189,8.28506105375396,0.473666403518665,0.285020043675733,1.26618616525011
453611613,8.98072757152461,0.117651452902069,0.57518488085456,0.250242772839322,0.47620826174647,0.302532307462464,2.23537760513931,0.724583551206394,20.7570777620079,4.50997236124598,3.9571972809442,53.0234555912452,3.27556584746396,0.201688204974976,0.281989990289086,0.330544558153432
453611614,12.9825644190711,0.479349894563596,0.800288021395875,0.145039345779972,1.05230674278661,0.431003445970272,4.53942292856041,0.141953402252739,13.8569150851206,16.6157485984673,9.0407858869516,35.4235457491128,3.10240189271203,0.300365169984056,0.295221930772,0.793087486498997
453611615,10.3684897426486,0.234512011093438,0.320159876014519,0.0744320730861781,1.42746441535136,0.364003425914597,10.4898242179534,0.219217749500387,4.42819853990783,19.0923365553244,4.97573310493903,40.4278314776296,5.40499204698397,0.35992495615645,0.212080427423631,1.6007993800726
453611616,25.8021832616606,0.164331522841015,0.437506002368935,0.0554885661541088,1.28584081184041,0.370279470297611,4.15310575907291,1.80551257562985,13.7248834206567,7.93699913565887,4.66850917161973,35.1616104489238,3.46056576995721,0.232625142722995,0.209149210888564,0.531409729706658
453611617,8.6994291387441,0.111690245718541,0.335070737155622,14.4452717795979,0.409530900967982,0.235790518739141,2.54405559692231,0.165467030694134,9.16273682468768,10.3292793910813,5.60105898899644,42.6491271614131,4.19045255232895,0.322660709853562,0.388847522131215,0.409530900967982
453611618,10.7512163823985,0.406351922151526,0.393519756188847,1.0458215259584,1.20408490616479,0.296209164305192,3.69566379725178,3.78121157033631,10.5940223493557,13.543281826445,4.47842592097524,43.7630326685558,4.47842592097524,0.426669518259103,0.399935839170187,0.742126931508314
453611619,24.3827646681999,0.283544941873287,0.557638385684131,0.0325551599928589,0.997658128813417,0.824380664335297,5.80742047614547,1.63825966415677,7.38477048612205,25.8950043581908,9.90516996944016,15.6254266301209,3.706037406929,0.60279554309358,0.306648603803703,2.04992491309873
453611620,8.523436358117,0.11692881958108,0.55091463071855,2.54769908818007,1.29858448669373,0.390137503794565,4.68277436110768,9.23175516904085,12.7677276457956,13.6885420999966,2.91647459608963,36.6414445206481,5.30002361062703,0.28557615551533,0.423866970981415,0.63411398311278
453611621,18.779008268031,0.358353301815513,0.593657578308831,0.0291431902078881,3.24244975498133,0.789024890443192,5.43250653023336,2.51494937719923,7.19728860393325,23.2152494441206,12.9309414329815,16.6245709474775,6.12330807590182,0.484640459383028,0.23854240873864,1.44636573624333
453611622,11.4575310391571,0.645943087176643,0.558653480801421,0.171498403113672,1.24464709325611,0.373804902595069,4.80914384300194,0.103720591104676,12.6189962722203,18.6604639699313,6.53850498577693,34.064512153794,6.17394251209218,0.730151883915093,0.483687112973289,1.36479866909024
453611623,13.1394985956517,0.291272235514408,0.874856964527203,0.37553313221679,1.354415895142,0.605430146676376,6.36949963590971,0.245500884219286,13.5108706959326,20.2402995942994,6.69406012691147,26.3975866014772,7.5678768334547,0.486840736502653,0.178924373244565,1.66753354831998
453611624,22.0660762581535,0.2715172084637,0.292729490374927,0.368033091159782,1.5113750861749,0.404093970408867,4.69639921514557,2.66850506443231,9.79052871612664,19.7284827915363,6.85050644323063,25.265948984462,3.9688179455905,0.415760725460041,0.2715172084637,1.42970780081667
453611625,10.9690252912759,1.22904234157431,0.313603702350505,0.149190110826939,1.7090894328746,0.234441602728048,4.40770511102992,0.0862663906142167,9.89729225023343,21.9695124426582,9.29850200949945,32.3082856330938,4.9344375431332,0.732756870864288,0.551090001217879,1.20975926602525
453611626,9.23314780457638,0.051948051948052,0.478664192949907,4.57019171304886,1.65491651205937,0.316635745207174,3.41743970315399,4.91403834260977,13.2430426716141,6.75324675324675,3.77118119975263,44.9177489177489,5.79962894248609,0.277056277056277,0.305504019789734,0.29560915275201
453611627,6.56488391805007,0.28632858530938,0.474457836306878,0.0950983027020322,1.5711893489901,0.302867420561907,4.80659899526576,0.16435467532199,9.26794980463501,18.7653759483988,6.11523433462198,40.4467552872589,9.71036364764011,0.443447520208389,0.302867420561907,0.682226954166753
453611628,16.8220229146145,0.317279278345171,0.62626367359635,0.187671730001555,0.84815179636062,0.518430193374462,6.47934055679403,0.188708590388304,9.99014982632588,17.5561200684328,6.77691948779097,32.8301104256312,4.76333661672456,0.402301830058583,0.222924983151019,1.47026802840997
453611629,14.7594725970382,0.209645760325568,0.429568273608271,0.258974174519819,1.17257751240918,0.536446504362482,4.37686908444408,0.101739854275643,7.59246508473183,17.3368822386879,9.04148725168796,29.3586278479452,12.6979559538368,0.624826579793848,0.405931741806859,1.09652954052638
453611630,13.7771177001008,0.424335649498754,0.88155731183366,0.0116692303612157,1.23587757916512,0.584522357184533,5.12703548506869,5.64048162096218,13.4334058240068,19.1131384925476,7.44602980957938,23.8412984670875,6.40640746830743,0.158065029438286,0.265209780936721,1.65384819392139
453612159,9.47187844626884,0.794020340644529,2.29383653963975,0.147040803823061,0.472981252297513,1.46060531797574,6.12915083935792,0.142139443695626,10.0208307805416,16.9611567209901,8.36662173753217,37.8997671853939,3.51917657149859,0.367602009557652,0.588163215292244,1.36502879549075
453612160,21.7464765083063,0.694728667527207,0.291744062798434,0.0094449516733306,0.575092612998352,0.515274585733925,6.37324350134853,7.81517279014367,6.69122354101733,15.1654440701445,9.17734470925291,23.3090912907051,5.65122941787615,0.314831722444353,0.281249672050289,1.3884078959796
453612161,11.3180647066611,0.980681690886687,0.361518172652932,0.021385582044258,0.614071712985122,0.272920761326721,3.69257716630854,0.0835056060775787,11.0828233041743,25.7339837265904,5.60913266189395,35.5733881890485,2.61311445359838,0.322820452763323,0.540749717404809,1.17926209558337
453612162,9.10631045033575,0.237180935170544,0.44150563689755,0.448692937963324,1.73419307144177,0.492843501653079,10.3651148941413,0.307000431238064,0.90046614781198,17.4641148325359,6.61334373780726,47.251370720989,3.26303468386143,0.126291147298602,0.289545557221184,0.958991313633283
453612163,7.08163768652115,0.186007316972911,0.582685904550499,0.0030829942039709,0.443951165371809,0.354544333456653,5.58433016812595,0.577547580877215,0.954700538496321,20.1391458050726,8.30250339129362,51.1160439018375,3.10971348707198,0.448061824310437,0.160315698606487,0.955728203230978
453612164,17.2102790938327,0.637117146364476,0.411894206089136,0.052754922947377,1.48119591352251,0.424068419076992,9.65009282837403,0.280006898720693,0.331747303919082,13.9607787438241,5.86188355365277,45.1247349572381,3.16022278809768,0.0618855826882691,0.467692682283477,0.883644959368564
453612165,10.2558878656996,0.152799282862032,0.339214407953712,0.0763996414310162,2.60166245619754,0.390147502241056,8.51397604107245,0.366718278868878,0.326990465324749,17.4201369081574,5.65153614212371,37.7954119468666,14.6463205932687,0.113071469317904,0.262814766522696,1.08691223209192
453612166,8.26831316172104,0.266224324711761,0.20171612295468,0.232434314267576,1.60963322479572,0.219123098031988,3.01959820605763,0.117753066699433,6.92490426163707,22.5184821117733,8.11472220515656,42.5805328582253,4.08244762548381,0.361450717781737,0.33892404415228,1.14374065655014
453612167,8.19323849990763,0.489562165157953,0.497772851366053,0.0112896935361373,1.49537122565018,0.293532031939569,5.63971508918858,0.187819447010284,9.01533345649363,25.6193936408235,7.25106225752817,34.7363343391424,3.61988628199602,0.916517847979145,0.261715622883182,1.77145554939754
453612168,10.8213833394615,0.21448706949381,0.419781836009315,0.0275769089349185,0.882461085917392,0.252277648404625,4.68909588593373,0.193038362544429,1.02136699758957,17.0670425297218,7.88903868938187,52.5595456959595,2.36752870041263,0.372798954120194,0.371777587122605,0.850798708992115
453612169,4.11337640926918,0.41164483856764,0.484348280205208,0.0767994101805298,1.04651996272669,0.150526843953838,5.7056841803455,0.116735103474405,14.4403370982111,27.2883664253459,6.98977031856395,34.244345003430404,1.97323284557175,0.964600591867455,0.304125664314898,1.68958702397166
453612170,6.10400162502539,0.133048953889905,0.235628681698152,0.0142189721714402,9.7684338817794,0.22953483648182,6.58947796059313,30.2782855982125,0.254925858216535,8.71826122283161,3.87263863497867,24.2900670322974,8.91021734714605,0.012187690432663,0.104611009547024,0.484460694698355
453612171,15.5194672131148,0.188524590163934,0.439549180327869,0.0399590163934426,0.989754098360656,0.492827868852459,6.30327868852459,0.119877049180328,8.32581967213115,20.3073770491803,10.9313524590164,29.9897540983607,3.70491803278688,0.451844262295082,0.234631147540984,1.96106557377049
453612172,10.3746999269387,0.196221688759002,0.311032251330759,0.0208746477403194,1.99039766203945,0.628326896983613,14.5496294750026,9.86848971923599,0.163865984761507,22.1041644922242,7.75701910030268,24.2636468009602,6.43982882788853,0.0229621125143513,0.159691055213443,1.14914935810458
453612173,13.0391357521402,0.433143090093763,0.443334692213616,1.37382796575622,1.04463921728496,0.457602935181411,3.92274765593151,0.678760701182226,7.62026090501427,20.0112107623318,6.75907052588667,36.2882185079495,6.29433346922136,0.497350183448838,0.211985324092947,0.924378312270689
453612174,11.282131661442,0.218390804597701,1.05956112852665,0.0114942528735632,2.33019853709509,0.87251828631139,6.64367816091954,3.54754440961338,1.15569487983281,16.6478578892372,12.4493207941484,30.2675026123302,11.5161964472309,0.301985370950888,0.190177638453501,1.50574712643678
453612175,8.26435955898429,0.146797014086267,1.03799023435467,0.0385212022779565,1.30867976387544,0.678806050952098,9.66986288534216,0.534091264015991,0.828726405763605,18.8743480026236,9.26591081821116,43.0396351938033,4.72353229013753,0.293594028172533,0.187400443514383,1.10774484388502
453612176,5.19799196376538,0.121668183258867,0.418170478595602,0.06236772419152,1.49580295888842,0.274009017759465,12.1330784095208,0.524502336233603,0.6236772419152,16.6808101669615,8.9226742462196,44.4027523592381,7.65691617164416,0.20959645015183,0.333309476826812,0.942672814829204
453612177,2.76923076923077,0.171357098186366,0.470293933708568,6.50406504065041,0.940587867417136,0.228893058161351,4.95684803001876,6.18261413383365,0.906816760475297,6.22013758599124,1.98999374609131,65.3308317698562,2.78048780487805,0.058786741713571,0.181363352095059,0.307692307692308
453612178,9.49105632720004,0.233714315001794,0.542258213315566,0.00922556506586028,5.24012095740864,0.364922351494029,7.84685561990672,2.648762236687,0.555584029521808,14.5179642253088,6.16165240120957,44.1556045307775,6.83511865101737,0.136333350417713,0.153759417764338,1.10706780790323
453612179,7.35822846870404,0.147082856675927,0.375878411505148,0.0347278967151495,0.531132537996405,0.194067658114071,3.72507762706325,0.0919267854224547,13.5878002941657,20.8203954894591,7.77189900310508,38.6633845399575,4.45129923190064,0.606716783788201,0.284973034809609,1.35540938061775
453612180,7.84023511121996,0.153333404321021,0.460000212963062,0.00212963061556973,1.09250050578727,0.428055753729516,5.93208607966948,26.4478826147605,1.01370417301119,8.17884637909555,4.41685389669162,36.1153407941393,6.85634576682674,0.183148232938997,0.203379723786909,0.676157720443389
453612181,10.6607929515419,0.274562032578629,0.34012908513472,0.259194754635795,1.34719803298842,0.309394529249052,8.73680975309907,0.174162483352116,0.524536420448725,18.226616125397,5.72584776149985,48.226616125397,3.27630365741215,0.0768363897141686,0.687429566642762,1.15357033090872
453612182,17.488343807014,0.491587269410095,0.282789377660653,0.0131765659841881,1.57105209811474,0.451043989458747,11.0865599026961,0.195621325765254,0.234137441719035,15.1084532738699,7.62112304885465,40.4703020474356,3.34177984998986,0.353740117575512,0.344617879586459,0.945672004865194
453612183,13.8246215367038,0.0928306198229077,0.544742318521239,0.0153017505202595,0.631452238136043,0.523319867792876,5.82792671481617,0.16015832211205,7.80389276533235,20.7501938221733,12.8646917207329,25.8007916105602,8.26498551434284,0.516179050883421,0.261149875545762,2.11776227200392
453612184,8.87886637837615,0.17338713838977,0.436564044874243,11.0771675972464,0.930923802545076,0.348838409379419,3.21488652431032,0.979430918642214,1.01761737173996,5.67842878226497,4.76401804051892,57.2941285748196,4.14993859205515,0.267305171684229,0.49745595657065,0.291042696582828
453612185,10.3079555175364,0.306529797547762,0.426697625157848,0.0682308851684386,1.01124282048149,0.314676768911157,4.77107010468858,0.108965741985417,12.3284044156585,23.5742800114058,8.65412033076704,31.2507637785653,4.7802354474724,0.643610737708257,0.289217483400546,1.16399853354515
453612186,10.4232793397907,0.774066717178957,0.516044478119305,0.00921507996641615,1.19079311121578,0.481231953801732,4.12118854053611,0.0634816619908668,7.20312084041529,21.6728441832367,14.6386664755391,29.0725533962689,6.96967214793275,0.382937767493294,0.423893678455143,2.05701062805889
453612187,6.84874503953151,0.343046209745354,0.201970993311614,0.0375523957413553,0.722629885617432,0.134985638745953,5.30706695490668,0.220239726374976,8.06767550670361,25.1276273990399,15.2239442194684,33.3252138964163,1.97911274853089,0.278090714408956,0.343046209745354,1.83905246171178
453612188,12.0912984435391,0.950590201608691,0.362477802151886,0.182805808001671,0.569309516348062,0.153556878721404,5.90619450537971,0.129530972526899,18.5448657683067,15.0537971377833,10.4429123576726,28.7328945993941,4.39360701974303,0.469027473101431,0.658100908806017,1.35903060691528
453612189,8.35602137110806,0.221080428240978,0.197539456715318,0.464678307506499,2.4216495056396,0.244621399766637,3.55366317987349,0.0921168451004074,7.82276719002682,27.7670876747661,10.4716382469141,31.2572925835705,4.92006304886287,0.390984831426173,0.386890749421711,1.43190518106078
453612190,13.7415799142682,0.649112063686467,0.46846295162278,0.091855480710349,0.914472341294142,0.338844662175954,4.74892835272505,0.169422331087977,13.2527046335987,20.4674423351704,10.3970197999592,25.7613798734436,6.57379056950398,0.389875484792815,0.374566238007757,1.66054296795264
453612191,8.84881818498277,0.27964400505912,0.393358164792704,2.05381696661677,0.777433541035727,0.424687576147875,10.2922918044581,0.126477993989394,0.735660992562166,14.5229226859749,4.9117554913496,52.59511957392,2.98557686729093,0.0243673199429109,0.2889267936088,0.739142038268296
453612192,16.0128630619859,0.62253921790934,0.298901280122034,0.00206138813877265,0.833831502133537,0.367957782770918,4.59174207911608,1.36566964193688,8.04456721156027,31.3197006864422,13.2155593576715,15.4964853332234,5.60491434932283,0.463812331223846,0.355589453938282,1.40380532250417
453612193,NA,NA,NA,NA,NA,NA,NA,NA,28.5714285714286,7.14285714285714,NA,64.2857142857143,NA,NA,NA,NA
453612194,6.52653704676826,0.326969113096281,0.147136100893326,0.00233549366497343,0.872306883867577,0.121445670578619,5.30273836632218,0.217200910842529,6.90839026099142,29.1714836223507,17.3060080574531,25.3459449991242,4.81111694984527,0.356162783908449,0.349156302913528,2.23506743737958
453612195,16.2962581177198,0.107205442737862,0.354602618286775,0.0309246469436141,0.589629935058241,0.40305123183177,2.76775590145346,0.105143799608288,7.52087413668694,17.5208741366869,2.33790330893722,44.3480053602721,5.79527883723327,0.240181424595403,0.271106071539017,1.31120503040924
453612196,11.2468136075593,0.0767805407397549,0.176083373429838,1.56427555000461,1.34519507376051,0.166869708541067,4.57714396863259,1.23258361400887,9.04167647751354,23.0065212272602,11.5651969164935,29.6690246823845,4.0110154482448,0.4698969093273,0.31019338458861,1.54072951751108
453612197,24.2367119901112,0.15451174289246,0.559332509270705,0.324474660074166,0.648949320148331,0.546971569839308,4.0348166460651,0.0525339925834363,13.1777915121549,23.688710341986,3.0716934487021,23.2189946435929,4.11207251751133,0.285331685208076,0.46250515039143,1.42459826946848
453612198,6.67956304050979,0.171721769354905,0.310340547026938,1.08722638308437,1.91893904911656,0.179997517275624,3.56374394835933,0.187238796706252,10.1936525013448,21.6400463441884,10.1802044109736,37.1643149749659,4.77924442421484,0.433442297347623,0.402408242644929,1.10791575288617
453612199,9.6688947613866,0.0932690812995492,0.641484014715788,0.100523343178403,1.6031918752267,0.288097828903052,4.19192704285196,1.65915332400643,16.4081040468418,21.5192497020571,13.7986424167055,20.9513446292554,6.44074822529665,0.45598217524224,0.148194206953728,2.03119332607907
453612200,3.25506991059948,0.263240490437283,0.393848272231166,0.0121495610971054,4.25234638398688,0.186293270155616,11.41653757758,0.200467758102239,0.426247101823447,14.6908442932499,5.74572993550608,50.304245259139996,7.23303870647673,0.0870718545292551,0.371574076886472,1.16129554819832
453612201,11.2967914438503,0.160427807486631,0.931715343480049,0.0647881530234471,0.802139037433155,0.790826820238585,4.43336075689017,0.0822706705059646,10.0617030028795,23.8009049773756,12.9175236528178,29.5433977786919,2.99568078979844,0.572809543397779,0.293089263677499,1.25257095845331
453612202,11.3340558285372,0.337748971496512,0.657610925810966,0.348270746309487,0.608158584189981,0.360896876085058,5.08833029955493,0.261992192843089,18.3268273692406,16.2908639429299,8.05441861933271,33.5276354415463,3.20914131795751,0.438758009701076,0.319861954314454,0.835428920150251
453612203,17.7122088647068,0.530118927288759,0.333340501946278,0.00645175165057313,1.09249661283038,0.477429622142412,4.27213488462117,1.50325813458354,9.45181616808964,19.6670896148304,11.3335770661735,24.8962343276199,7.20123013398138,0.348394589130949,0.346244005247425,0.827974795156885
453612204,7.51203570684418,0.254422231239102,0.707337668746642,0.362990338535098,0.763266693717306,0.347637272856877,3.92490157588253,0.0822485661333304,16.5681511618981,17.2787787732901,8.77098709245835,35.6476252097338,6.233344665358,0.516520995317315,0.380536699310209,0.649215348679088
453612205,10.5210237659963,0.716026812918952,0.210237659963437,0.00710948608572009,0.853138330286411,0.172658947796059,3.94068657322771,0.0558602478163721,8.11192362380662,19.5368677635588,12.7198862482226,33.878732480195,6.73877716839326,0.34430225472273,0.450944546008531,1.74182409100142
453612206,15.3092474295156,0.205217793961335,0.479893918186506,0.0168383830942634,1.21657317856053,0.434640763620673,3.61499037054967,2.58890140074299,11.2806642742131,23.3516801549131,10.62186253565,24.9292261710569,3.55500363077635,0.323086475621178,0.133654665810716,1.93851885372707
453612783,6.2439739288055804,0.167765822052528,0.582359520228316,0.0482085695553242,1.10879709977246,0.188977592656871,11.6780438890817,0.647923174823557,12.9449650969956,7.08473138185044,6.89575378919357,42.6395156002931,8.68139920552277,0.200547649350148,0.231401133865556,0.65563654595240894
453612784,18.1011192589734,0.48345487415954,0.396107985130716,0.0670336590221211,0.87448455178858,0.326027341607589,4.68524650104613,0.401186292632391,0.640882406711491,9.52487355014321,4.56438278250625,55.921306546954,2.55946698084462,0.161490178553292,0.351418879115968,0.941518210810701
453612785,19.820733456259,0.842040565457898,0.407703339479615,0.0471214914976439,1.52120467117394,0.73960254046302,6.74656832616267,0.173120262241344,4.88834255275558,22.1552960458922,8.70415898381479,21.960663798402,9.84736734275763,0.298094652735095,0.250973161237451,1.59700880967015
453612786,8.39869500122902,0.241335389153315,0.358651203325065,3.08149538557798,3.11836607003195,0.350830149046949,4.9194431409354,3.91164443252665,7.86015954950727,16.3247748653661,3.81555719425264,39.3063842148779,6.68476682085316,0.440213626511139,0.269267725860875,0.91841523094456
453612787,10.4340533464245,0.457167403043692,0.879561446571756,0.0910243822614957,1.46252659139257,0.515463917525773,6.07204221894944,0.12682048764523,13.8847979054165,20.8957208312878,8.78334151530028,30.1832760595647,4.17075765013909,0.370234004254623,0.298641793487154,1.3745704467354
453612788,14.9850485502134,0.472062628095286,0.312468501159157,0.890367234485771,0.949165070725397,0.285589490306757,6.68783388771293,3.48587171992071,10.2745018983301,13.7721331854988,6.80038974565736,34.7898397338978,4.93901824412862,0.349427141081208,0.283909552128482,0.722373416658267
453612789,15.1699156179987,0.212525387885006,0.199962310768651,2.40687619087502,1.36623463640361,0.232416926652568,3.47892543813731,0.168554617977763,5.5413639314056,11.6166586402563,6.06273163173433,48.3521430515714,4.07671852425721,0.236604619024686,0.256496157792249,0.621872317259574
453612790,8.80928447409303,0.143927624965732,0.175911541624783,0.246733071369825,1.72941606506442,0.175911541624783,12.0922050625971,2.61354290413963,3.90203783240428,16.4237412044229,11.3291601937312,24.3191994882573,15.8434615736087,0.486612446312711,0.244448505894179,1.46440646988943
453612791,3.16973415132924,0.0613496932515337,0.547034764826176,0.429447852760736,0.649284253578732,0.245398773006135,6.43660531697341,0.347648261758691,0.424335378323108,3.40490797546012,3.63496932515337,76.6973415132924,3.03169734151329,0.11758691206544,0.296523517382413,0.506134969325153
453612792,10.2572491922621,0.328207435278721,0.406936321622837,0.0664594495112674,1.59298188213161,0.371150464193694,8.78798413152836,0.0869085108993497,0.433520101427344,14.5249683039549,4.49674859923929,48.8865486074189,7.69600425340477,0.166659850312871,0.368083104985481,1.52958979182856
453612793,4.72306030468954,0.0633217864193392,0.178790926360487,4.67091295116773,0.826908034417253,0.145267627667896,3.09159310165009,0.134093194770365,7.43472268782359,6.4066748612507904,3.6316906916974,66.3053600029799,1.71713785525385,0.163891682497113,0.178790926360487,0.327783364994227
453612794,4.35927503137279,0.167664424283569,0.563681622744759,0.406303359460182,2.23621140118085,0.210866300479335,5.3693760414738,0.298298668970767,12.632434322862,15.3747248451933,6.62223045115102,45.5018617951408,5.01038902260898,0.339443312966735,0.284926659672077,0.622312740439013
453612795,6.18590067765753,0.23262870435926,0.241731566703752,2.97360169920097,1.73055527460301,0.158794376453929,6.0018205724689,0.181045817740467,0.417720238697279,10.6766461009406,11.0498634570648,56.8291696166684,2.29392131081218,0.243754425002529,0.155760089005765,0.627086072620613
453612796,3.40838023764853,0.111676940945234,0.259090502992942,0.299294201733226,1.02742785669615,0.160814794961136,11.8422228178326,0.348432055749129,1.84490306441526,8.86268203341374,7.64316983829179,60.1849370142053,2.6311087286697,0.393102832127222,0.370767443938176,0.61198963637988
453612797,20.0516816979378,0.205296863349914,0.210403750497922,0.130736310989,1.97840808113822,0.702707671565874,6.01489168292359,0.733348994453921,0.150142482151429,11.8541064479557,5.50420296812281,44.1408683750906,7.00767054449631,0.0398337197544609,0.18997620190589,1.08572420766646
453612798,4.72818638647784,0.0293676173073158,0.169679566664491,9.53142335051883,0.290413104483456,0.205573321151211,0.750505775631404,0.0913659205116492,3.64158454610716,4.40187952750767,1.52058996280102,72.9524244599621,1.33133198459832,0.0717875089734386,0.208836389740912,0.0750505775631404
453612799,7.1134389133239,0.382325971745178,0.275088199182506,0.0186500474022038,1.9706883421662,0.206704692041092,13.8756352672396,0.188054644638888,3.10523289246694,12.4862067357755,9.09034393795751,45.7982997373452,3.4129586746033,0.397867677913681,0.638764123525481,1.03974014267286
453612800,22.5144323284157,0.169522587739393,0.0992699838113565,0.149668590977122,0.647545740554079,0.386389321604203,16.3138764165063,0.357371941720883,0.0580347597666392,5.62631723632365,13.3327224411253,35.4118940712911,4.01967072909985,0.0687253734078622,0.157304743577996,0.687253734078622
453612801,3.57622481969659,0.162894802287988,0.48122357622482,0.141755782143745,1.75702561551853,0.292215866699826,21.5344441681174,1.32181049490177,0.200198955483711,8.02536682417309,10.4774931609052,39.2352648594877,11.7246953494156,0.0559562297935837,0.341954737627456,0.671474757523004
453612802,14.7016374514538,0.515639760680172,0.305710087120815,8.3656974913404,0.810853364123019,0.255851789650467,4.53841713026136,0.089220111262727,11.110527973129,10.4085756271649,3.51632203211924,41.0596200272909,3.03217172247297,0.331951296315734,0.295213603442847,0.662590532171722
453612803,13.7469356967754,0.437488214218367,0.241372807844616,2.18366962096926,0.844804827456157,0.12445785404488,5.82311898925137,3.1529323024703,10.7750330001886,11.3784650198001,5.17065811804639,40.158400905148,4.83877050726004,0.31680181029605903,0.31680181029605903,0.490288515934377
453612804,10.4300594027179,0.552323215884124,0.259378305801937,0.0305150948002278,2.84197249572789,0.219708682561641,10.7179184636667,0.220725852388315,0.089510944747335,7.64504841728375,6.42851330458133,55.8029538611767,3.8967776059891,0.0305150948002278,0.292944910082187,0.541134347790707
453612805,5.04600651293965,0.266807340752539,0.258691528106074,2.7695210656062,2.54633621782841,0.163330729510109,4.52152212066184,0.195793980095969,0.698974364176803,9.37376360666714,6.33844967688921,59.0760147302,7.41785275886906,0.351008896959614,0.310429833727288,0.665496637010135
453612806,2.60869565217391,0.121591746499632,0.265291083271923,0.2689756816507,1.10169491525424,0.077376565954311,18.0619012527634,0.541635961680177,4.11938098747236,13.7140751658069,11.3301400147384,42.177597641857,2.77818717759764,1.50700073691968,0.265291083271923,1.06116433308769
453612807,4.49526518695961,0.17217501965041,0.359321780139986,0.0786016394056219,1.1041658868885,0.112288056293746,10.7571957929408,0.774787588426844,5.00056144028147,14.110865740914,9.43593966388442,44.7168469513793,6.90945839727514,0.464123966014148,0.348092974510611,1.16030991503537
453612808,3.49150062613914,0.172343248236271,0.224418186552267,0.117788550952847,0.97826491265049,0.0681933716042801,4.99423456040073,0.166143850817701,5.04258986026558,3.80890977396997,4.0643249476150896,73.4566600126468,2.47851908794465,0.203340235329126,0.331047822151687,0.401720952723395
453612809,6.93372371573064,0.16413805341141,0.193712477449502,0.170052938219028,0.697956407298968,0.167095495815219,6.4072989678526,0.186318871439979,2.3171561233845,4.27350427350427,5.33374737526987,69.5871410404282,2.70753852068731,0.140478514180936,0.313488894803774,0.406648330523763
453612810,12.8893550078658,0.27582590456214,0.453067645516518,0.0807551127425275,2.55165180912428,0.629260618772942,7.38332459360252,0.708966963817514,5.83429470372312,31.9475616151023,8.52753015207132,21.2763502884111,4.6093340325118,0.445726271630834,0.392239119035134,1.99475616151023
453612811,11.4572957208433,0.263917271691022,0.515511557933435,0.0195113936269627,1.70776040008626,0.564803499727867,11.166678647347,0.458004292506598,0.321424537117859,16.2303987512708,10.802123661159,35.1862311175921,9.30180018279095,0.182790950821019,0.233109808069502,1.58863820741638
453612812,4.12033306473274,0.155788342734354,0.461993016384636,0.545259199570239,1.52027934461456,0.300832661831856,14.2438893365565,11.2275047005103,0.228310502283105,5.18130539887188,6.35508998119796,43.6341659951652,11.4047810905184,0.02686005909213,0.228310502283105,0.365296803652968
453612813,5.81259700341858,0.217084774647744,0.564014648150215,1.17469237870135,1.51046368902099,0.509236247070877,14.2606437476542,0.174479351586038,0.265776686718267,17.8222542326459,6.68296493167916,42.3132715892837,6.82498300855152,0.212012700473732,0.261719027379056,1.3938059830187
453612814,2.63666613848835,0.2757090793852,0.205989542069403,1.49897005228965,0.836634447789574,0.123593725241642,2.01552844240216,0.0697195373157978,5.29234669624465,6.18919347171605,2.23102519410553,74.9073047060688,2.95991126604342,0.142608144509586,0.285216289019173,0.329583267311044
453612815,9.94414044687642,0.381896944824441,0.0946192430460556,0.0148198814409485,0.821933424532604,0.312357501139991,17.5866393068855,0.368217054263566,0.0695394436844505,5.20519835841313,16.2106703146375,44.0503875968992,3.56589147286822,0.0968992248062016,0.337437300501596,0.939352485180118
453612816,7.11516209577556,0.243600414120704,0.288260490042833,2.30100891171515,1.67576784880534,0.373520634985079,6.09204035646861,0.148190251923428,0.295365502121354,12.4124561011754,11.1761839995128,54.4609325835854,2.24518381681249,0.170520289884493,0.142100241570411,0.859706461500985
453612817,9.47302832511057,0.495408533284303,0.493365611497564,0.00408584357347879,2.2482354263067,0.413691661814727,13.6467175354192,0.242086231728618,0.130746994351321,11.0757004668076,8.22888895698628,51.134332322087,1.22268868936353,0.0786524887894667,0.127682611671212,0.984688301208388
453612818,2.08878994237821,0.0523834468308015,0.163698271346255,0.438711367207962,0.438711367207962,0.0589313776846517,6.40387637506548,0.248821372446307,2.29177579884756,5.3627553693033,4.58355159769513,75.5041906757465,1.34887375589314,0.425615505500262,0.170246202200105,0.419067574646412
453612819,9.91923271075214,0.107269056032307,0.265017667844523,0.242932862190813,1.30931347804139,0.167213528520949,13.2635032811711,1.22728419989904,3.59351337708228,15.3110802624937,8.11458859162039,32.6255678950025,11.2664058556285,0.403836446239273,0.930716809692075,1.252523977789
453612820,6.20068344206275,0.282696489593041,0.279589934762349,0.232991612301957,2.35166200683442,0.149114631873253,16.9307238272755,0.546753650201926,3.2183908045977,13.9577508543026,10.8605156881019,40.0124262193228,2.54426840633737,1.04380242311277,0.593351972662317,0.795278036657347
453612821,5.23712862151689,0.099649381804761,0.287875991880421,0.0959586639601402,0.583133419450083,0.158700867318693,13.18693485883,0.343236759549732,3.22568739619856,18.3207233806975,9.6622993172172,40.1956080457649,6.36279756412622,0.369071784462078,0.586824137294704,1.28436980992803
453612822,11.7511497345205,0.414208992802104,0.357356778103776,0.037563070425681,2.33906254758835,0.728926609882133,14.3023928691079,0.140100100506594,0.119795738114334,20.4292342209724,5.48014740967097,36.7610481111867,4.70249033004741,0.22334798631486,0.31471761708003,1.89845788367631
453612823,5.46711673584271,0.269225670259742,0.562926401452187,0.665925616210649,0.478283482393253,0.175404603351044,8.53465770607491,1.52969130829399,1.01367544029615,11.2677061768935,4.57989577703219,60.6981511131054,3.1368869762082,0.148889954007281,0.33245291100256,1.13911012757625
453612824,11.8731994488748,0.201452966473216,0.227547910316897,0.464490000417519,1.24107552920546,0.225460314809403,6.67091144419857,0.31313932612417,5.54569746565905,19.3979374556386,8.35560101874661,39.4858252265041,4.35368043087971,0.323577303661643,0.26408083169805,1.0563233267922
453612825,6.5348284814671604,0.325912832127272,0.248577583825885,8.04838976965144,0.872783516544219,0.215433905982434,4.85002485775838,0.171242335524499,7.19217809202895,8.2141081588687,4.05457658951555,55.5322322267028,2.65701817378335,0.182290228138982,0.519250952880738,0.381152295199691
453612826,2.3841694634529,0.189600313821209,0.610207906551018,0.0588414767031339,0.801987534324195,0.0414069650873905,7.09148759970361,0.464193871769167,26.496099028026,5.23035348472301,4.51553850847753,45.0093710499935,6.08900318179837,0.278952185851894,0.257159046332215,0.48162838338491
453612827,9.03642797242846,0.153402466711665,0.388619582336217,0.0644290360188992,1.62708883025506,0.378392751222106,14.1662064592665,10.0662698656194,0.125790022703565,6.75073121842466,6.73743633797631,40.8040334621914,8.40543249268782,0.0961322124726432,0.170788079605653,1.02881921007956
453612828,3.58716380614191,0.341947787203262,0.34687972644177,0.0854869468008154,0.218649306240547,0.210429407509699,18.2826987571513,0.146314197409088,0.17426185309397,7.82369961202078,4.92700729927007,60.3537844413757,2.43802196356941,0.10357072400868,0.429078713750247,0.531005458012757
453612829,15.0635595477842,0.269581988087247,0.322859060831762,0.741616852603651,0.802352715532398,0.223763705526964,3.76562350158233,1.14652260546197,10.8418843035088,9.72306577587401,3.93504459290989,44.6579079159075,7.23609202016004,0.344169889929568,0.45924836705772,0.466707157241952
453612830,5.31492455250779,0.19549147779339,0.238255238560694,0.470401368440345,0.226037021198607,0.232146129879651,9.73181012890219,0.891929867432342,0.207709695155477,3.45775551347058,2.66357138493494,73.9996334534791,1.6738957786059,0.0733093041725212,0.219927912517564,0.403201172948867
