cytof_id,Neu_Eosino,Eosinophils,Neutrophils,NonNeutro_Eosino,B.cells,NonTB,NK,CD56bright.CD16neg.NK,CD56dim.CD16pos.NK,NonNK,CD14neg.CD16neg,CD123pos,Basophils,pDCs,mDCs,Classical.monocytes,Intermediate.monocytes,Nonclassical.monocytes,T.cells,CD4T,CD4T.TCM,CD4T.Naive,CD4T.TEMRA,CD4T.TEM,Tregs,CD8T,CD8T.TCM,CD8T.Naive,CD8T.TEMRA,CD8T.TEM,HLADRpos.T,TCRgd.cells
453611607,6.3649,0.5048,5.8391,93.8153,9.8803,29.941,16.0003,0.5836,7.9494,14.0825,2.7997,0.2257,0.1216,0.1041,0.315,8.1909,0.8863,2.2266,53.3719,37.9245,8.113,29.2586,0.1032,0.4497,3.1243,12.8882,1.4331,11.358,0.0446,0.0525,0.8592,1.5871
453612785,5.2264,1.7367,3.4638,95.3568,22.5067,27.3428,15.9307,0.6669,3.7428,11.4871,4.8071,1.0894,0.865,0.2244,1.6091,5.6054,0.2718,0.9821,45.0477,31.4041,7.1133,23.7013,0.1168,0.4727,3.2143,10.1642,2.3645,7.708,0.0315,0.0602,1.0152,2.6419
453612786,4.7412,0.5951,4.1154,95.2574,11.0353,37.0113,19.9176,0.8129,6.9778,17.093,3.0396,0.4622,0.1486,0.3115,0.4893,7.485,1.1708,5.4434,45.9386,25.5995,5.4241,19.5011,0.1922,0.4822,1.7737,15.4643,5.1169,7.6107,1.228,1.5087,7.2828,4.3525
453612787,8.4594,0.5557,7.894,91.563,10.9938,37.8422,12.2877,0.3742,2.2741,25.551,3.9966,0.7407,0.5359,0.2049,1.4179,15.812,2.1572,3.6066,42.2008,28.1911,6.8203,20.9133,0.1098,0.3478,2.6346,10.9607,1.2242,9.4091,0.0712,0.2562,1.3839,2.0204
453612789,22.9469,1.6068,21.3112,77.075,22.3645,25.6329,8.1069,0.6601,1.0005,17.4354,4.5149,0.5476,0.2608,0.2847,1.4505,7.2796,0.5446,5.1272,28.3628,18.0935,3.7185,13.9121,0.1294,0.3335,1.3669,7.8511,0.9518,6.8057,0.0538,0.0398,1.0175,1.9961
453612798,30.4523,2.184,28.1134,70.4384,11.4235,44.5322,22.9631,0.3563,3.0592,21.3213,6.5133,0.333,0.031,0.302,1.7348,6.3507,0.7745,7.7757,11.2221,6.8773,1.4095,5.2974,0.0929,0.0774,0.5886,3.3999,0.395,2.9353,0.0077,0.062,0.8829,0.6196
453612802,17.5527,1.4386,16.0152,82.6415,19.8472,33.874,6.1099,0.372,3.1209,27.764,6.6194,0.9804,0.6634,0.317,3.4581,15.1007,0.5791,5.3695,28.1489,20.1001,5.6884,13.9718,0.0825,0.3574,1.9957,6.2327,1.3745,4.7483,0.0495,0.0605,0.9933,1.5412
453612810,1.3747,0.4263,0.9371,98.6373,13.3925,25.4456,14.7657,0.5283,3.8004,10.7743,2.0035,0.4339,0.1053,0.3264,0.4891,5.1348,0.6761,2.9501,59.3827,41.5355,6.5846,34.1383,0.2099,0.6027,3.1966,13.525,1.8067,9.5884,1.5406,0.5893,1.5177,3.3774
453612814,4.4377,1.3764,3.0521,95.5991,3.6183,77.1579,61.7456,0.4742,14.3811,15.4122,6.7256,0.3959,0.1473,0.2486,0.8102,4.6034,0.8148,3.1718,14.4455,9.6257,2.3662,6.942,0.0829,0.2348,0.8608,3.2546,0.5248,2.693,0.0184,0.0184,1.0358,1.381
453612825,1.3111,0.6408,0.6211,98.6692,10.5678,55.5994,32.0485,0.5422,5.0966,23.5509,11.041,0.5816,0.138,0.4436,5.205,11.6818,0.5816,0.276,31.2894,20.8399,4.5938,15.0532,0.3549,0.8379,1.4688,8.3991,1.0055,6.9992,0.1479,0.2465,1.3407,1.5674
453611462,8.415,1.1022,7.2996,91.7928,6.7912,44.74,14.7888,0.4737,2.1762,30.2302,6.0401,1.5452,1.3738,0.1714,0.9887,17.3625,1.3465,5.4232,39.7342,21.5808,4.5528,16.604,0.1226,0.3014,1.5667,16.6918,2.0255,14.5446,0.0646,0.0571,1.0782,1.4111
453611589,1.9311,0.2206,1.7015,98.0746,21.7908,40.9559,12.4815,0.5204,3.0296,28.7335,6.6565,0.6437,0.3337,0.3054,0.56,15.8448,0.9469,5.4211,34.6818,20.8292,5.2141,14.6106,0.1369,0.8677,1.4367,11.9724,2.0714,9.6895,0.06,0.1516,1.4842,0.9163
453611598,3.9276,0.3004,3.6213,96.0926,14.9583,52.7807,29.305,0.4065,4.2968,23.4757,4.5424,0.3665,0.2248,0.1406,0.2557,6.7179,0.2589,11.9554,28.009,16.9122,3.7529,12.7375,0.057,0.3649,1.2678,9.7703,1.3115,8.3219,0.0714,0.0655,0.6606,0.7389
453611601,6.1628,1.3309,4.8276,93.5653,15.0389,34.0058,11.0634,0.4654,8.2147,22.8487,3.7104,0.3242,0.2099,0.1143,0.4601,12.3069,1.8141,5.1273,44.135,26.3809,6.0586,19.0922,0.4054,0.8247,1.8967,14.1868,2.2075,11.6446,0.2085,0.1263,1.1921,1.3963
453612788,7.2162,0.5144,6.6937,92.9633,16.5446,38.4555,13.9825,0.8211,3.595,24.7312,8.4125,0.7384,0.5023,0.234,3.8835,13.8716,0.5346,1.8943,37.5194,21.7697,5.34,15.3523,0.228,0.8493,1.6865,14.0874,4.3555,8.1886,0.4136,1.1297,5.0697,1.4223
453612793,8.6642,2.2263,6.3618,91.7861,8.6262,60.5417,41.044,0.704,3.0128,19.4977,7.6811,0.2601,0.0761,0.1839,1.3256,11.5375,0.1713,0.1586,22.0157,14.119,3.59,10.0279,0.1142,0.3869,1.2432,6.1208,0.9641,5.0044,0.0634,0.0888,0.8499,1.4525
453612794,11.4078,0.7189,10.646,88.8899,5.2051,46.5367,20.452,0.483,3.539,25.7719,7.8284,0.3557,0.1778,0.1778,2.8453,16.575,0.4906,0.9119,36.8278,23.1662,5.0386,17.5335,0.164,0.4301,1.6182,10.3067,1.6068,8.3317,0.2548,0.1135,1.2738,2.897
453612803,10.1816,0.7689,9.4034,89.7906,15.6939,39.2811,12.3448,0.7736,1.3341,26.9316,9.8295,0.7643,0.4817,0.2826,4.169,14.6192,0.6161,1.927,34.1301,19.2144,4.887,13.3732,0.227,0.7273,1.473,13.0304,3.7567,7.657,0.4586,1.1581,5.0213,1.209
453612824,5.9002,0.7892,5.0858,94.3507,15.8096,28.4068,9.1907,0.9733,0.8485,19.2161,5.0001,0.4576,0.2042,0.2534,1.4486,9.9194,0.4198,3.9486,49.6312,32.7664,6.1284,25.7341,0.1475,0.7564,2.7005,13.6285,1.8974,11.3315,0.1324,0.2673,1.3931,2.5026
453612829,4.5651,1.5807,2.9706,95.1855,19.5041,41.7925,17.5355,0.8111,2.2041,24.4617,6.0704,0.7095,0.2139,0.4956,2.4626,15.627,0.9127,1.8208,33.3872,19.027,4.1018,14.3095,0.1124,0.5033,1.4206,12.4609,2.2641,7.7419,1.3252,1.1297,2.124,1.1882
453611588,17.0539,0.756,16.2684,82.9112,9.0558,34.4581,17.871,0.7538,4.7758,16.7177,2.9162,0.352,0.0946,0.2542,0.387,7.2793,2.281,4.2685,38.5599,14.7952,4.0378,9.7298,0.0907,0.9369,1.2938,21.4197,15.5124,3.2562,0.0672,2.5839,17.4332,1.8476
453611593,15.7452,0.746,14.9924,84.3923,16.6087,21.8107,6.8532,0.5019,3.948,14.9575,1.9905,0.4373,0.2265,0.1786,0.4008,7.2207,0.7055,5.0367,45.5211,25.768,5.9212,18.7135,0.1712,0.962,2.0891,16.3991,5.1625,6.403,1.5338,3.2999,3.8067,2.8982
453611603,19.7668,0.8123,18.9474,80.292,3.8732,41.2556,9.3253,0.5934,2.7767,31.8349,3.0106,0.4483,0.1967,0.2268,1.041,21.2235,1.5906,6.0631,34.7534,24.9242,8.3013,16.3419,0.0529,0.2281,2.1258,7.9576,1.4775,6.233,0.0621,0.1849,1.2312,1.4828
453611604,11.6864,0.3075,11.3753,88.3306,16.571,37.1836,9.4464,0.6417,2.5366,27.7372,6.0698,0.1756,0.0896,0.086,3.7639,19.068,0.3904,2.2569,34.407,13.5179,3.0259,9.9986,0.1638,0.3296,1.4638,18.7553,7.6463,9.8106,0.3394,0.959,8.4405,1.5972
453611616,1.9501,0.4457,1.5029,97.8082,30.7513,35.0675,13.3163,0.5107,1.1825,21.8701,5.9032,0.3395,0.1461,0.1929,3.0158,14.7446,0.4543,0.69,31.5682,14.4414,4.1273,9.2353,0.2115,0.8673,1.8977,14.862,2.8531,8.4073,2.0272,1.5744,2.5499,1.9884
453611619,1.7066,0.4671,1.2353,98.1005,14.8165,26.7346,0.2961,0.0012,0.0133,26.4643,25.7562,0.0033,0.0009,0.0024,0.4615,0.3728,0.0376,0.1488,55.8132,36.8845,5.5071,29.9391,0.3192,1.1191,3.2409,15.956,3.3216,10.3017,0.6153,1.7175,3.9125,2.0806
453611620,4.9753,0.6165,4.3524,94.8321,13.0087,31.3179,10.5218,0.7718,5.2779,20.7961,2.8833,0.6553,0.0744,0.5809,0.5534,13.6332,1.7555,2.4513,49.5931,24.1906,5.7795,17.8238,0.1052,0.4822,1.5711,22.0112,14.2222,5.1145,0.1359,2.5386,11.1949,2.9431
453611622,10.542,0.2994,10.2391,89.4589,12.1816,47.0619,26.6063,0.4584,5.9201,20.5946,3.1945,0.9239,0.733,0.1909,0.4974,13.7746,1.3198,2.2941,29.4692,19.5321,4.4581,14.7685,0.054,0.2516,1.8238,7.3395,1.4132,5.7898,0.0824,0.054,1.1475,1.4854
453611626,29.2224,1.9306,27.2482,71.0072,10.4123,33.2814,13.4071,0.6452,4.2316,20.0,3.9769,0.2246,0.0637,0.1609,2.1083,12.6814,0.5178,2.8875,25.6092,6.0013,1.7111,3.4775,0.2346,0.5782,0.6687,17.1543,9.2056,5.1064,0.7357,2.1066,8.0342,2.4904
453611586,4.9785,0.4348,4.5197,95.0191,19.708,40.7611,20.2949,0.6121,2.6785,20.6878,5.0336,0.7954,0.2264,0.5606,1.9933,14.8049,0.3893,0.569,34.0852,20.6088,5.0971,15.2194,0.0551,0.2372,1.8627,10.1822,1.7729,7.8115,0.2599,0.3378,1.12,2.7732
453611590,1.0791,0.34,0.7287,98.9047,14.8463,52.699,27.4338,0.5529,5.0313,25.6306,3.7012,0.4626,0.0567,0.406,0.3609,13.6712,3.8619,4.3292,31.0714,17.7645,4.0458,13.16,0.0833,0.4754,1.3232,10.6536,2.6429,6.691,0.8027,0.517,2.0437,1.9547
453611594,2.4576,0.3929,2.0586,97.5529,14.2464,27.3105,16.4853,0.4846,2.8109,10.9695,3.6629,1.0801,0.5546,0.5348,1.1619,6.633,0.326,0.3074,55.574,36.9204,7.254,29.2154,0.0675,0.3836,3.0625,14.5482,2.1701,12.0236,0.1122,0.2423,0.927,2.7303
453611602,65.778,2.1384,63.6325,33.8502,2.7368,26.1958,14.4167,0.6868,0.8178,11.7791,2.3969,0.1416,0.1062,0.0354,0.485,7.1163,0.1345,2.1455,4.7831,2.8501,0.7435,2.0605,0.0071,0.0389,0.3505,1.5366,0.2124,1.2321,0.046,0.046,0.3009,0.3151
453611610,16.5592,0.3905,16.1617,83.4339,8.6178,53.384,26.0905,0.5178,3.2376,27.2935,8.2308,0.4812,0.197,0.2842,4.2017,17.5808,0.3905,1.1733,21.0293,12.2319,3.6002,8.2186,0.0872,0.326,1.3477,6.9546,1.4104,5.2094,0.1308,0.204,1.2797,1.5743
453611611,8.0917,0.4308,7.6544,91.9115,11.2357,33.0995,19.6018,0.6934,1.4354,13.6218,3.7522,0.928,0.6651,0.2337,1.3788,8.2995,0.2119,1.3252,47.3023,33.1767,8.9392,23.8016,0.0751,0.3607,3.8892,11.6827,1.657,9.9152,0.0218,0.0887,1.1431,1.8986
453611618,30.0289,1.2936,28.723,69.573,10.9686,27.0107,9.6091,0.6293,3.0886,17.4016,3.2086,0.7105,0.4054,0.308,0.8006,10.4889,0.7041,2.9311,31.2517,16.5715,3.6642,12.5757,0.0753,0.2564,1.2739,12.5574,5.5876,5.5301,0.1245,1.3152,4.6272,1.9204
453611621,1.1634,0.3297,0.8306,98.8447,19.7991,22.5567,12.3858,0.789,1.1369,10.0636,3.716,0.536,0.2953,0.2407,1.8442,5.6099,0.2497,0.4578,56.028,28.689,6.0861,21.8363,0.3045,0.4622,2.1467,23.6712,4.728,12.9781,3.8693,2.0959,2.9302,3.5263
453611627,4.6766,0.1974,4.4776,95.3255,7.4946,61.0021,34.0426,1.2022,11.1445,27.4856,5.5847,0.4905,0.3114,0.1806,0.6319,8.2985,0.9519,12.6311,26.5729,17.3291,3.1788,13.7993,0.0941,0.2569,1.1427,7.0291,0.8222,6.1026,0.0626,0.0417,1.1015,1.7206
453611585,9.21,0.4638,8.7431,90.7808,14.2997,50.0351,8.5529,0.4984,5.7437,41.3967,2.7788,0.6774,0.2177,0.4638,0.4882,22.8516,9.7643,6.1312,26.1308,15.922,2.973,12.479,0.0885,0.3814,1.4545,8.7198,0.8747,7.664,0.0834,0.0976,1.0924,0.9571
453611596,10.4259,0.6903,9.7284,89.5292,12.8862,34.3807,10.4939,0.3719,5.3215,23.8867,3.8497,0.5384,0.3025,0.2359,0.44,9.847,0.8626,9.3347,41.5923,24.593,4.4416,19.7548,0.11,0.2866,2.0507,15.649,1.5659,13.9818,0.042,0.0593,1.0507,1.1042
453611606,3.92,1.3947,2.4851,96.0728,14.2273,32.2515,17.6905,0.7326,6.3507,14.6628,5.5432,1.3911,0.4319,0.9593,2.6895,8.3594,0.3775,0.3284,49.0773,33.4312,8.6039,24.1474,0.1008,0.5791,3.0473,12.5007,1.9239,10.1529,0.0455,0.3783,0.7781,2.3147
453611609,4.4629,1.196,3.2479,95.5395,13.8451,38.1392,13.48,0.7622,1.8243,24.8145,7.3943,0.8238,0.5133,0.3106,3.9805,15.9551,0.3592,1.1071,42.3816,23.2012,6.5409,16.0558,0.1328,0.4718,2.1194,14.7021,3.4577,10.8651,0.1553,0.224,2.6564,4.0433
453611612,11.1694,1.7461,9.3946,88.8727,10.6306,49.3738,23.8952,0.3889,7.0655,25.2414,5.9122,0.5113,0.3652,0.1441,1.6734,14.8662,0.1972,4.2862,28.4756,20.0167,5.49,14.086,0.1081,0.3325,2.4121,6.3052,0.9309,5.1183,0.0979,0.1581,0.852,1.1819
453611613,8.2688,0.8136,7.4293,91.7183,13.5101,54.9642,16.1745,0.5283,2.9237,38.9744,5.5298,0.5024,0.1329,0.3695,2.3792,21.6492,7.3158,4.4245,22.6994,11.6982,3.6239,7.345,0.1459,0.5834,1.4878,9.6982,1.7309,6.1522,0.8525,0.9627,2.1782,1.0502
453611617,32.772,2.6978,30.0033,67.0809,11.271,26.8531,5.8153,0.2453,4.758,21.0377,2.2891,0.605,0.1581,0.4524,0.1908,9.9684,1.3789,7.4286,28.6353,16.0889,2.8886,12.7153,0.0818,0.4033,0.8611,11.1892,1.6787,9.3634,0.0654,0.0818,1.4007,0.8884
453611623,28.7635,2.2782,26.4513,70.8618,17.6208,36.6075,10.2637,0.5858,6.769,26.3438,5.8559,0.5233,0.4142,0.1091,1.3185,15.2817,0.5035,4.6497,16.0659,10.1957,1.6932,8.2804,0.1028,0.1194,1.2482,3.686,0.7359,2.6948,0.2024,0.053,1.1984,1.0569
453611628,3.0417,1.1774,1.8415,96.9811,22.0679,31.3156,11.4933,0.5904,3.6977,19.9476,4.8812,0.5334,0.2922,0.2406,1.4709,12.1976,0.2875,2.5552,42.8933,30.6937,7.3432,22.3915,0.1501,0.8088,3.3734,9.877,1.8335,7.689,0.0596,0.2949,1.6874,1.8073
453611584,5.5136,0.9634,4.5289,94.4652,14.684,33.2334,8.5899,0.637,1.4462,24.6435,7.703,0.7093,0.3573,0.3477,3.8154,13.291,0.5296,3.0848,45.9629,29.9763,5.3817,24.0618,0.0787,0.4541,2.6106,12.7498,1.4908,11.1271,0.05,0.0819,1.4611,2.1916
453611592,2.4284,0.6054,1.8097,97.5742,14.7035,24.9508,7.2879,0.8277,2.2967,17.6629,2.5947,0.9833,0.4245,0.5615,0.5682,9.7416,3.2893,2.0039,57.542,39.6343,6.6146,32.4356,0.1304,0.4537,2.6852,14.8007,1.5422,13.0376,0.024,0.1969,0.986,2.3393
453611597,6.159,0.8586,5.2889,93.8521,13.3927,31.5597,5.074,0.4485,1.9636,26.4857,11.1567,0.6859,0.3897,0.2925,3.3376,13.4302,0.289,1.6336,48.0573,30.3626,7.4575,22.1096,0.0725,0.723,2.6559,14.9526,1.7146,13.0708,0.0388,0.1283,1.238,1.6481
453611599,3.5013,0.9589,2.5202,96.497,21.4841,38.563,15.5875,0.5399,1.408,22.9744,8.6133,0.6523,0.2731,0.3793,2.7269,12.1657,0.5053,1.6538,35.3865,24.4869,4.7089,19.3272,0.059,0.3917,2.5424,9.0328,1.1792,7.7781,0.0102,0.0653,0.8618,1.2808
453611600,12.2515,0.59,11.6542,87.7126,9.5484,29.1776,4.8353,0.5277,0.8131,24.3422,6.603,0.7459,0.4653,0.2734,2.8206,10.1312,0.307,7.2818,48.0968,31.389,6.5071,23.8913,0.1463,0.8443,3.0125,14.5132,1.7197,12.5968,0.0264,0.1703,2.1418,1.6957
453611605,9.5929,0.5238,9.0584,90.4329,7.4968,29.9294,10.8761,0.8404,3.5074,19.0533,3.7475,1.2548,0.916,0.3362,1.0271,12.2119,0.5327,2.4705,52.4536,34.921,7.5991,26.8987,0.0943,0.329,2.7533,14.9207,2.0507,12.6832,0.0222,0.1645,1.1899,2.482
453611608,9.3676,1.1783,8.1604,90.6134,18.3912,33.9959,7.0425,0.5747,3.3472,26.9535,15.9553,0.9327,0.4606,0.468,1.6579,6.2024,0.1786,4.5825,37.6557,25.6586,4.8636,20.4948,0.0488,0.2514,2.2069,10.0986,1.2998,8.6987,0.0372,0.0628,0.8012,1.6438
453611625,13.4133,0.4746,12.9351,86.606,12.6794,27.7226,9.1734,1.016,3.9752,18.5492,3.9092,1.6701,1.1873,0.4746,0.9134,10.9296,0.525,3.2422,45.8806,30.1916,5.8789,23.9288,0.0852,0.2987,2.0659,12.4577,1.7498,10.5806,0.0229,0.1044,1.1864,2.3554
453611629,8.8786,0.8323,8.0279,91.1272,18.5053,44.2576,15.9455,0.5468,10.8665,28.3121,10.9081,0.4694,0.1345,0.3349,1.2901,8.4654,1.0007,7.9563,27.3123,17.6914,3.5896,13.645,0.1074,0.3494,1.5204,8.1663,1.0578,6.9604,0.1142,0.0339,0.9562,1.0084
453611467,2.7565,0.9799,1.7683,97.2363,18.6454,25.1113,12.6979,0.4669,3.5107,12.5631,2.4109,0.5131,0.3639,0.1511,0.5506,6.6132,0.6151,2.9095,53.2515,32.1013,5.0128,25.7789,0.4678,0.8418,2.7194,17.4773,2.3729,12.0967,1.8242,1.1835,2.0667,3.0245
453611583,2.1489,0.4791,1.6622,97.8531,26.8282,23.0914,8.5683,0.5321,4.6384,14.5231,2.0919,0.4205,0.2381,0.1823,0.4964,9.9269,0.6948,1.8304,47.2025,37.4342,6.3471,30.5333,0.061,0.4928,3.5625,7.4443,1.4072,5.9524,0.0205,0.0643,1.0626,1.7698
453611587,9.2766,0.5199,8.5226,90.7301,11.1415,30.3009,9.9682,0.5497,2.6755,20.3327,3.6348,0.9536,0.7377,0.2168,0.5881,12.3963,1.2279,3.0641,49.0181,34.0499,7.9604,25.4065,0.1151,0.5679,3.1696,12.0739,2.3705,9.5519,0.0499,0.1017,1.8927,2.3849
453611591,27.2627,2.4106,24.785,72.3336,14.8672,30.1382,10.597,0.376,2.4164,19.4115,3.7981,0.8847,0.5276,0.3571,0.6821,8.8714,1.4006,5.3794,26.7526,17.4483,3.4148,12.8458,0.4591,0.7287,1.4312,7.7914,2.482,4.1814,0.1909,0.9371,3.1408,1.3263
453611595,19.4175,0.9124,18.4955,80.6035,11.2955,31.3096,6.6949,0.4841,2.8516,24.6147,2.3003,0.4484,0.2381,0.2102,0.499,17.4705,1.1427,3.6253,37.2552,30.1773,7.9702,21.7474,0.0741,0.3856,3.3339,5.39,1.3861,3.8756,0.0288,0.0994,1.1514,1.6574
453611614,4.8823,1.3691,3.4948,95.1119,15.1278,41.8495,16.4285,0.4441,2.9772,25.4204,4.2745,0.7406,0.5016,0.2379,0.9549,15.5955,1.1318,4.4439,38.4546,23.694,6.9012,16.4745,0.0655,0.2528,2.0453,12.8544,2.3803,10.2673,0.0437,0.1632,1.5742,1.6868
453611615,22.1603,0.303,21.8491,77.8674,11.2592,26.2964,6.3031,0.3369,4.4034,19.9933,2.1732,0.4046,0.1982,0.207,0.5307,6.2918,0.5094,11.0133,39.5018,31.9044,6.1005,24.6088,0.3908,0.8043,2.5201,5.916,1.308,4.0728,0.1807,0.3545,0.9366,1.7861
453611624,1.6608,0.6956,0.9595,98.3326,25.64,24.2902,9.7359,0.526,3.2934,14.5543,2.1736,0.5099,0.2715,0.2385,0.4637,8.782,1.5166,2.1019,47.8735,27.643,5.0852,21.8367,0.2272,0.4939,2.3187,16.9278,4.497,8.963,1.4384,2.0294,4.3396,2.9993
453611630,3.2931,1.242,2.0401,96.7129,15.8527,29.4922,9.7018,0.6804,5.666,19.7904,3.6146,0.6997,0.4252,0.2711,0.3752,12.3005,1.7989,2.1228,51.0332,28.3169,5.2341,22.1517,0.1828,0.7484,2.543,20.0432,8.6359,9.1175,0.4079,1.882,6.8683,2.1184
453611445,9.9517,1.0528,8.8917,89.8179,15.3728,27.1646,7.8908,0.3408,2.2357,19.2738,3.5181,0.3497,0.0395,0.3094,0.4206,11.5614,0.8923,3.2921,46.7263,30.5984,6.1412,23.2591,0.2924,0.9058,2.7531,14.4643,1.5873,10.8287,1.1129,0.9354,2.2375,1.6339
453611450,1.7236,0.4081,1.3097,98.2861,21.3109,26.9752,11.098,0.5342,3.2582,15.8772,3.5588,0.8783,0.3616,0.5167,1.3766,8.9497,0.5972,2.728,49.2749,35.6389,5.8728,29.202,0.1144,0.4498,2.1734,11.1464,1.4784,9.4684,0.0921,0.1076,0.6447,2.2995
453611457,1.2424,0.4568,0.778,98.7601,13.9058,27.9997,10.8172,0.7774,5.5461,17.1825,2.6444,0.7926,0.4682,0.3206,0.408,10.8635,1.0416,2.5944,55.689,31.8916,4.9645,25.4547,0.3136,1.1588,2.5133,21.8144,9.0464,10.2343,0.503,2.0305,7.5855,1.6504
453611464,12.5444,0.2712,12.2697,87.484,15.0096,34.1074,11.5199,0.4245,3.9676,22.5875,2.2966,0.6298,0.3718,0.2553,0.6687,9.3606,0.548,10.3803,37.9016,27.6358,6.2691,21.2017,0.0541,0.111,2.6871,7.6772,1.4622,6.1692,0.0222,0.0236,0.7262,2.4041
453611469,1.7034,1.174,0.5166,98.4918,22.5903,15.3176,9.8051,0.4647,2.9457,5.5119,1.0743,0.2991,0.081,0.2193,0.3112,2.5499,0.0665,1.8206,59.9434,44.5413,6.2322,37.9405,0.061,0.3076,4.1717,12.3501,1.3861,10.7592,0.0169,0.1879,0.519,2.5602
453611474,2.5872,0.7924,1.7843,97.4101,15.1143,30.5149,9.771,0.6013,6.5173,20.7439,3.5596,0.5185,0.1029,0.4143,0.5978,12.3144,1.3798,3.4143,51.2741,28.6826,6.7891,21.0261,0.1981,0.6694,2.8033,17.0745,4.3479,10.3952,0.7736,1.5577,3.65,3.7695
453611475,27.5871,0.9696,26.603,72.4713,10.4542,37.1783,10.1437,0.443,4.4512,27.0345,4.269,0.2817,0.0965,0.1851,0.7953,16.5378,1.0193,5.1111,24.354,14.9501,3.8627,10.8569,0.1073,0.1232,1.734,7.4156,1.0438,6.2637,0.0908,0.0173,1.1735,1.6029
453611480,4.4974,3.0118,1.472,95.5366,4.1989,75.1662,62.7934,0.502,10.2903,12.6916,4.0904,0.3595,0.1221,0.2374,0.7462,5.6709,0.8683,2.0011,12.6306,7.4752,1.5195,5.7455,0.0475,0.1628,0.5291,4.728,0.3188,4.3413,0.0339,0.0339,0.4477,0.4748
453611483,5.6617,1.1787,4.4613,94.3287,7.6106,15.8244,5.2868,0.1983,1.4142,10.5376,1.7699,0.7029,0.1105,0.59,0.4157,5.9417,0.3424,2.4872,70.3446,50.6236,9.9128,40.3636,0.0685,0.2788,4.1357,14.0124,2.2265,11.6646,0.0192,0.1021,1.3758,4.525
453611448,2.385,2.2871,0.0867,97.5508,13.0308,38.6464,14.5767,0.4288,11.113,24.0697,6.6726,0.4798,0.176,0.2951,1.1468,12.69,0.6002,3.8654,46.0516,30.7105,14.4258,12.7648,0.8305,2.6894,2.9726,9.5248,1.8761,7.1729,0.2707,0.2051,1.5975,4.9996
453611449,4.814,0.7553,4.0376,95.5389,7.3975,57.4504,8.1104,0.7976,3.4658,49.34,15.9173,0.3741,0.2047,0.1694,1.4823,11.3644,0.9388,21.1619,26.11,14.5902,7.9551,5.0469,0.0565,1.5317,1.32,10.4045,1.807,8.3433,0.0706,0.1835,0.7623,0.6494
453611452,2.3316,0.8894,1.4405,97.7586,24.3574,21.9764,4.6619,0.4878,2.0922,17.269,4.2942,0.4098,0.2793,0.1284,0.7983,8.1274,0.4236,4.426,50.4297,29.236,8.0536,17.5721,0.3647,3.2457,1.9027,19.1596,3.5969,13.4913,1.0043,1.0671,1.5051,1.2094
453611455,5.4748,5.3778,0.0714,95.0213,10.945,56.0578,8.1448,0.2882,2.3975,47.913,28.6601,0.2604,0.1091,0.1495,0.827,16.5338,0.7839,1.9292,28.3616,18.5807,7.4951,9.6156,0.1944,1.2755,1.7573,7.5122,2.4141,4.8305,0.0727,0.1949,0.7193,1.9508
453611458,3.1606,0.04,3.1195,96.9032,12.8186,48.3178,5.4948,0.9685,1.6085,42.8231,4.1428,0.3713,0.3081,0.0632,0.5941,10.2885,1.4146,26.9671,34.8745,23.0619,7.573,13.2768,0.2333,1.9787,1.5684,10.7846,1.9608,8.3514,0.0832,0.3892,1.0412,0.9886
453611461,2.6774,0.5032,2.1725,97.3788,12.4264,34.145,10.6288,0.6804,7.1925,23.5162,4.7741,0.363,0.2275,0.1355,1.0311,10.6245,0.4414,7.6506,50.1662,29.1548,9.3284,15.6373,0.3626,3.8266,2.2002,17.6624,3.1721,14.0783,0.1504,0.2616,1.2497,1.6293
453611466,1.6141,0.1208,1.4926,98.4045,21.1851,36.5557,5.7979,0.8739,1.3221,30.8269,7.4093,0.4397,0.3954,0.0419,0.835,6.7999,0.4509,16.1578,39.7032,26.0136,8.672,13.575,0.1235,3.6431,1.6254,11.0221,1.5198,9.1547,0.1119,0.2358,1.1197,0.9477
453611468,1.8752,0.0392,1.8342,98.1667,15.8089,38.3195,5.9568,0.3799,2.4311,32.2867,5.919,0.4195,0.3421,0.0747,0.6252,6.9916,0.6171,18.664,43.9838,26.9906,9.3016,13.733,0.3484,3.6077,2.269,15.488,4.3895,9.6234,0.3106,1.1644,3.0518,1.1509
453611477,1.2968,1.2461,0.0482,98.5359,17.6215,49.771,10.4064,0.7612,6.3694,39.3646,21.4831,0.3107,0.1328,0.1735,2.8498,13.322,1.283,3.0829,30.1943,21.6115,7.5177,9.639,0.4987,3.9562,1.5123,7.3473,1.7792,4.9166,0.2092,0.4423,1.3764,2.4783
453610965,15.0912,0.793,14.2938,85.06,14.8511,43.4564,28.884,0.8657,5.105,14.7548,5.3778,0.3617,0.1927,0.169,1.1488,7.0394,0.1527,2.2027,26.6235,16.7351,3.3218,11.931,0.8019,0.6804,1.3148,7.6042,0.9546,6.0137,0.4343,0.2016,1.6024,2.047
453611005,14.7775,0.5368,14.2387,85.0013,18.3455,35.5019,13.7925,1.4322,5.886,21.8487,3.9723,0.657,0.3661,0.2927,0.5387,11.6442,1.3807,4.902,30.9594,20.2287,3.9828,14.8232,0.3223,1.1003,1.3578,9.0307,2.9635,5.0183,0.3595,0.6894,4.6626,1.2548
453612783,12.4054,0.8959,11.2617,87.8622,6.5386,50.0436,10.1102,0.6878,7.1392,39.9334,13.0535,0.3924,0.1942,0.1982,6.4177,22.0815,1.3121,3.4606,30.9609,18.8944,5.4188,12.2607,0.4519,0.7631,1.6272,9.7633,1.4825,7.7021,0.442,0.1368,1.1991,1.3438
453612796,2.659,1.2472,1.3969,97.5156,4.0708,58.5732,40.2494,0.9778,1.5316,18.7378,9.4787,0.4091,0.1596,0.2494,1.9007,7.6777,0.6635,0.903,34.4076,21.9905,6.1262,14.6969,0.3542,0.8132,2.0404,10.6311,1.337,8.5957,0.5138,0.1846,1.2123,1.0925
453612799,15.8985,0.9558,14.9359,83.6618,7.4934,36.7711,15.6235,0.7028,1.6348,21.1476,5.8959,0.5466,0.1969,0.3463,0.8607,10.1146,0.6791,4.4258,39.2157,26.0997,4.9486,19.8133,0.82,0.5178,1.8521,10.7223,1.1968,8.838,0.5551,0.1324,1.0967,1.752
453612809,34.8526,2.5823,32.2475,65.3817,7.4118,39.5763,15.9155,0.9779,0.5907,23.9391,8.5443,0.4166,0.1806,0.2311,1.8501,8.4239,0.2799,6.6958,18.226,11.1446,2.5482,7.9748,0.2083,0.4133,1.0007,6.0238,0.7176,5.1419,0.1123,0.0521,0.524,0.7957
453612818,1.6865,0.6023,1.0616,98.2382,2.3189,79.3254,62.4831,0.3237,1.694,16.8423,10.6234,0.1506,0.0527,0.0979,1.0089,4.7433,0.4442,1.0917,16.4057,10.2018,3.3579,5.9554,0.3614,0.527,0.9863,5.1875,0.7002,4.2012,0.2485,0.0376,0.5571,0.5195
453612819,8.3125,0.8403,7.4686,91.9048,10.9385,36.1875,12.8364,0.9091,9.5657,23.2352,7.1426,0.9961,0.2318,0.7642,1.0685,9.8084,1.1192,4.9296,44.3696,29.9431,5.4584,22.4709,0.9635,1.0504,2.7201,11.6774,1.7205,8.9246,0.3006,0.7316,2.0138,1.5683
453612821,6.0149,0.6908,5.3161,94.1022,5.9463,40.0364,6.3785,1.1796,3.7366,33.5084,13.4599,0.6867,0.1454,0.5373,1.1917,13.9002,2.0602,4.0154,47.7399,33.7225,5.5585,25.615,1.4381,1.1109,2.86,12.3288,1.0422,10.5676,0.5171,0.202,1.0543,1.0866
453610986,20.0319,1.696,18.3185,80.027,13.0819,30.3309,15.3093,0.4484,2.898,15.0216,3.2193,0.3721,0.2276,0.1459,0.3976,4.8898,0.4591,6.4319,36.4308,23.0236,4.171,17.3065,0.7965,0.7496,1.1097,9.3714,1.178,7.6353,0.3788,0.1794,1.273,2.2983
453611004,21.4705,1.1234,20.3429,78.2476,14.506,31.0176,14.0168,1.0695,6.4927,17.0854,3.2459,0.3731,0.1807,0.1915,0.5124,8.4809,0.9659,4.3735,32.5996,19.8388,3.1705,14.7531,0.9095,1.0057,1.5736,10.8604,2.246,6.923,0.6906,1.0007,2.8447,1.3689
453611373,29.9221,2.2722,27.6248,70.3686,8.9058,43.0315,20.8835,1.0918,1.4577,22.3545,6.1157,0.5356,0.3025,0.2316,1.3087,12.2418,0.4721,3.603,18.3383,11.8006,2.3356,8.8704,0.2892,0.3054,0.8189,4.5222,0.5194,3.7535,0.1962,0.0531,0.6743,1.2645
453612790,7.5327,0.6123,6.918,92.4841,9.1127,34.1602,19.7647,0.9293,12.2128,14.5516,4.4975,0.3074,0.1177,0.1897,0.5379,6.0223,1.0998,2.9247,48.875,28.9783,4.6704,22.759,0.7516,0.7972,2.4301,16.5158,3.112,11.4564,0.5403,1.4071,2.6654,1.8442
453612806,2.6338,0.8725,1.7532,97.2398,2.8091,44.7344,28.0099,0.6075,2.9478,16.7244,4.7009,0.265,0.0897,0.1753,0.7869,8.7495,0.9704,2.2832,49.3334,32.5315,9.5324,21.2174,0.5912,1.1905,2.6868,14.1395,1.904,11.4649,0.5423,0.2283,0.9377,1.6676
453612807,5.9461,0.701,5.2411,93.8909,4.9191,48.2007,23.8986,0.9414,5.0699,24.6363,6.3129,0.3301,0.1019,0.2282,0.8151,13.8566,1.0433,3.2563,40.4776,25.1375,4.4382,19.383,0.6317,0.6847,2.2171,12.9682,1.5528,10.5962,0.4646,0.3546,1.7443,1.3653
453612808,40.458,2.8455,37.5865,60.1586,3.6582,41.133,13.1762,0.6984,1.3838,28.1594,7.6941,0.4505,0.1752,0.2739,1.8563,15.5388,0.9178,3.9606,15.2441,9.4206,2.0926,6.8477,0.1869,0.2934,0.801,4.3968,0.4647,3.7867,0.1013,0.0441,0.5245,1.0463
453612820,3.4853,0.5936,2.8882,96.7571,7.1915,38.0673,17.376,0.5899,2.2041,20.6913,6.9707,0.7275,0.2787,0.4488,1.2197,9.6526,0.5139,3.5469,51.0532,33.3044,8.013,23.8907,0.4452,0.9555,2.519,12.7904,1.6323,10.76,0.2895,0.1086,1.2161,2.443
453612826,15.5243,0.6909,14.776,84.1061,2.5778,60.3549,11.9732,0.5624,3.0369,48.3794,9.4114,0.3742,0.1699,0.2043,3.3606,33.4542,2.2358,3.3422,21.0036,13.3344,4.4371,8.0502,0.2938,0.5532,1.2166,6.2184,1.2419,4.5359,0.342,0.0987,1.3681,0.9939
453611343,21.2557,0.2334,21.0199,78.6658,16.935,31.7136,19.3675,0.8052,8.8528,12.1936,2.9143,0.4567,0.2995,0.1565,0.4275,6.6641,1.408,1.1773,29.7035,22.0951,2.8136,18.3218,0.5373,0.4224,1.6108,7.0177,0.5312,6.0308,0.3674,0.0883,1.4063,0.7908
453611347,18.0905,0.2184,17.8688,81.9066,17.5203,34.3127,16.4232,0.6209,7.7963,17.8895,4.089,0.7153,0.4743,0.2405,1.1212,11.1035,1.3058,1.408,29.7194,21.013,2.9727,16.4955,0.9732,0.5717,1.623,7.0844,0.697,5.8364,0.4343,0.1167,1.0339,1.6948
453611356,31.1143,0.7955,30.3129,68.8534,20.8862,24.8082,12.5549,0.6203,3.2843,12.104,3.646,0.589,0.3766,0.2124,0.9458,7.1213,0.2437,1.0483,22.903,15.3197,2.4959,11.7843,0.5673,0.4723,1.1304,6.2579,0.5657,5.4643,0.1506,0.0773,0.9678,1.3434
453611357,20.697,0.2411,20.4513,79.1653,7.7228,41.2474,28.7575,0.8533,11.6676,12.7647,3.4277,0.3929,0.2233,0.1696,0.496,5.9845,1.0067,2.286,29.9853,21.423,3.7369,16.3028,0.6251,0.7582,1.5686,7.7461,0.5892,6.8468,0.2101,0.1,1.3487,0.7024
453611384,27.4154,0.2447,27.1681,72.5704,19.4393,33.3701,19.0305,0.7725,4.765,14.1714,3.0517,0.5062,0.344,0.1623,0.5304,8.8413,0.6366,1.5945,19.5294,13.5289,1.862,10.7948,0.3341,0.5381,1.0066,5.1815,0.559,4.3052,0.2165,0.1007,1.4213,0.5557
453611387,19.0601,0.3362,18.7204,80.9289,12.8093,38.7555,21.6381,0.4529,12.2992,17.1174,4.5956,0.2767,0.1809,0.0952,1.3747,11.6544,0.2783,0.561,29.0254,17.7572,3.4951,13.369,0.4627,0.4304,1.473,8.7121,0.9838,7.1587,0.4658,0.1037,1.6846,2.0103
453611442,4.4367,0.7568,3.6479,95.5621,7.6903,44.5252,14.7758,0.6996,4.3281,29.7494,3.8514,0.4538,0.2126,0.2366,1.046,17.8945,1.2255,6.706,42.5498,23.7385,7.3896,15.4503,0.1292,0.7694,2.1549,15.392,3.2032,11.8904,0.0972,0.2012,3.5679,2.4819
453611444,1.6492,0.5741,1.066,98.3798,6.3866,19.0988,4.6399,0.1462,1.0401,14.4589,1.2517,0.3289,0.064,0.268,0.0883,7.7982,3.3821,2.0086,72.4969,51.5098,9.1626,41.6742,0.064,0.6091,4.7298,18.5643,1.6675,16.8512,0.0122,0.0335,1.4086,1.6842
453611446,3.1165,0.6976,2.399,96.8906,7.8592,44.6855,12.6913,0.419,4.0643,31.9942,3.3228,0.7444,0.4346,0.3098,0.8663,22.0308,3.7495,2.8052,43.632,28.1532,6.8164,20.9107,0.0688,0.3573,2.499,13.0649,1.1747,11.7406,0.0801,0.0695,1.2335,2.0595
453611453,0.6777,0.5727,0.1006,99.3325,23.0511,19.5197,12.2357,0.572,1.3262,7.4025,2.1738,0.1914,0.0481,0.1422,0.5887,4.7555,0.1538,0.3146,56.018,30.9327,7.272,23.1547,0.0492,0.4568,2.6051,21.6214,3.0068,13.2637,3.2197,2.1311,2.3142,2.6167
453611456,7.9716,0.8103,7.1485,92.0537,15.1916,28.9966,5.8432,0.5246,1.7186,23.1534,9.5626,0.3834,0.1766,0.2065,1.4528,11.5136,0.4324,1.6394,47.3343,16.6237,3.5687,12.6904,0.0675,0.2971,1.3156,26.93,15.0983,8.2987,0.5216,3.0114,13.3459,3.2726
453611459,30.9195,1.6163,29.276,69.356,12.6648,21.4322,5.621,0.2203,2.1581,15.8112,1.6478,0.5116,0.2396,0.2664,0.3319,10.0364,0.7918,3.3327,34.6883,22.7149,3.9982,18.5607,0.0259,0.1302,2.1206,10.0118,0.9254,8.9963,0.0246,0.0655,0.5608,1.4663
453611476,17.3857,1.0856,16.2693,82.688,9.7224,25.4644,8.8614,0.3605,1.8843,16.6029,3.1935,0.3018,0.1359,0.1658,1.217,7.6334,0.6558,5.0923,46.9504,25.2298,3.9136,20.9846,0.1115,0.2201,1.7837,18.4678,4.0176,11.7472,0.9959,1.7071,2.9719,2.6831
453611484,36.4984,1.6067,34.8294,63.3117,9.2263,20.9179,8.845,0.3544,1.9721,12.2188,1.9086,0.1852,0.0849,0.1003,0.4602,5.7347,0.7226,3.7994,32.626,16.9666,3.5183,12.5188,0.2541,0.6753,1.3308,12.7774,1.7891,8.3507,1.488,1.1495,1.8748,2.0298
453611485,6.9385,0.6281,6.2781,93.067,11.2445,13.5292,8.3873,0.4028,3.2012,5.1419,1.5268,0.2438,0.169,0.0748,0.1667,1.6772,0.187,1.7806,66.5609,27.359,4.4102,21.4595,0.3149,1.1745,2.0224,32.9098,14.5013,11.3812,1.5302,5.497,8.0048,3.3362
453611439,24.3448,1.0373,23.2608,75.6405,6.8103,31.5939,5.3886,0.2656,3.3123,26.2053,2.1459,0.1607,0.021,0.1387,0.6525,16.7301,3.8051,3.3413,36.6919,24.0678,5.5725,18.0388,0.1203,0.3362,1.7843,10.8968,1.1425,9.6381,0.0732,0.043,1.4235,1.3426
453611443,19.7706,2.0191,17.6057,80.2254,19.6908,18.5626,10.1781,0.4681,3.3046,8.3846,1.5668,0.1617,0.0233,0.1384,0.3053,3.1658,0.4537,3.1421,41.3354,27.5253,3.7491,23.2948,0.0521,0.4294,1.9906,11.1147,1.1781,9.6963,0.1023,0.1381,0.7845,1.7905
453611451,35.2053,2.5103,32.5817,64.9986,11.9657,19.9195,7.81,0.3405,1.8983,12.2148,1.9729,0.2003,0.0477,0.1527,0.428,6.225,0.3665,3.6443,32.6194,24.0057,4.0884,19.7139,0.0537,0.1496,1.67,7.3409,0.9675,6.3535,0.0075,0.0125,0.917,0.8857
453611454,18.2655,1.018,17.1581,81.259,6.388,32.4938,9.4414,0.2297,1.8377,23.0525,4.9022,0.1934,0.0314,0.162,0.5942,13.5462,0.7611,3.7334,41.9366,29.1933,4.0099,24.9789,0.0482,0.1564,1.9871,11.0291,0.9712,10.0195,0.0293,0.0091,1.3832,0.8916
453611463,27.3252,1.058,26.23,72.683,16.0788,20.9455,8.8374,0.2407,4.3279,12.2101,1.7822,0.2426,0.066,0.1751,0.3067,6.3709,0.8253,3.2006,35.1265,27.353,4.0135,23.1933,0.0421,0.1042,2.1545,5.9943,0.6746,5.2882,0.0168,0.0147,0.7369,1.0841
453611465,23.1727,0.9845,22.1468,76.8243,14.915,23.0785,4.8878,0.3428,2.4054,18.2815,2.6318,0.1553,0.0333,0.1221,0.4342,10.758,0.929,3.9576,38.3321,24.347,3.2804,20.725,0.0915,0.2501,1.709,11.8082,1.6485,10.059,0.0417,0.0591,1.5609,1.6047
453611478,12.1592,0.649,11.459,87.5328,9.4733,26.7424,7.4646,0.2607,2.9917,19.2778,3.7386,0.2112,0.0352,0.1744,0.5126,11.4298,1.1551,2.9284,50.8495,33.9589,4.8998,28.8067,0.0578,0.1947,2.5951,13.811,1.4851,12.1922,0.1139,0.0198,1.2475,1.6727
453611482,33.7273,2.7626,30.8832,65.713,13.655,19.5755,5.9551,0.3379,2.0283,13.5284,2.1998,0.1925,0.0492,0.1433,0.4038,5.8317,0.3253,5.18,32.0704,21.6948,3.4551,17.8966,0.0565,0.2866,1.635,7.9865,0.9111,7.0335,0.0209,0.0209,0.75,0.9456
453611486,33.8103,1.2562,32.4847,66.2007,6.3368,19.7006,9.8276,0.239,6.0596,9.8727,2.1391,0.1871,0.0404,0.1462,0.2867,4.4671,0.2992,2.9588,39.8147,28.6091,4.0823,24.3176,0.0564,0.1528,2.0776,9.3666,1.1754,8.142,0.0354,0.0138,1.1167,1.0843
453611440,19.7515,0.6951,19.0385,80.2314,12.0204,26.6238,8.9591,0.3594,1.9878,17.6645,4.2428,0.6188,0.3875,0.2313,1.2007,10.8726,0.7885,1.7193,40.8274,25.5297,4.1117,21.1128,0.0815,0.2236,1.9732,13.3779,2.5508,10.3859,0.1358,0.3054,2.6342,1.4431
453611441,30.7514,2.4928,28.1605,68.2845,13.5403,28.2847,12.4555,0.5032,3.6707,15.8284,3.5656,0.3148,0.127,0.1877,0.2992,8.7065,0.3663,3.1809,25.8152,19.202,3.0588,15.9505,0.0198,0.1729,1.4666,5.1599,0.9916,4.0716,0.0184,0.0783,0.566,0.8236
453611447,17.9899,0.6648,17.3142,81.8114,11.4564,27.2459,10.0222,0.3498,2.2411,17.3396,3.8931,0.6925,0.3658,0.3267,1.3815,11.2347,0.5293,1.6829,42.5946,23.0471,4.8155,17.8209,0.0433,0.3673,1.8753,17.5133,4.5782,12.0158,0.2108,0.7085,3.6784,1.3706
453611460,15.4192,0.6296,14.7805,84.5417,12.0871,24.5595,8.1254,0.4123,3.0956,16.319,2.5183,0.4435,0.1708,0.2752,0.5607,10.5322,0.7489,2.5573,47.3521,36.391,6.0489,30.0271,0.0423,0.2727,3.0129,8.6794,1.6025,7.0041,0.0373,0.0355,0.8423,1.6203
453611470,13.6146,0.542,13.0376,86.3926,6.7432,36.0242,16.4394,0.4053,6.9646,18.9787,4.2813,0.3726,0.0859,0.2843,1.6114,12.6021,0.5444,1.4578,42.8533,24.3138,5.6193,18.4755,0.0544,0.1645,2.2453,16.2314,1.9066,14.2764,0.0327,0.0157,1.0815,1.286
453611471,14.8765,0.6574,14.1918,84.9883,7.811,36.0854,9.3231,0.3101,3.8181,26.7599,3.7027,0.1526,0.0335,0.1191,0.8088,19.3706,1.2392,2.4945,40.066,30.7689,5.5968,24.7739,0.0906,0.3076,2.5144,7.3707,1.4327,5.8598,0.0459,0.0323,0.9539,0.939
453611472,30.048,1.994,27.9633,70.4166,5.2855,35.5124,17.6836,0.2712,6.7234,17.8288,4.3956,0.2223,0.1324,0.0899,1.8127,11.4496,0.252,1.718,29.0361,19.0982,6.9545,12.0065,0.0217,0.1155,1.3176,8.2336,1.4122,6.7924,0.0144,0.0144,0.4879,0.7864
453611473,2.6143,0.7902,1.8151,97.4234,14.4475,33.2061,16.9955,0.482,0.6325,16.2106,5.2554,0.7006,0.1774,0.5232,2.6268,9.9626,0.2222,0.7705,49.191,24.2649,6.5115,17.3843,0.0305,0.3387,1.6969,22.2133,2.7039,17.0134,1.3349,1.1611,1.7291,1.6109
453611479,11.1558,0.6438,10.4792,88.5619,15.6726,21.5628,10.0965,0.3378,0.1104,11.365,2.9111,0.5319,0.2753,0.2455,0.8954,4.8456,0.0761,3.5504,50.4825,27.9017,3.3119,23.8492,0.3776,0.363,2.3177,19.8799,3.1803,13.8087,1.3844,1.5065,2.9726,1.7666
453610976,14.6525,1.4817,13.1433,85.6172,11.6734,33.6081,11.8684,0.8933,3.4845,21.7397,6.3121,0.5309,0.1536,0.3772,2.3536,8.7983,0.8781,5.8284,39.902,17.5514,4.5345,11.3813,0.3193,1.3163,0.9253,17.8873,5.796,9.4404,1.4737,1.1771,4.4491,3.6864
453610989,40.0366,2.2874,37.7091,58.2093,13.9782,20.1952,4.8925,0.3683,0.0654,15.3693,1.7055,0.1552,0.0636,0.0927,0.2214,7.5384,0.8984,5.2196,23.6773,12.829,2.7686,9.3847,0.1137,0.5621,0.9707,9.4446,2.5385,5.2852,0.6793,0.9416,1.7205,1.0317
453611481,18.051,1.2865,16.6588,81.9591,13.1869,37.0949,12.0362,0.2516,8.3646,25.2717,4.948,0.3371,0.104,0.2298,0.5736,13.9735,2.2459,3.9634,30.8454,25.7531,8.6682,16.7142,0.047,0.3237,2.3381,2.9822,0.4797,2.427,0.0503,0.0252,1.0013,1.7628
453612186,5.6182,3.8003,1.7199,93.3757,12.4959,29.8496,15.4081,0.669,2.1549,14.4408,5.0476,1.0321,0.7494,0.2801,0.8746,8.481,0.2853,0.6237,50.752,29.648,6.6107,22.507,0.0791,0.4512,3.3718,17.8217,1.6065,16.1044,0.0985,0.0123,0.7682,1.3815
453612195,30.9204,1.672,29.1892,68.2271,16.2753,28.7645,8.9249,0.3447,4.8436,19.9332,3.5088,0.3256,0.0953,0.2291,0.5178,6.2011,0.657,9.5256,22.8368,18.7849,3.1161,15.5126,0.0265,0.1297,1.6256,2.2321,0.5825,1.621,0.0112,0.0174,0.7917,1.4474
453612197,13.8786,1.0221,12.8112,86.1338,25.4817,28.6035,8.7071,0.3075,3.743,19.8964,3.1294,0.4647,0.14,0.3247,0.5176,10.5557,2.4752,3.6538,31.4988,26.9588,4.4994,22.2816,0.0419,0.1359,1.9741,2.7532,0.5251,2.2,0.0124,0.0158,0.6974,1.2342
453612201,21.1514,1.5325,19.5904,78.6319,12.6444,25.4524,7.6194,0.5749,2.4301,16.487,1.6373,0.3046,0.0938,0.2109,0.3099,10.947,0.6675,3.2671,39.9782,25.3488,4.0954,20.9994,0.0891,0.1648,2.0992,12.3153,1.0345,11.2202,0.0489,0.0116,0.7217,1.3414
453612202,19.9665,1.6902,18.213,80.2465,12.3284,36.8459,9.6016,0.583,1.5912,27.2442,7.825,0.6277,0.3611,0.2666,2.2502,16.3507,0.8332,2.169,30.4319,19.5972,5.8183,13.4192,0.0499,0.3098,1.5101,8.8861,1.8198,6.9724,0.032,0.0618,2.4207,1.0886
453612204,16.7845,1.0869,15.6129,83.2397,7.8996,46.121,20.3875,0.7395,5.1111,25.9719,7.4337,0.5035,0.2469,0.2566,2.9168,14.3312,0.8049,3.4615,28.591,17.8338,5.7114,11.9433,0.0351,0.144,1.2321,9.0264,0.8206,8.1792,0.0242,0.0024,1.1861,1.059
453610963,10.8072,1.0093,9.772,89.2219,15.9264,22.843,10.3446,0.3827,3.4501,12.5762,3.5482,0.2656,0.0736,0.192,1.6926,7.0112,0.4829,1.8661,49.7943,24.1397,5.2625,18.2898,0.1276,0.4598,1.8559,21.8744,9.9591,8.9646,0.9062,2.0445,5.8296,2.8904
453610964,34.0418,0.3933,33.6371,65.9271,13.416,29.8407,4.0683,0.5109,2.1908,25.7105,1.7702,0.1682,0.0212,0.1462,0.2754,13.8791,1.8028,8.1681,22.3878,14.4916,3.7043,10.3985,0.0584,0.3303,1.408,6.7218,1.2338,5.385,0.0361,0.0669,0.7244,0.7028
453610970,9.9551,1.5517,8.2975,90.0366,9.8196,28.2389,10.3375,0.6182,2.2846,17.9013,5.7965,0.4395,0.1731,0.2664,2.6817,10.5911,0.682,0.8187,50.8125,23.9974,5.9472,17.1407,0.0854,0.824,2.0573,23.9528,12.7397,8.3697,0.2068,2.6366,8.6805,1.733
453612187,6.23,1.8039,4.4113,93.8009,8.3305,26.2984,10.1997,0.4291,0.8802,16.0975,4.4404,0.6805,0.2918,0.3845,1.6458,11.0841,0.2645,0.2455,57.9358,36.8446,8.9747,27.3854,0.0844,0.4,3.5804,18.6722,2.3126,16.3275,0.0053,0.0267,1.4294,1.6767
453612190,10.5209,1.6318,8.885,89.4842,14.2436,35.5545,15.5665,0.786,2.9874,19.9877,3.8425,0.8505,0.4873,0.3561,1.4195,10.8392,1.5357,3.699,39.0817,25.2195,6.324,18.5465,0.0294,0.3196,2.5085,11.3121,0.8971,10.3249,0.0359,0.0542,1.2425,1.3961
453612193,0.0,0.0,0.0,100.0,0.0,100.0,20.0,0.0,20.0,80.0,0.0,0.0,0.0,0.0,0.0,40.0,20.0,0.0,0.0,0.0,0.0,0.0,0.0,0.0,0.0,0.0,0.0,0.0,0.0,0.0,0.0,0.0
453612194,9.0,1.678,7.313,91.032,6.9051,23.0071,10.3122,0.5103,1.6511,11.8124,3.3227,0.5858,0.3121,0.2737,1.3467,7.776,0.2034,0.4873,60.3576,37.1702,7.0445,29.4492,0.234,0.4425,3.7588,19.4017,2.5451,16.6647,0.1266,0.0652,1.1063,1.7445
453612196,13.0655,0.7529,12.2906,86.9663,13.4897,22.6324,8.5521,0.5629,2.6111,14.2597,2.5573,0.31,0.0914,0.2137,1.3818,8.9322,0.372,2.4252,50.3035,31.3402,6.795,24.0264,0.1346,0.3842,2.8648,15.4801,2.7213,12.1119,0.2366,0.4103,2.1437,2.0899
453612203,6.4429,0.6943,5.7289,93.5734,19.298,24.6156,11.8562,0.3741,7.41,12.5787,1.3743,0.5051,0.2224,0.2793,0.2784,7.3609,1.1278,2.6847,49.0977,25.9058,6.4882,18.7344,0.228,0.4551,1.7255,21.4527,2.6594,12.1395,2.3173,4.3364,3.1185,1.8153
453610967,30.3645,1.1202,29.2149,69.2566,16.8955,15.8716,3.417,0.2544,0.5534,12.5036,2.0762,0.2535,0.0893,0.1642,0.8012,8.2451,0.4029,1.7589,35.8038,19.4014,2.8473,16.3496,0.0549,0.1496,1.7681,13.43,2.6096,8.5285,1.2364,1.0554,1.9726,2.0781
453610972,16.5122,1.0212,15.4655,83.6666,17.8127,23.6375,10.8636,0.2746,6.0332,12.7733,1.96,0.6248,0.36,0.2631,0.2382,6.5463,0.9279,3.3137,41.7056,21.3752,5.5987,15.3012,0.0928,0.3825,1.4371,18.2789,3.3495,11.1103,1.5647,2.2544,2.8408,1.5871
453610995,17.7324,0.583,17.1264,82.2746,11.1092,34.3123,5.8627,0.6705,0.1245,28.4496,2.9183,0.567,0.1858,0.3742,1.0204,10.7056,1.0109,13.8065,36.3206,28.092,5.0639,22.7529,0.0351,0.2401,2.2605,5.9751,0.8174,5.1245,0.0102,0.023,0.5996,1.6073
453612166,35.656,1.4104,34.2002,63.9954,8.685,19.4408,7.1098,0.9588,0.9602,12.3311,3.4067,0.5276,0.2801,0.2482,1.3704,6.1584,0.1831,2.5869,35.1841,24.0729,5.6519,18.2027,0.0292,0.1892,1.7854,8.5663,1.3806,7.1308,0.0176,0.0373,0.8307,2.039
453612189,19.807,1.3163,18.461,79.5778,9.1966,25.0468,9.1307,0.804,3.8196,15.8447,2.9622,0.5321,0.2078,0.3207,1.1067,7.8758,0.1997,4.8187,44.8619,29.3524,7.6545,21.5298,0.0352,0.1328,2.1609,11.7704,1.5331,10.156,0.0397,0.0416,0.7787,2.8547
453612198,21.6655,1.275,20.3629,78.3558,7.9617,28.3294,9.2896,0.4858,3.4133,17.9086,2.4875,0.5158,0.154,0.3657,0.8239,10.9042,0.6872,3.8501,41.3396,26.289,6.5667,19.4719,0.0537,0.1967,2.1802,11.8387,1.5712,10.1799,0.0371,0.0506,0.9898,2.3319
453612199,12.5456,0.7447,11.7896,87.465,10.0722,29.7504,8.6598,0.4452,3.9211,21.0906,4.8414,0.2197,0.1108,0.1089,3.739,14.926,0.3727,1.0183,46.7964,24.5942,5.3354,18.9998,0.0729,0.1862,2.8479,18.042,3.7361,13.9879,0.1224,0.1956,2.9797,2.614
453612205,23.3441,1.799,21.4897,76.2403,10.2328,26.6165,12.1244,0.5133,3.0795,14.5912,3.7615,0.9125,0.5964,0.3161,0.925,7.6684,0.3148,2.8166,38.8114,21.9434,5.1363,16.4823,0.0709,0.2539,2.4745,13.9377,1.514,12.3169,0.0878,0.019,0.7226,1.0029
453612206,19.746,0.5933,19.1369,79.9834,14.6974,19.5108,4.9234,0.2965,1.2684,14.5874,2.709,0.3126,0.1891,0.1242,1.3882,10.2667,0.3624,1.2727,45.0749,24.9568,5.5042,19.1429,0.0488,0.2608,2.4832,17.0043,4.1665,11.0673,0.6434,1.127,2.498,1.963
453610966,38.304,1.4799,36.7552,61.5269,9.4373,25.8341,4.5843,0.3386,0.0453,21.1718,4.6137,0.7503,0.3992,0.3501,1.4491,8.5878,0.5688,7.3944,25.9844,19.5864,4.9045,14.2951,0.0212,0.3655,1.3157,4.6122,0.6579,3.9293,0.0082,0.0169,0.8664,1.0768
453610971,36.9665,0.4684,36.4701,60.8171,5.4444,37.8021,6.344,0.2298,1.3169,31.4581,3.572,0.7907,0.6267,0.164,0.7649,14.359,1.1556,13.0866,17.203,12.9022,4.7609,7.7409,0.0253,0.3751,1.3498,2.7551,0.6698,2.0644,0.0044,0.0164,0.5684,0.7009
453610992,7.6965,0.6345,7.042,92.3221,16.6368,21.1272,7.5742,0.4874,4.6704,13.624,1.962,0.6207,0.3136,0.3017,0.3871,4.5072,0.5356,6.5687,54.0679,30.9635,5.0811,24.499,0.8249,0.5584,1.6456,19.3424,2.9115,13.4758,1.9398,1.0154,2.8641,2.1392
453612161,28.3891,1.347,26.9892,71.455,10.9995,22.8607,4.2358,0.3337,0.041,18.5617,4.6613,1.4332,0.9555,0.4761,1.4653,9.9458,0.3947,3.5364,37.1245,28.2994,5.0424,23.034,0.0241,0.199,1.667,6.6282,0.7776,5.8305,0.0078,0.0123,0.5835,1.4484
453612167,24.1705,1.3851,22.7298,76.0771,7.8931,25.0815,8.9487,0.421,0.4339,16.2313,4.2592,0.662,0.4826,0.1747,1.7021,7.7208,0.3738,3.8641,42.16,30.1249,9.0904,20.7316,0.0448,0.2582,2.7782,8.8088,2.2029,6.5032,0.0582,0.0445,0.6673,1.9249
453612169,19.2463,0.9631,18.2492,80.7544,4.0952,33.2457,10.8106,0.2145,1.1441,22.5797,4.8266,0.6085,0.4399,0.1655,1.8292,14.3256,0.5616,2.7999,42.7225,31.5785,9.6369,21.6197,0.0526,0.2694,2.8074,8.3617,1.6114,6.7209,0.0186,0.0109,0.7659,1.4189
453612179,23.4987,0.9544,22.5086,75.8175,7.3958,32.2418,7.9614,0.5881,2.9034,24.041,2.2837,0.2289,0.0616,0.1674,0.3813,12.8178,0.4233,8.4485,35.7018,23.8488,6.0143,17.5884,0.0492,0.197,2.2729,9.5594,1.0906,8.4147,0.0315,0.0225,0.8655,1.3646
453612188,15.8058,0.7978,14.987,84.1932,13.2568,36.7623,8.497,0.6752,2.9479,28.2653,5.4489,1.2583,0.8283,0.4299,0.3614,16.9319,1.7888,4.0125,33.6502,20.3519,8.1597,11.8258,0.0766,0.2898,2.7698,10.6406,2.3984,8.2142,0.01,0.018,1.044,1.1662
453612192,8.0653,0.7745,7.2719,91.966,16.0029,21.8937,7.5055,0.4538,4.0985,14.3882,1.9862,0.4053,0.1739,0.2314,0.4295,6.0813,0.6092,5.7318,53.4043,34.0818,6.7202,26.9669,0.0951,0.2997,2.2776,16.0355,2.7116,12.5028,0.4573,0.3638,2.0545,1.9511
453610959,13.4209,0.9475,12.4859,86.1658,24.902,25.1647,8.1474,0.7962,4.1274,16.8102,2.0088,0.4949,0.0926,0.4016,0.3742,8.029,0.6824,6.0657,35.4465,17.9405,7.4948,8.8181,0.2541,1.3735,1.8598,15.105,3.4576,7.8517,0.8942,2.9014,2.1712,1.244
453610975,2.6443,0.7426,1.8694,97.3759,15.582,32.7169,17.0225,0.6475,10.6965,15.6945,3.4248,0.7027,0.1278,0.5733,0.3987,6.2183,2.9084,3.1297,47.7695,24.661,6.0514,16.8979,0.3951,1.3167,1.2518,19.0878,5.7921,9.3169,2.2524,1.7263,2.51,4.1767
453610993,5.3115,0.8853,4.4014,93.9377,32.1757,23.9335,5.5537,0.6333,2.707,18.4552,2.1314,0.3419,0.0518,0.2868,0.4233,10.2254,0.4909,5.5885,36.9702,24.005,7.6963,15.6781,0.0466,0.584,2.7227,11.0031,1.6537,9.1873,0.0164,0.1457,0.6569,1.0421
453612159,2.5113,0.316,2.192,97.5286,10.9367,41.3152,14.6454,0.8382,2.5546,26.6698,6.4961,1.4768,0.8881,0.6054,1.0311,15.9127,0.6852,3.4826,44.1358,26.9292,11.6618,14.0866,0.2495,0.9313,3.7653,13.1786,3.1267,9.9055,0.0466,0.0998,1.0611,1.2108
453612160,14.8743,0.4544,14.4076,85.1253,21.378,19.7091,7.3575,0.5369,3.3267,12.3453,2.2137,0.4061,0.2179,0.1882,0.1543,5.9816,0.7449,3.3692,43.5166,21.2472,7.8635,12.5715,0.1312,0.6809,2.6165,20.0219,9.7441,8.5539,0.1799,1.5439,3.7064,1.2422
453612171,4.3478,1.1252,3.2027,95.6889,18.5772,24.987,7.7372,0.5414,3.0659,17.392,1.9196,0.3386,0.1093,0.229,0.4918,10.6783,0.4662,4.3614,51.5917,33.3932,10.1274,22.5045,0.0944,0.6668,3.9956,15.5713,2.0068,13.3601,0.0256,0.1788,0.8387,1.7778
453612173,4.8342,0.9959,3.8347,95.2265,19.5729,27.1273,11.1715,0.411,8.3167,15.9558,2.8281,0.543,0.2265,0.3165,0.6125,9.178,1.2616,2.7372,47.7488,32.854,6.5077,25.674,0.1409,0.5314,2.3244,11.3632,2.3119,8.6929,0.082,0.2764,1.1608,2.1113
453612183,5.8358,0.7635,5.054,93.9982,15.6465,29.4039,11.4144,0.3794,7.4257,18.1262,2.3068,0.2813,0.0806,0.199,0.7445,11.0318,0.48,4.3759,48.3026,31.6168,8.7825,22.0168,0.2024,0.6152,3.9954,15.5997,2.5079,13.0341,0.0257,0.0319,0.4703,1.1112
453612185,2.9412,0.8717,2.048,96.9045,12.8874,32.1313,9.9875,0.5031,4.8332,22.1438,3.3823,0.4435,0.1477,0.2958,1.6098,14.3511,1.4472,2.9718,51.1973,34.7213,7.5461,26.6936,0.0952,0.3864,2.7513,12.5948,1.5623,10.9594,0.0314,0.0418,0.4704,2.1249
453610980,5.1216,0.0798,5.0391,94.9043,14.633,58.923,9.9424,0.5459,0.1928,48.9806,6.6274,0.5667,0.5661,0.0007,2.3929,7.4793,0.2769,34.6199,21.1233,10.6774,2.7721,6.8397,0.2189,0.8466,1.3733,8.7721,2.6009,4.8738,0.5608,0.7367,0.2527,0.9553
453610987,36.5755,1.6051,34.9347,62.9804,14.6038,34.0872,15.2816,0.3364,1.1636,18.9892,3.8624,0.5303,0.525,0.0053,0.5876,6.8707,0.4053,7.7696,14.1153,9.4568,2.1881,6.8485,0.0958,0.3245,0.8624,3.7414,0.6927,2.9981,0.0341,0.0166,0.1425,0.4398
453611003,27.5985,2.2476,25.3258,71.6344,12.8933,34.9978,7.3168,0.4845,0.0688,27.6809,6.2899,0.4442,0.4424,0.0018,2.6907,15.2754,0.5651,5.5268,23.4839,17.1692,3.9023,12.4689,0.2919,0.5061,1.5654,4.2273,0.7555,3.254,0.1069,0.1109,0.3344,1.2832
453612162,32.188,2.8995,29.2436,67.6814,9.3513,47.9096,16.3092,1.3528,0.1734,31.8676,8.5474,0.5264,0.5244,0.002,1.6956,13.8791,0.7121,8.6902,9.586,5.9356,1.7017,4.0176,0.0694,0.1469,0.755,2.3547,0.6346,1.6017,0.0673,0.051,0.0469,0.5285
453612163,25.976,1.3329,24.6295,73.6487,7.1227,29.0304,6.3715,0.1984,2.3775,22.5264,4.1857,0.2589,0.2576,0.0013,0.8104,10.929,0.9111,6.5683,37.1455,24.2732,4.3958,19.2618,0.288,0.3275,1.674,11.2407,2.4509,8.5373,0.1506,0.1019,0.4212,1.1183
453612168,26.4968,1.9502,24.5268,72.98,11.4207,30.9788,9.7034,0.2835,2.0953,21.4681,4.3651,0.4835,0.483,0.0005,0.6673,11.086,0.8761,5.0224,30.3398,20.627,3.1542,16.7496,0.353,0.3702,1.4923,8.1542,1.0552,6.7758,0.2183,0.1049,0.3879,1.1712
453612174,5.2149,0.6586,4.5496,94.3299,11.8183,36.9431,15.5994,0.6319,2.2878,21.4729,6.0369,0.3237,0.3215,0.0022,1.6841,10.4684,0.2332,4.73,44.8319,22.4575,5.6456,16.0457,0.2577,0.5086,2.4601,17.9451,5.7094,11.1567,0.5569,0.522,0.046,2.2766
453612176,29.7459,6.884,22.822,70.6194,4.7821,36.6502,12.7133,0.504,0.0731,24.1155,8.0556,0.573,0.4749,0.0007,2.2365,12.7478,0.3051,2.9177,28.7948,20.0451,5.9741,13.5636,0.2462,0.2611,1.7778,7.4421,1.2251,5.9917,0.1854,0.0399,0.0649,0.8679
453612180,9.8865,0.5721,9.3082,90.3996,7.6241,32.5705,11.7831,0.7516,0.7542,20.9869,6.2561,0.3103,0.308,0.0023,2.6851,4.8243,0.3985,9.5045,49.7646,12.8026,3.8051,7.494,0.1756,1.3279,1.2779,34.5333,23.3613,4.4516,0.2456,6.4748,0.7758,1.4846
453610984,13.4182,1.6357,11.7728,87.1825,15.0461,34.1092,14.4016,0.1933,2.0372,19.4838,11.3411,0.362,0.3617,0.0003,2.3193,6.2447,0.215,1.8342,37.7416,15.3524,4.0074,9.5659,0.5537,1.2254,1.1551,18.4978,6.0601,6.6968,2.8882,2.8526,0.6379,2.8209
453611000,8.7107,1.3509,7.347,91.443,13.9426,32.0661,15.2609,0.4818,0.1121,16.8043,7.3848,0.6241,0.6213,0.0009,1.3835,6.8425,0.2506,2.3245,45.0205,26.7192,5.6627,18.7543,0.4766,1.8256,1.9046,14.0046,5.0906,6.6453,0.9168,1.3518,0.5929,3.3378
453611006,17.0522,0.8889,16.1522,82.6466,12.5109,36.7777,19.2283,0.582,2.0171,17.5482,7.2485,0.7548,0.7544,0.0004,1.4873,7.275,0.2136,2.8046,32.9782,24.1405,4.9224,18.3854,0.3558,0.4769,2.0652,6.2222,1.0043,4.8564,0.2417,0.1198,0.3379,1.9613
453612165,13.32,2.0274,11.2767,86.2122,10.7862,41.1991,22.4138,0.5015,0.552,18.7843,9.7442,0.3441,0.3438,0.0003,1.6499,7.1854,0.1265,1.6443,33.7455,23.251,5.3131,17.2256,0.262,0.4503,1.8966,6.6661,1.0913,5.3025,0.1852,0.0871,0.232,2.1804
453612170,2.3019,0.8169,1.4793,97.7514,6.3303,30.9868,15.1404,0.1484,0.2404,15.8461,9.0175,0.2246,0.2243,0.0004,1.8191,6.1222,0.1538,0.5826,60.1674,10.2282,3.4204,5.7055,0.1259,0.9764,0.9253,41.3631,25.7502,5.899,1.5215,8.1924,0.7257,5.3199
453612177,7.4473,1.4131,5.9063,91.5452,4.195,60.1059,29.2038,0.7964,0.2908,31.3189,14.4019,0.3537,0.3537,0.0,4.0802,13.2184,0.2463,3.3449,26.4868,11.3681,4.1079,6.9602,0.0463,0.2537,1.0909,12.5516,8.9308,2.267,0.0722,1.2816,0.1296,1.1779
453612178,18.511,3.6618,14.7338,81.476,9.2177,38.9221,13.169,0.3876,0.0484,25.9784,12.1217,0.4061,0.4045,0.0016,1.9693,11.9547,0.2615,1.5538,32.8817,18.5654,4.7111,13.3269,0.1477,0.3797,1.9268,9.402,2.5007,5.9687,0.3411,0.5916,0.2261,3.364
453612181,16.0798,3.0047,13.0547,83.122,11.895,39.4983,15.9355,0.6587,0.1724,23.5613,11.8945,0.9558,0.9544,0.0014,2.4532,10.4457,0.1615,1.0278,31.2629,22.6622,6.1956,15.755,0.1996,0.512,2.1803,6.008,1.1773,4.693,0.0638,0.0738,0.1634,1.1063
453612200,18.3723,3.5844,14.7718,81.7396,3.373,44.5762,17.4032,0.3031,0.0672,27.1725,10.3906,0.6393,0.6393,0.0,1.0354,11.8751,0.1234,4.7985,33.4648,23.0681,7.0071,15.3775,0.2183,0.4652,2.2519,6.7593,1.5891,5.0168,0.0765,0.0769,0.2975,2.5278
453610961,7.7431,0.2216,7.4787,92.2759,16.4027,36.8336,16.4139,0.5279,6.515,20.4182,6.552,0.6574,0.6257,0.0024,0.4095,8.963,0.506,4.3744,38.6514,17.3625,3.1423,12.8981,0.6496,0.6725,1.2203,18.146,6.4663,7.8215,0.8122,3.0459,0.3857,1.7321
453610991,9.5836,0.9479,8.3592,90.1054,19.1457,40.8838,21.4468,1.1207,1.5699,17.6505,9.3529,0.6042,0.5986,0.0056,2.7979,6.3682,0.5015,1.2832,29.8331,17.4507,3.8112,12.4161,0.4978,0.7256,1.3756,10.7098,2.2722,5.3036,1.4625,1.6717,0.3409,0.9909
453610999,8.5807,0.7431,7.8261,91.2325,19.5156,25.6083,12.087,0.7661,6.8221,13.5207,4.9407,0.7675,0.7596,0.0079,0.3385,4.636,0.2221,3.7154,45.6507,36.0826,6.0977,27.3194,1.5156,1.1498,2.2544,7.4488,1.0147,5.7219,0.493,0.2192,0.4743,1.9978
453612164,13.0012,0.6754,12.1988,86.8448,19.0571,35.3116,12.0877,0.7482,0.1275,23.3432,9.3128,0.7729,0.7682,0.0047,1.7104,8.2595,0.7218,4.9985,32.3686,23.4155,5.4511,16.3844,0.539,1.041,2.5792,6.5391,0.9228,4.9944,0.4226,0.1993,0.2968,0.9769
453612172,3.4285,0.4185,3.0023,96.2332,10.7011,24.2698,8.6136,1.0601,3.576,15.6558,6.256,0.3176,0.3166,0.001,0.227,4.1575,0.3368,4.9293,60.8319,34.6602,6.0751,26.6368,1.1758,0.7726,2.5109,22.125,13.9671,6.6426,0.2154,1.2999,0.6923,2.4853
453612175,7.8468,1.258,6.5737,92.2003,8.1835,41.6811,8.8928,0.6217,2.6164,32.9159,10.7999,0.2755,0.2751,0.0005,1.0597,13.8378,2.16,6.2581,41.8874,27.6695,5.7282,20.3535,0.6688,0.9189,2.9013,11.585,1.7959,9.0487,0.4644,0.276,0.4225,1.396
453612182,7.5412,0.5341,5.8272,92.4771,18.2035,36.5034,20.8433,0.7129,0.4495,15.6596,7.8204,0.6453,0.643,0.0022,1.7122,6.3443,0.2491,1.2466,37.3862,25.3114,6.4788,17.2034,0.6318,0.9975,3.234,9.0343,1.1655,7.2007,0.4978,0.1703,0.3773,1.4604
453612184,8.7619,0.4749,7.3819,89.6838,11.641,55.7601,18.9449,0.8709,3.5539,36.8124,13.4218,0.6567,0.6567,0.0,2.8201,14.6734,1.6608,6.867,22.0295,11.4335,3.2988,7.2068,0.2446,0.6834,0.9365,8.3841,1.8483,5.7648,0.3169,0.454,0.276,1.3306
453612191,11.9903,1.5526,10.3398,87.7662,11.0879,38.3028,12.6894,0.9143,2.4328,25.8999,9.2903,0.5373,0.5373,0.0,1.1162,11.4515,0.9529,4.2882,37.4583,28.211,5.6449,21.1263,0.7006,0.7392,2.3957,7.098,0.9366,5.7621,0.2969,0.1024,0.3206,1.0123
453610960,4.5714,0.0,4.5714,95.4286,13.1429,29.7143,10.2857,0.0,1.1429,20.5714,10.2857,0.0,0.0,0.0,1.7143,6.8571,0.0,3.4286,50.2857,32.0,4.0,25.1429,2.2857,0.5714,1.1429,11.4286,1.7143,9.7143,0.0,0.0,0.0,2.8571
453610982,19.1704,1.4821,17.6699,81.0229,15.9651,41.4381,22.5651,0.5023,2.7922,19.068,5.1817,0.6156,0.6145,0.0012,0.9551,9.3398,1.1921,3.2721,23.0921,16.9979,4.9826,11.1781,0.1979,0.6392,1.4206,4.0195,0.8889,2.9177,0.1185,0.0944,0.2837,1.1628
453610983,5.1109,3.2706,1.775,94.9601,5.2185,49.4525,24.9803,0.3919,11.4955,22.8806,8.9828,0.4073,0.4073,0.0,2.068,10.4197,0.4659,2.992,39.9702,25.2685,6.6555,17.5132,0.3977,0.7021,2.2457,12.0152,0.731,11.0595,0.1883,0.0365,0.2007,0.6243
453610990,21.8812,6.4708,14.6348,77.8834,12.1387,36.5648,16.9538,0.9527,2.8182,19.8404,5.2127,0.5343,0.5337,0.0006,0.9241,9.3354,0.8338,4.3081,28.8364,16.9574,3.7554,12.2011,0.3227,0.6781,1.4251,10.1425,3.2865,5.0166,0.898,0.9414,0.394,0.9919
453612784,23.4839,1.6026,21.863,76.4917,19.6713,36.6615,12.5443,0.4463,1.7454,24.1157,5.8701,0.7838,0.7833,0.0005,0.6069,10.4898,1.0984,6.6544,19.9789,13.4577,2.5363,10.1899,0.2348,0.4966,1.5116,5.0904,0.5276,4.1292,0.2374,0.1962,0.0066,0.8188
453612797,6.8212,0.1956,6.6182,92.975,20.1503,44.8568,25.5557,0.2736,4.0366,18.9775,6.6122,0.2779,0.2775,0.0004,0.6049,5.978,0.3421,6.0198,27.8991,17.4704,4.2279,12.5773,0.1159,0.5493,2.0663,7.3403,1.0508,6.0586,0.0763,0.1547,0.006,1.2193
453612813,5.0852,2.2581,2.7993,94.4949,7.5908,43.9978,19.7912,0.321,7.8888,24.4776,8.4443,0.589,0.5855,0.0013,1.4672,12.6668,0.4517,2.8688,42.5249,30.5535,8.443,21.5476,0.1759,0.387,3.0712,8.5059,1.1088,7.2399,0.1229,0.0343,0.2758,1.3282
453612822,15.4781,0.6033,14.8683,84.5709,12.2175,26.0401,12.9397,0.3221,3.8779,13.0993,3.1259,0.4768,0.4756,0.0011,0.2909,5.5581,0.3503,4.0128,45.8582,35.4111,8.6084,25.7879,0.3789,0.6359,3.6628,6.0865,1.0033,4.8097,0.1934,0.0801,0.0104,3.2825
453612823,25.7471,0.7364,24.991,74.0745,6.0131,38.9663,7.542,0.7174,1.7151,31.4236,5.2465,0.5565,0.5551,0.0014,1.3322,12.981,5.8262,7.2188,28.8984,20.8209,5.5753,13.0604,0.5593,1.6259,2.1795,6.8302,1.4825,4.631,0.274,0.4427,0.1138,0.7448
453610962,11.1312,1.1971,9.9224,89.0111,13.1563,45.481,23.583,0.724,4.5655,22.1193,4.9807,0.7272,0.7264,0.0008,0.907,9.7769,0.6967,6.6923,30.1815,17.0252,4.4662,11.7082,0.1798,0.6709,1.929,10.2625,1.4137,8.3992,0.2963,0.1533,0.1791,2.0126
453610973,11.2148,1.0951,10.1138,88.8332,16.7626,29.53,13.6443,0.5776,2.1977,15.885,7.3097,0.6965,0.6943,0.0022,1.5121,5.445,0.2721,2.8202,42.1878,15.7266,3.2405,11.6042,0.2578,0.624,1.4876,23.3312,10.8594,6.8701,1.1679,4.4338,0.3866,2.2398
453610981,17.5981,1.2905,16.2947,82.7554,18.0562,31.1849,12.4782,0.7357,0.6694,17.6435,6.1658,0.8988,0.8968,0.002,1.3524,7.4362,0.231,3.8021,33.1689,16.5298,3.9327,11.1479,0.3343,1.115,1.6955,14.0231,3.3698,5.7781,2.2596,2.6156,0.4974,2.0579
453611002,10.0143,0.8404,9.1656,90.1112,19.7721,30.1972,13.8329,0.6721,5.0901,16.3631,5.6135,0.9219,0.8683,0.0028,1.4042,7.4065,0.181,3.1552,39.8554,28.3898,6.6137,21.1179,0.2609,0.3972,2.4683,9.0037,1.2084,7.4793,0.2242,0.0919,0.3932,1.8489
453612792,21.1987,1.453,19.7361,78.9036,10.3867,35.3574,10.4771,0.4403,0.0795,25.062,7.0023,0.4982,0.4978,0.0004,1.5592,12.5209,0.223,5.2658,33.0006,24.1345,5.5291,17.8863,0.3231,0.3959,2.8524,6.3447,0.6821,5.253,0.3446,0.065,0.0119,1.3283
453612795,0.7505,0.5172,0.2124,99.1136,9.0716,49.1811,27.5491,0.7018,1.9608,21.9759,7.1274,0.2629,0.2629,0.0,1.0683,10.7355,1.0109,3.1249,40.3812,21.0225,3.9398,16.3661,0.2368,0.4797,2.276,16.2155,1.4279,14.6161,0.1141,0.0575,0.0662,1.6865
453612805,8.3458,0.7267,7.6072,91.4451,6.3666,53.2897,26.6353,0.7553,7.6789,27.0165,5.8168,0.4482,0.4482,0.0,1.176,10.7612,1.1904,9.2003,31.3334,16.4549,4.5942,11.2393,0.1506,0.4709,1.6816,10.9871,1.0709,9.6413,0.1661,0.1088,0.3227,2.6891
453612811,10.4986,5.8424,4.6386,89.5045,14.4815,44.6065,23.2359,0.6353,0.2793,21.3675,8.9472,0.5481,0.5474,0.0008,2.0227,11.2403,0.1944,0.9937,30.113,18.3891,6.6029,11.3667,0.1102,0.3092,2.4092,9.7711,0.9296,8.6875,0.0822,0.0718,0.1264,1.0356
453612816,1.1874,0.812,0.3591,98.6029,10.5402,42.4547,24.5554,0.701,2.3662,17.8992,5.8432,0.2413,0.2413,0.0,1.0639,9.3643,0.4491,2.0588,45.2077,24.7221,4.7937,19.1891,0.203,0.5362,2.9484,17.544,1.1893,16.0674,0.1915,0.0958,0.3821,1.9238
453610968,11.5391,1.3248,10.1968,88.4671,6.5078,55.6584,14.1999,0.8878,3.5991,41.4579,12.1153,0.8135,0.8122,0.0012,1.7674,17.2216,4.0786,7.9468,25.8246,18.7174,5.1699,13.1217,0.211,0.2148,1.4016,5.7018,1.0232,4.4557,0.181,0.0418,0.2191,0.7816
453610969,1.5487,0.6372,0.9063,98.5569,6.2391,52.3019,27.9495,0.7291,5.2931,24.0879,11.3751,0.5525,0.5492,0.0033,3.7822,11.4025,0.7271,0.5727,39.6224,28.3385,7.3441,19.8483,0.3916,0.7545,2.438,7.694,1.135,6.2847,0.1687,0.1055,0.4685,3.1202
453610974,22.7289,1.8004,20.8955,76.6972,8.8978,50.889,15.664,0.6394,0.6981,35.2244,8.4624,0.723,0.7205,0.0025,1.8054,14.2984,1.1572,11.2135,16.7026,10.2291,3.0992,6.657,0.1316,0.3412,0.7704,5.1317,0.8802,4.0119,0.1341,0.1054,0.1466,0.786
453610978,6.8601,0.4685,6.3011,92.9401,1.743,80.5417,61.2859,1.2084,3.1391,18.813,9.7629,0.1998,0.1985,0.0014,0.9478,4.3691,0.6616,4.0315,10.2814,4.4609,0.987,3.0459,0.1526,0.2754,0.4401,4.4366,2.5923,1.0558,0.1094,0.6791,0.0756,1.1314
453610979,12.7883,0.8748,11.9069,87.2527,13.9413,42.5864,15.0463,0.6623,3.4308,27.6995,7.3924,0.7144,0.7129,0.0015,0.5505,7.8497,0.98,11.4925,30.2039,21.4455,5.2198,15.5487,0.2752,0.4017,1.6276,6.811,1.1657,5.365,0.1715,0.1088,0.2504,1.2745
453610985,5.5445,1.364,4.1607,94.5438,9.7541,53.5174,28.3858,1.0342,3.3214,24.8476,12.2377,0.4642,0.462,0.0022,3.0186,9.7746,1.067,1.7866,30.7775,15.3117,3.5229,8.6484,1.3699,1.7706,0.9079,10.392,2.2092,4.1096,2.558,1.5151,0.3788,4.8037
453610988,9.7111,0.9813,8.7147,90.6151,8.2489,57.3515,24.6466,0.7429,2.2843,32.9885,11.7779,0.7088,0.7075,0.0013,2.7383,13.4052,1.3888,6.416,24.6151,14.8569,3.9463,10.5896,0.1474,0.1736,1.0606,8.0708,1.1458,6.7344,0.114,0.0766,0.302,1.0685
453610997,20.0923,1.8318,18.2017,79.3624,5.8695,60.4105,22.9664,0.6165,1.2651,28.3566,11.1473,0.5631,0.5577,0.0053,2.5196,9.5989,0.6753,7.0045,12.7083,7.5284,1.9084,5.4026,0.0891,0.1283,0.6629,4.1054,0.7733,3.2466,0.0499,0.0356,0.0517,0.5969
453610998,8.1689,0.8178,7.3467,91.4556,12.3276,43.194,16.875,1.0015,4.8588,26.1378,8.1576,0.6404,0.636,0.0006,0.6272,7.7216,1.1436,9.0647,35.2874,20.9638,4.8519,15.3898,0.2831,0.4391,1.7142,12.1376,3.9618,5.4772,0.7649,1.9337,0.2604,1.6142
453610977,14.0171,0.0687,13.9461,86.0527,11.2566,60.2671,18.7782,0.4228,2.0475,41.9478,9.132,0.5733,0.5697,0.0012,0.3698,4.5816,0.5372,27.7608,14.4194,7.6879,2.2113,5.1285,0.0626,0.2854,0.5829,5.9703,0.7046,5.0225,0.1265,0.1168,0.0903,0.3758
453610996,2.2746,0.0269,2.2478,97.7634,19.8657,49.105,8.4082,0.3271,0.5077,40.9469,6.91,0.6847,0.6013,0.0009,0.505,8.8039,0.6727,24.4084,28.6093,19.9222,4.3602,14.981,0.2307,0.3502,1.5705,6.8155,1.0016,5.6972,0.0574,0.0593,0.2427,1.1906
453611001,3.3526,0.0102,3.3412,96.7257,18.544,55.8555,13.1541,0.6731,3.4786,43.3752,9.4372,0.5316,0.5286,0.003,0.7741,7.9696,0.6122,25.3776,22.2401,16.4924,4.8165,11.1741,0.181,0.3207,1.1169,4.4629,1.1844,3.1603,0.055,0.0633,0.4103,0.7962
453612800,2.3716,0.1615,2.21,97.79,27.0508,25.8577,5.4241,0.2735,2.9901,20.4336,5.1818,0.3763,0.3708,0.0055,0.1579,4.4568,0.4185,10.4114,44.5016,25.9862,5.4094,19.1762,0.7287,0.6718,1.9512,16.8267,1.9439,14.378,0.3543,0.1505,0.6498,0.9233
453612815,2.3141,0.446,1.8644,97.6419,10.8671,41.3515,13.1586,0.6772,2.0566,28.1929,5.2778,0.3367,0.3354,0.0013,0.6282,9.8131,0.8279,11.989,45.1582,23.8134,7.47,15.4589,0.2701,0.6143,2.1948,19.4854,3.0943,15.9401,0.3304,0.1206,0.4962,1.3254
453612804,0.9091,0.0158,0.8926,99.104,13.0735,53.6218,13.3451,0.3617,3.5572,40.604,16.1101,0.3954,0.3947,0.0007,3.7855,15.5139,0.2812,8.8857,32.0704,21.0591,4.2318,13.8712,1.7982,1.158,1.7109,7.6053,0.9407,5.398,0.995,0.2716,0.0117,2.8269
453612817,0.9326,0.0207,0.9107,99.0778,11.2294,47.6418,8.4737,0.249,1.7795,39.4717,15.422,0.2587,0.2582,0.0006,3.5693,14.3738,0.3904,9.5747,39.8845,27.91,4.8336,19.2224,2.4643,1.3897,2.4792,9.2844,0.9975,6.7885,1.1965,0.3019,0.0098,2.163
453612828,0.5941,0.0294,0.5647,99.4206,4.4566,54.9636,16.4137,0.4177,2.8528,39.2489,24.206,0.7053,0.7053,0.0,3.9381,14.6651,0.2057,0.2876,39.5281,31.7169,9.1463,20.0055,1.4652,1.1,1.8263,6.9631,1.7318,4.5595,0.466,0.2057,0.0126,0.3485
453612830,1.0917,0.0728,1.0189,98.9265,7.4691,64.365,29.9036,0.3457,3.5662,35.3166,24.3086,0.4003,0.4003,0.0,3.1932,10.5531,0.2092,0.3548,26.3373,19.2868,5.9043,10.5986,1.3555,1.4283,1.956,6.0226,2.8475,2.6383,0.3275,0.2092,0.0273,0.4822
453611345,3.4974,0.0742,3.4222,96.5267,15.6982,55.9424,17.6646,0.303,8.3853,38.7212,15.4433,0.5347,0.5327,0.002,2.7891,13.4208,2.1691,8.2168,23.2689,14.7802,3.5395,7.5295,2.0166,1.6945,1.0795,6.9727,1.3875,3.7091,1.226,0.6501,0.009,0.8678
453611346,1.2959,0.039,1.2569,98.7362,9.7038,42.6288,13.4827,0.386,7.4255,29.4109,10.5579,0.3832,0.3804,0.0028,2.9276,8.9499,1.3224,9.0502,45.6637,23.8051,4.4325,10.3419,5.3187,3.7121,1.3865,19.2501,1.8226,3.3651,4.3307,9.7316,0.0209,1.4631
453611359,6.0241,0.0,4.8193,93.9759,4.8193,42.1687,7.8313,0.6024,4.8193,34.3373,12.0482,0.0,0.0,0.0,1.8072,9.0361,0.6024,12.6506,39.1566,25.3012,3.6145,15.6627,5.4217,0.6024,0.6024,11.4458,1.8072,6.0241,2.4096,1.2048,0.0,0.0
453611376,2.2008,0.0304,2.1704,97.8296,14.8207,48.6911,9.7771,0.6432,2.1789,39.1839,7.3429,0.3794,0.3781,0.0012,1.9175,8.1393,0.6797,23.5655,33.5044,19.1238,4.1499,8.5016,3.5894,2.8829,1.5102,11.7967,1.1259,3.604,3.4045,3.6623,0.0219,1.4263
453611379,2.9559,0.038,2.9152,97.0902,13.8764,57.6914,18.5123,0.3742,7.0996,39.7296,17.5699,0.7824,0.7769,0.0054,3.3233,8.8378,1.0454,12.7429,24.6125,14.8445,3.1783,5.7721,3.1498,2.7444,1.1512,8.1572,1.3003,3.5376,2.2806,1.0386,0.0068,0.8813
453612791,1.8374,0.0858,1.7516,98.184,3.875,72.0455,33.4882,0.5791,3.5747,39.2007,24.487,0.3503,0.3503,0.0,6.9565,10.2667,0.6435,4.1682,20.8837,13.677,4.0967,5.0976,1.4013,3.0814,1.58,5.7839,0.8937,3.4675,1.0581,0.3646,0.0,1.0295
453612801,0.8203,0.0656,0.7532,99.2065,4.0092,47.0617,16.6378,0.519,11.95,30.6372,14.854,0.3043,0.3043,0.0,4.3567,12.041,0.959,3.2411,47.3198,31.3755,8.0542,15.7056,4.7937,2.8219,1.9554,13.1566,2.7429,6.6894,2.2835,1.4408,0.0328,1.9255
453612812,0.7596,0.0356,0.724,99.2695,4.6609,50.8727,18.4304,0.4331,10.6794,32.7494,17.7452,0.2586,0.2586,0.0,6.5098,9.2831,1.3608,4.9034,42.9213,21.2005,5.0326,9.7227,3.8108,2.6343,1.2444,19.4777,4.7999,4.3636,2.5955,7.7187,0.0259,1.5159
453612827,1.2392,0.0354,1.2037,98.7837,9.7066,45.7092,12.2272,0.607,2.4909,33.7323,11.8271,0.2526,0.2504,0.0023,2.8876,7.6317,0.591,14.1626,42.6272,21.9749,5.278,11.3527,3.1071,2.2372,2.1057,17.7247,3.6627,4.8813,2.236,6.9447,0.0286,1.7868
